/*------------------------------------------------------------------------*/
/* Unicode handling functions for FatFs R0.13+                            */
/*------------------------------------------------------------------------*/
/* This module will occupy a huge memory in the .const section when the    /
/  FatFs is configured for LFN with DBCS. If the system has any Unicode    /
/  utilitiy for the code conversion, this module should be modified to use /
/  that function to avoid silly memory consumption.                        /
/-------------------------------------------------------------------------*/
/*
/ Copyright (C) 2014, ChaN, all right reserved.
/
/ FatFs module is an open source software. Redistribution and use of FatFs in
/ source and binary forms, with or without modification, are permitted provided
/ that the following condition is met:
/
/ 1. Redistributions of source code must retain the above copyright notice,
/    this condition and the following disclaimer.
/
/ This software is provided by the copyright holder and contributors "AS IS"
/ and any warranties related to this software are DISCLAIMED.
/ The copyright owner or contributors be NOT LIABLE for any damages caused
/ by use of this software.
*/


#include "ff.h"

#if FF_USE_LFN	/* This module will be blanked if non-LFN configuration */

#define MERGE2(a, b) a ## b
#define CVTBL(tbl, cp) MERGE2(tbl, cp)


/*------------------------------------------------------------------------*/
/* Code Conversion Tables                                                 */
/*------------------------------------------------------------------------*/

#if FF_CODE_PAGE == 932 || FF_CODE_PAGE == 0	/* Japanese */
static const WCHAR uni2oem932[] = {	/* Unicode --> Shift_JIS pairs */
	0x00A7, 0x8198, 0x00A8, 0x814E, 0x00B0, 0x818B, 0x00B1, 0x817D,	0x00B4, 0x814C, 0x00B6, 0x81F7, 0x00D7, 0x817E, 0x00F7, 0x8180,
	0x0391, 0x839F, 0x0392, 0x83A0, 0x0393, 0x83A1, 0x0394, 0x83A2,	0x0395, 0x83A3, 0x0396, 0x83A4, 0x0397, 0x83A5, 0x0398, 0x83A6,
	0x0399, 0x83A7, 0x039A, 0x83A8, 0x039B, 0x83A9, 0x039C, 0x83AA,	0x039D, 0x83AB, 0x039E, 0x83AC, 0x039F, 0x83AD, 0x03A0, 0x83AE,
	0x03A1, 0x83AF, 0x03A3, 0x83B0, 0x03A4, 0x83B1, 0x03A5, 0x83B2,	0x03A6, 0x83B3, 0x03A7, 0x83B4, 0x03A8, 0x83B5, 0x03A9, 0x83B6,
	0x03B1, 0x83BF, 0x03B2, 0x83C0, 0x03B3, 0x83C1, 0x03B4, 0x83C2,	0x03B5, 0x83C3, 0x03B6, 0x83C4, 0x03B7, 0x83C5, 0x03B8, 0x83C6,
	0x03B9, 0x83C7, 0x03BA, 0x83C8, 0x03BB, 0x83C9, 0x03BC, 0x83CA,	0x03BD, 0x83CB, 0x03BE, 0x83CC, 0x03BF, 0x83CD, 0x03C0, 0x83CE,
	0x03C1, 0x83CF, 0x03C3, 0x83D0, 0x03C4, 0x83D1, 0x03C5, 0x83D2,	0x03C6, 0x83D3, 0x03C7, 0x83D4, 0x03C8, 0x83D5, 0x03C9, 0x83D6,
	0x0401, 0x8446, 0x0410, 0x8440, 0x0411, 0x8441, 0x0412, 0x8442,	0x0413, 0x8443, 0x0414, 0x8444, 0x0415, 0x8445, 0x0416, 0x8447,
	0x0417, 0x8448, 0x0418, 0x8449, 0x0419, 0x844A, 0x041A, 0x844B,	0x041B, 0x844C, 0x041C, 0x844D, 0x041D, 0x844E, 0x041E, 0x844F,
	0x041F, 0x8450, 0x0420, 0x8451, 0x0421, 0x8452, 0x0422, 0x8453,	0x0423, 0x8454, 0x0424, 0x8455, 0x0425, 0x8456, 0x0426, 0x8457,
	0x0427, 0x8458, 0x0428, 0x8459, 0x0429, 0x845A, 0x042A, 0x845B,	0x042B, 0x845C, 0x042C, 0x845D, 0x042D, 0x845E, 0x042E, 0x845F,
	0x042F, 0x8460, 0x0430, 0x8470, 0x0431, 0x8471, 0x0432, 0x8472,	0x0433, 0x8473, 0x0434, 0x8474, 0x0435, 0x8475, 0x0436, 0x8477,
	0x0437, 0x8478, 0x0438, 0x8479, 0x0439, 0x847A, 0x043A, 0x847B,	0x043B, 0x847C, 0x043C, 0x847D, 0x043D, 0x847E, 0x043E, 0x8480,
	0x043F, 0x8481, 0x0440, 0x8482, 0x0441, 0x8483, 0x0442, 0x8484,	0x0443, 0x8485, 0x0444, 0x8486, 0x0445, 0x8487, 0x0446, 0x8488,
	0x0447, 0x8489, 0x0448, 0x848A, 0x0449, 0x848B, 0x044A, 0x848C,	0x044B, 0x848D, 0x044C, 0x848E, 0x044D, 0x848F, 0x044E, 0x8490,
	0x044F, 0x8491, 0x0451, 0x8476, 0x2010, 0x815D, 0x2015, 0x815C,	0x2018, 0x8165, 0x2019, 0x8166, 0x201C, 0x8167, 0x201D, 0x8168,
	0x2020, 0x81F5, 0x2021, 0x81F6, 0x2025, 0x8164, 0x2026, 0x8163,	0x2030, 0x81F1, 0x2032, 0x818C, 0x2033, 0x818D, 0x203B, 0x81A6,
	0x2103, 0x818E, 0x2116, 0x8782, 0x2121, 0x8784, 0x212B, 0x81F0,	0x2160, 0x8754, 0x2161, 0x8755, 0x2162, 0x8756, 0x2163, 0x8757,
	0x2164, 0x8758, 0x2165, 0x8759, 0x2166, 0x875A, 0x2167, 0x875B,	0x2168, 0x875C, 0x2169, 0x875D, 0x2170, 0xFA40, 0x2171, 0xFA41,
	0x2172, 0xFA42, 0x2173, 0xFA43, 0x2174, 0xFA44, 0x2175, 0xFA45,	0x2176, 0xFA46, 0x2177, 0xFA47, 0x2178, 0xFA48, 0x2179, 0xFA49,
	0x2190, 0x81A9, 0x2191, 0x81AA, 0x2192, 0x81A8, 0x2193, 0x81AB,	0x21D2, 0x81CB, 0x21D4, 0x81CC, 0x2200, 0x81CD, 0x2202, 0x81DD,
	0x2203, 0x81CE, 0x2207, 0x81DE, 0x2208, 0x81B8, 0x220B, 0x81B9,	0x2211, 0x8794, 0x221A, 0x81E3, 0x221D, 0x81E5, 0x221E, 0x8187,
	0x221F, 0x8798, 0x2220, 0x81DA, 0x2225, 0x8161, 0x2227, 0x81C8,	0x2228, 0x81C9, 0x2229, 0x81BF, 0x222A, 0x81BE, 0x222B, 0x81E7,
	0x222C, 0x81E8, 0x222E, 0x8793, 0x2234, 0x8188, 0x2235, 0x81E6,	0x223D, 0x81E4, 0x2252, 0x81E0, 0x2260, 0x8182, 0x2261, 0x81DF,
	0x2266, 0x8185, 0x2267, 0x8186, 0x226A, 0x81E1, 0x226B, 0x81E2,	0x2282, 0x81BC, 0x2283, 0x81BD, 0x2286, 0x81BA, 0x2287, 0x81BB,
	0x22A5, 0x81DB, 0x22BF, 0x8799, 0x2312, 0x81DC, 0x2460, 0x8740,	0x2461, 0x8741, 0x2462, 0x8742, 0x2463, 0x8743, 0x2464, 0x8744,
	0x2465, 0x8745, 0x2466, 0x8746, 0x2467, 0x8747, 0x2468, 0x8748,	0x2469, 0x8749, 0x246A, 0x874A, 0x246B, 0x874B, 0x246C, 0x874C,
	0x246D, 0x874D, 0x246E, 0x874E, 0x246F, 0x874F, 0x2470, 0x8750,	0x2471, 0x8751, 0x2472, 0x8752, 0x2473, 0x8753, 0x2500, 0x849F,
	0x2501, 0x84AA, 0x2502, 0x84A0, 0x2503, 0x84AB, 0x250C, 0x84A1,	0x250F, 0x84AC, 0x2510, 0x84A2, 0x2513, 0x84AD, 0x2514, 0x84A4,
	0x2517, 0x84AF, 0x2518, 0x84A3, 0x251B, 0x84AE, 0x251C, 0x84A5,	0x251D, 0x84BA, 0x2520, 0x84B5, 0x2523, 0x84B0, 0x2524, 0x84A7,
	0x2525, 0x84BC, 0x2528, 0x84B7, 0x252B, 0x84B2, 0x252C, 0x84A6,	0x252F, 0x84B6, 0x2530, 0x84BB, 0x2533, 0x84B1, 0x2534, 0x84A8,
	0x2537, 0x84B8, 0x2538, 0x84BD, 0x253B, 0x84B3, 0x253C, 0x84A9,	0x253F, 0x84B9, 0x2542, 0x84BE, 0x254B, 0x84B4, 0x25A0, 0x81A1,
	0x25A1, 0x81A0, 0x25B2, 0x81A3, 0x25B3, 0x81A2, 0x25BC, 0x81A5,	0x25BD, 0x81A4, 0x25C6, 0x819F, 0x25C7, 0x819E, 0x25CB, 0x819B,
	0x25CE, 0x819D, 0x25CF, 0x819C, 0x25EF, 0x81FC, 0x2605, 0x819A,	0x2606, 0x8199, 0x2640, 0x818A, 0x2642, 0x8189, 0x266A, 0x81F4,
	0x266D, 0x81F3, 0x266F, 0x81F2, 0x3000, 0x8140, 0x3001, 0x8141,	0x3002, 0x8142, 0x3003, 0x8156, 0x3005, 0x8158, 0x3006, 0x8159,
	0x3007, 0x815A, 0x3008, 0x8171, 0x3009, 0x8172, 0x300A, 0x8173,	0x300B, 0x8174, 0x300C, 0x8175, 0x300D, 0x8176, 0x300E, 0x8177,
	0x300F, 0x8178, 0x3010, 0x8179, 0x3011, 0x817A, 0x3012, 0x81A7,	0x3013, 0x81AC, 0x3014, 0x816B, 0x3015, 0x816C, 0x301D, 0x8780,
	0x301F, 0x8781, 0x3041, 0x829F, 0x3042, 0x82A0, 0x3043, 0x82A1,	0x3044, 0x82A2, 0x3045, 0x82A3, 0x3046, 0x82A4, 0x3047, 0x82A5,
	0x3048, 0x82A6, 0x3049, 0x82A7, 0x304A, 0x82A8, 0x304B, 0x82A9,	0x304C, 0x82AA, 0x304D, 0x82AB, 0x304E, 0x82AC, 0x304F, 0x82AD,
	0x3050, 0x82AE, 0x3051, 0x82AF, 0x3052, 0x82B0, 0x3053, 0x82B1,	0x3054, 0x82B2, 0x3055, 0x82B3, 0x3056, 0x82B4, 0x3057, 0x82B5,
	0x3058, 0x82B6, 0x3059, 0x82B7, 0x305A, 0x82B8, 0x305B, 0x82B9,	0x305C, 0x82BA, 0x305D, 0x82BB, 0x305E, 0x82BC, 0x305F, 0x82BD,
	0x3060, 0x82BE, 0x3061, 0x82BF, 0x3062, 0x82C0, 0x3063, 0x82C1,	0x3064, 0x82C2, 0x3065, 0x82C3, 0x3066, 0x82C4, 0x3067, 0x82C5,
	0x3068, 0x82C6, 0x3069, 0x82C7, 0x306A, 0x82C8, 0x306B, 0x82C9,	0x306C, 0x82CA, 0x306D, 0x82CB, 0x306E, 0x82CC, 0x306F, 0x82CD,
	0x3070, 0x82CE, 0x3071, 0x82CF, 0x3072, 0x82D0, 0x3073, 0x82D1,	0x3074, 0x82D2, 0x3075, 0x82D3, 0x3076, 0x82D4, 0x3077, 0x82D5,
	0x3078, 0x82D6, 0x3079, 0x82D7, 0x307A, 0x82D8, 0x307B, 0x82D9,	0x307C, 0x82DA, 0x307D, 0x82DB, 0x307E, 0x82DC, 0x307F, 0x82DD,
	0x3080, 0x82DE, 0x3081, 0x82DF, 0x3082, 0x82E0, 0x3083, 0x82E1,	0x3084, 0x82E2, 0x3085, 0x82E3, 0x3086, 0x82E4, 0x3087, 0x82E5,
	0x3088, 0x82E6, 0x3089, 0x82E7, 0x308A, 0x82E8, 0x308B, 0x82E9,	0x308C, 0x82EA, 0x308D, 0x82EB, 0x308E, 0x82EC, 0x308F, 0x82ED,
	0x3090, 0x82EE, 0x3091, 0x82EF, 0x3092, 0x82F0, 0x3093, 0x82F1,	0x309B, 0x814A, 0x309C, 0x814B, 0x309D, 0x8154, 0x309E, 0x8155,
	0x30A1, 0x8340, 0x30A2, 0x8341, 0x30A3, 0x8342, 0x30A4, 0x8343,	0x30A5, 0x8344, 0x30A6, 0x8345, 0x30A7, 0x8346, 0x30A8, 0x8347,
	0x30A9, 0x8348, 0x30AA, 0x8349, 0x30AB, 0x834A, 0x30AC, 0x834B,	0x30AD, 0x834C, 0x30AE, 0x834D, 0x30AF, 0x834E, 0x30B0, 0x834F,
	0x30B1, 0x8350, 0x30B2, 0x8351, 0x30B3, 0x8352, 0x30B4, 0x8353,	0x30B5, 0x8354, 0x30B6, 0x8355, 0x30B7, 0x8356, 0x30B8, 0x8357,
	0x30B9, 0x8358, 0x30BA, 0x8359, 0x30BB, 0x835A, 0x30BC, 0x835B,	0x30BD, 0x835C, 0x30BE, 0x835D, 0x30BF, 0x835E, 0x30C0, 0x835F,
	0x30C1, 0x8360, 0x30C2, 0x8361, 0x30C3, 0x8362, 0x30C4, 0x8363,	0x30C5, 0x8364, 0x30C6, 0x8365, 0x30C7, 0x8366, 0x30C8, 0x8367,
	0x30C9, 0x8368, 0x30CA, 0x8369, 0x30CB, 0x836A, 0x30CC, 0x836B,	0x30CD, 0x836C, 0x30CE, 0x836D, 0x30CF, 0x836E, 0x30D0, 0x836F,
	0x30D1, 0x8370, 0x30D2, 0x8371, 0x30D3, 0x8372, 0x30D4, 0x8373,	0x30D5, 0x8374, 0x30D6, 0x8375, 0x30D7, 0x8376, 0x30D8, 0x8377,
	0x30D9, 0x8378, 0x30DA, 0x8379, 0x30DB, 0x837A, 0x30DC, 0x837B,	0x30DD, 0x837C, 0x30DE, 0x837D, 0x30DF, 0x837E, 0x30E0, 0x8380,
	0x30E1, 0x8381, 0x30E2, 0x8382, 0x30E3, 0x8383, 0x30E4, 0x8384,	0x30E5, 0x8385, 0x30E6, 0x8386, 0x30E7, 0x8387, 0x30E8, 0x8388,
	0x30E9, 0x8389, 0x30EA, 0x838A, 0x30EB, 0x838B, 0x30EC, 0x838C,	0x30ED, 0x838D, 0x30EE, 0x838E, 0x30EF, 0x838F, 0x30F0, 0x8390,
	0x30F1, 0x8391, 0x30F2, 0x8392, 0x30F3, 0x8393, 0x30F4, 0x8394,	0x30F5, 0x8395, 0x30F6, 0x8396, 0x30FB, 0x8145, 0x30FC, 0x815B,
	0x30FD, 0x8152, 0x30FE, 0x8153, 0x3231, 0x878A, 0x3232, 0x878B,	0x3239, 0x878C, 0x32A4, 0x8785, 0x32A5, 0x8786, 0x32A6, 0x8787,
	0x32A7, 0x8788, 0x32A8, 0x8789, 0x3303, 0x8765, 0x330D, 0x8769,	0x3314, 0x8760, 0x3318, 0x8763, 0x3322, 0x8761, 0x3323, 0x876B,
	0x3326, 0x876A, 0x3327, 0x8764, 0x332B, 0x876C, 0x3336, 0x8766,	0x333B, 0x876E, 0x3349, 0x875F, 0x334A, 0x876D, 0x334D, 0x8762,
	0x3351, 0x8767, 0x3357, 0x8768, 0x337B, 0x877E, 0x337C, 0x878F,	0x337D, 0x878E, 0x337E, 0x878D, 0x338E, 0x8772, 0x338F, 0x8773,
	0x339C, 0x876F, 0x339D, 0x8770, 0x339E, 0x8771, 0x33A1, 0x8775,	0x33C4, 0x8774, 0x33CD, 0x8783, 0x4E00, 0x88EA, 0x4E01, 0x929A,
	0x4E03, 0x8EB5, 0x4E07, 0x969C, 0x4E08, 0x8FE4, 0x4E09, 0x8E4F,	0x4E0A, 0x8FE3, 0x4E0B, 0x89BA, 0x4E0D, 0x9573, 0x4E0E, 0x975E,
	0x4E10, 0x98A0, 0x4E11, 0x894E, 0x4E14, 0x8A8E, 0x4E15, 0x98A1,	0x4E16, 0x90A2, 0x4E17, 0x99C0, 0x4E18, 0x8B75, 0x4E19, 0x95B8,
	0x4E1E, 0x8FE5, 0x4E21, 0x97BC, 0x4E26, 0x95C0, 0x4E28, 0xFA68,	0x4E2A, 0x98A2, 0x4E2D, 0x9286, 0x4E31, 0x98A3, 0x4E32, 0x8BF8,
	0x4E36, 0x98A4, 0x4E38, 0x8ADB, 0x4E39, 0x924F, 0x4E3B, 0x8EE5,	0x4E3C, 0x98A5, 0x4E3F, 0x98A6, 0x4E42, 0x98A7, 0x4E43, 0x9454,
	0x4E45, 0x8B76, 0x4E4B, 0x9456, 0x4E4D, 0x93E1, 0x4E4E, 0x8CC1,	0x4E4F, 0x9652, 0x4E55, 0xE568, 0x4E56, 0x98A8, 0x4E57, 0x8FE6,
	0x4E58, 0x98A9, 0x4E59, 0x89B3, 0x4E5D, 0x8BE3, 0x4E5E, 0x8CEE,	0x4E5F, 0x96E7, 0x4E62, 0x9BA4, 0x4E71, 0x9790, 0x4E73, 0x93FB,
	0x4E7E, 0x8AA3, 0x4E80, 0x8B54, 0x4E82, 0x98AA, 0x4E85, 0x98AB,	0x4E86, 0x97B9, 0x4E88, 0x975C, 0x4E89, 0x9188, 0x4E8A, 0x98AD,
	0x4E8B, 0x8E96, 0x4E8C, 0x93F1, 0x4E8E, 0x98B0, 0x4E91, 0x895D,	0x4E92, 0x8CDD, 0x4E94, 0x8CDC, 0x4E95, 0x88E4, 0x4E98, 0x986A,
	0x4E99, 0x9869, 0x4E9B, 0x8DB1, 0x4E9C, 0x889F, 0x4E9E, 0x98B1,	0x4E9F, 0x98B2, 0x4EA0, 0x98B3, 0x4EA1, 0x9653, 0x4EA2, 0x98B4,
	0x4EA4, 0x8CF0, 0x4EA5, 0x88E5, 0x4EA6, 0x9692, 0x4EA8, 0x8B9C,	0x4EAB, 0x8B9D, 0x4EAC, 0x8B9E, 0x4EAD, 0x92E0, 0x4EAE, 0x97BA,
	0x4EB0, 0x98B5, 0x4EB3, 0x98B6, 0x4EB6, 0x98B7, 0x4EBA, 0x906C,	0x4EC0, 0x8F59, 0x4EC1, 0x906D, 0x4EC2, 0x98BC, 0x4EC4, 0x98BA,
	0x4EC6, 0x98BB, 0x4EC7, 0x8B77, 0x4ECA, 0x8DA1, 0x4ECB, 0x89EE,	0x4ECD, 0x98B9, 0x4ECE, 0x98B8, 0x4ECF, 0x95A7, 0x4ED4, 0x8E65,
	0x4ED5, 0x8E64, 0x4ED6, 0x91BC, 0x4ED7, 0x98BD, 0x4ED8, 0x9574,	0x4ED9, 0x90E5, 0x4EDD, 0x8157, 0x4EDE, 0x98BE, 0x4EDF, 0x98C0,
	0x4EE1, 0xFA69, 0x4EE3, 0x91E3, 0x4EE4, 0x97DF, 0x4EE5, 0x88C8,	0x4EED, 0x98BF, 0x4EEE, 0x89BC, 0x4EF0, 0x8BC2, 0x4EF2, 0x9287,
	0x4EF6, 0x8C8F, 0x4EF7, 0x98C1, 0x4EFB, 0x9443, 0x4EFC, 0xFA6A,	0x4F00, 0xFA6B, 0x4F01, 0x8AE9, 0x4F03, 0xFA6C, 0x4F09, 0x98C2,
	0x4F0A, 0x88C9, 0x4F0D, 0x8CDE, 0x4F0E, 0x8AEA, 0x4F0F, 0x959A,	0x4F10, 0x94B0, 0x4F11, 0x8B78, 0x4F1A, 0x89EF, 0x4F1C, 0x98E5,
	0x4F1D, 0x9360, 0x4F2F, 0x948C, 0x4F30, 0x98C4, 0x4F34, 0x94BA,	0x4F36, 0x97E0, 0x4F38, 0x904C, 0x4F39, 0xFA6D, 0x4F3A, 0x8E66,
	0x4F3C, 0x8E97, 0x4F3D, 0x89BE, 0x4F43, 0x92CF, 0x4F46, 0x9241,	0x4F47, 0x98C8, 0x4F4D, 0x88CA, 0x4F4E, 0x92E1, 0x4F4F, 0x8F5A,
	0x4F50, 0x8DB2, 0x4F51, 0x9743, 0x4F53, 0x91CC, 0x4F55, 0x89BD,	0x4F56, 0xFA6E, 0x4F57, 0x98C7, 0x4F59, 0x975D, 0x4F5A, 0x98C3,
	0x4F5B, 0x98C5, 0x4F5C, 0x8DEC, 0x4F5D, 0x98C6, 0x4F5E, 0x9B43,	0x4F69, 0x98CE, 0x4F6F, 0x98D1, 0x4F70, 0x98CF, 0x4F73, 0x89C0,
	0x4F75, 0x95B9, 0x4F76, 0x98C9, 0x4F7B, 0x98CD, 0x4F7C, 0x8CF1,	0x4F7F, 0x8E67, 0x4F83, 0x8AA4, 0x4F86, 0x98D2, 0x4F88, 0x98CA,
	0x4F8A, 0xFA70, 0x4F8B, 0x97E1, 0x4F8D, 0x8E98, 0x4F8F, 0x98CB,	0x4F91, 0x98D0, 0x4F92, 0xFA6F, 0x4F94, 0xFA72, 0x4F96, 0x98D3,
	0x4F98, 0x98CC, 0x4F9A, 0xFA71, 0x4F9B, 0x8B9F, 0x4F9D, 0x88CB,	0x4FA0, 0x8BA0, 0x4FA1, 0x89BF, 0x4FAB, 0x9B44, 0x4FAD, 0x9699,
	0x4FAE, 0x958E, 0x4FAF, 0x8CF2, 0x4FB5, 0x904E, 0x4FB6, 0x97B5,	0x4FBF, 0x95D6, 0x4FC2, 0x8C57, 0x4FC3, 0x91A3, 0x4FC4, 0x89E2,
	0x4FC9, 0xFA61, 0x4FCA, 0x8F72, 0x4FCD, 0xFA73, 0x4FCE, 0x98D7,	0x4FD0, 0x98DC, 0x4FD1, 0x98DA, 0x4FD4, 0x98D5, 0x4FD7, 0x91AD,
	0x4FD8, 0x98D8, 0x4FDA, 0x98DB, 0x4FDB, 0x98D9, 0x4FDD, 0x95DB,	0x4FDF, 0x98D6, 0x4FE1, 0x904D, 0x4FE3, 0x9693, 0x4FE4, 0x98DD,
	0x4FE5, 0x98DE, 0x4FEE, 0x8F43, 0x4FEF, 0x98EB, 0x4FF3, 0x946F,	0x4FF5, 0x9555, 0x4FF6, 0x98E6, 0x4FF8, 0x95EE, 0x4FFA, 0x89B4,
	0x4FFE, 0x98EA, 0x4FFF, 0xFA76, 0x5005, 0x98E4, 0x5006, 0x98ED,	0x5009, 0x9171, 0x500B, 0x8CC2, 0x500D, 0x947B, 0x500F, 0xE0C5,
	0x5011, 0x98EC, 0x5012, 0x937C, 0x5014, 0x98E1, 0x5016, 0x8CF4,	0x5019, 0x8CF3, 0x501A, 0x98DF, 0x501E, 0xFA77, 0x501F, 0x8ED8,
	0x5021, 0x98E7, 0x5022, 0xFA75, 0x5023, 0x95ED, 0x5024, 0x926C,	0x5025, 0x98E3, 0x5026, 0x8C91, 0x5028, 0x98E0, 0x5029, 0x98E8,
	0x502A, 0x98E2, 0x502B, 0x97CF, 0x502C, 0x98E9, 0x502D, 0x9860,	0x5036, 0x8BE4, 0x5039, 0x8C90, 0x5040, 0xFA74, 0x5042, 0xFA7A,
	0x5043, 0x98EE, 0x5046, 0xFA78, 0x5047, 0x98EF, 0x5048, 0x98F3,	0x5049, 0x88CC, 0x504F, 0x95CE, 0x5050, 0x98F2, 0x5055, 0x98F1,
	0x5056, 0x98F5, 0x505A, 0x98F4, 0x505C, 0x92E2, 0x5065, 0x8C92,	0x506C, 0x98F6, 0x5070, 0xFA79, 0x5072, 0x8EC3, 0x5074, 0x91A4,
	0x5075, 0x92E3, 0x5076, 0x8BF4, 0x5078, 0x98F7, 0x507D, 0x8B55,	0x5080, 0x98F8, 0x5085, 0x98FA, 0x508D, 0x9654, 0x5091, 0x8C86,
	0x5094, 0xFA7B, 0x5098, 0x8E50, 0x5099, 0x94F5, 0x509A, 0x98F9,	0x50AC, 0x8DC3, 0x50AD, 0x9762, 0x50B2, 0x98FC, 0x50B3, 0x9942,
	0x50B4, 0x98FB, 0x50B5, 0x8DC2, 0x50B7, 0x8F9D, 0x50BE, 0x8C58,	0x50C2, 0x9943, 0x50C5, 0x8BCD, 0x50C9, 0x9940, 0x50CA, 0x9941,
	0x50CD, 0x93AD, 0x50CF, 0x919C, 0x50D1, 0x8BA1, 0x50D5, 0x966C,	0x50D6, 0x9944, 0x50D8, 0xFA7D, 0x50DA, 0x97BB, 0x50DE, 0x9945,
	0x50E3, 0x9948, 0x50E5, 0x9946, 0x50E7, 0x916D, 0x50ED, 0x9947,	0x50EE, 0x9949, 0x50F4, 0xFA7C, 0x50F5, 0x994B, 0x50F9, 0x994A,
	0x50FB, 0x95C6, 0x5100, 0x8B56, 0x5101, 0x994D, 0x5102, 0x994E,	0x5104, 0x89AD, 0x5109, 0x994C, 0x5112, 0x8EF2, 0x5114, 0x9951,
	0x5115, 0x9950, 0x5116, 0x994F, 0x5118, 0x98D4, 0x511A, 0x9952,	0x511F, 0x8F9E, 0x5121, 0x9953, 0x512A, 0x9744, 0x5132, 0x96D7,
	0x5137, 0x9955, 0x513A, 0x9954, 0x513B, 0x9957, 0x513C, 0x9956,	0x513F, 0x9958, 0x5140, 0x9959, 0x5141, 0x88F2, 0x5143, 0x8CB3,
	0x5144, 0x8C5A, 0x5145, 0x8F5B, 0x5146, 0x929B, 0x5147, 0x8BA2,	0x5148, 0x90E6, 0x5149, 0x8CF5, 0x514A, 0xFA7E, 0x514B, 0x8D8E,
	0x514C, 0x995B, 0x514D, 0x96C6, 0x514E, 0x9365, 0x5150, 0x8E99,	0x5152, 0x995A, 0x5154, 0x995C, 0x515A, 0x937D, 0x515C, 0x8A95,
	0x5162, 0x995D, 0x5164, 0xFA80, 0x5165, 0x93FC, 0x5168, 0x9153,	0x5169, 0x995F, 0x516A, 0x9960, 0x516B, 0x94AA, 0x516C, 0x8CF6,
	0x516D, 0x985A, 0x516E, 0x9961, 0x5171, 0x8BA4, 0x5175, 0x95BA,	0x5176, 0x91B4, 0x5177, 0x8BEF, 0x5178, 0x9354, 0x517C, 0x8C93,
	0x5180, 0x9962, 0x5182, 0x9963, 0x5185, 0x93E0, 0x5186, 0x897E,	0x5189, 0x9966, 0x518A, 0x8DFB, 0x518C, 0x9965, 0x518D, 0x8DC4,
	0x518F, 0x9967, 0x5190, 0xE3EC, 0x5191, 0x9968, 0x5192, 0x9660,	0x5193, 0x9969, 0x5195, 0x996A, 0x5196, 0x996B, 0x5197, 0x8FE7,
	0x5199, 0x8ECA, 0x519D, 0xFA81, 0x51A0, 0x8AA5, 0x51A2, 0x996E,	0x51A4, 0x996C, 0x51A5, 0x96BB, 0x51A6, 0x996D, 0x51A8, 0x9579,
	0x51A9, 0x996F, 0x51AA, 0x9970, 0x51AB, 0x9971, 0x51AC, 0x937E,	0x51B0, 0x9975, 0x51B1, 0x9973, 0x51B2, 0x9974, 0x51B3, 0x9972,
	0x51B4, 0x8DE1, 0x51B5, 0x9976, 0x51B6, 0x96E8, 0x51B7, 0x97E2,	0x51BD, 0x9977, 0x51BE, 0xFA82, 0x51C4, 0x90A6, 0x51C5, 0x9978,
	0x51C6, 0x8F79, 0x51C9, 0x9979, 0x51CB, 0x929C, 0x51CC, 0x97BD,	0x51CD, 0x9380, 0x51D6, 0x99C3, 0x51DB, 0x997A, 0x51DC, 0xEAA3,
	0x51DD, 0x8BC3, 0x51E0, 0x997B, 0x51E1, 0x967D, 0x51E6, 0x8F88,	0x51E7, 0x91FA, 0x51E9, 0x997D, 0x51EA, 0x93E2, 0x51EC, 0xFA83,
	0x51ED, 0x997E, 0x51F0, 0x9980, 0x51F1, 0x8A4D, 0x51F5, 0x9981,	0x51F6, 0x8BA5, 0x51F8, 0x93CA, 0x51F9, 0x899A, 0x51FA, 0x8F6F,
	0x51FD, 0x949F, 0x51FE, 0x9982, 0x5200, 0x9381, 0x5203, 0x906E,	0x5204, 0x9983, 0x5206, 0x95AA, 0x5207, 0x90D8, 0x5208, 0x8AA0,
	0x520A, 0x8AA7, 0x520B, 0x9984, 0x520E, 0x9986, 0x5211, 0x8C59,	0x5214, 0x9985, 0x5215, 0xFA84, 0x5217, 0x97F1, 0x521D, 0x8F89,
	0x5224, 0x94BB, 0x5225, 0x95CA, 0x5227, 0x9987, 0x5229, 0x9798,	0x522A, 0x9988, 0x522E, 0x9989, 0x5230, 0x939E, 0x5233, 0x998A,
	0x5236, 0x90A7, 0x5237, 0x8DFC, 0x5238, 0x8C94, 0x5239, 0x998B,	0x523A, 0x8E68, 0x523B, 0x8D8F, 0x5243, 0x92E4, 0x5244, 0x998D,
	0x5247, 0x91A5, 0x524A, 0x8DED, 0x524B, 0x998E, 0x524C, 0x998F,	0x524D, 0x914F, 0x524F, 0x998C, 0x5254, 0x9991, 0x5256, 0x9655,
	0x525B, 0x8D84, 0x525E, 0x9990, 0x5263, 0x8C95, 0x5264, 0x8DDC,	0x5265, 0x948D, 0x5269, 0x9994, 0x526A, 0x9992, 0x526F, 0x959B,
	0x5270, 0x8FE8, 0x5271, 0x999B, 0x5272, 0x8A84, 0x5273, 0x9995,	0x5274, 0x9993, 0x5275, 0x916E, 0x527D, 0x9997, 0x527F, 0x9996,
	0x5283, 0x8A63, 0x5287, 0x8C80, 0x5288, 0x999C, 0x5289, 0x97AB,	0x528D, 0x9998, 0x5291, 0x999D, 0x5292, 0x999A, 0x5294, 0x9999,
	0x529B, 0x97CD, 0x529C, 0xFA85, 0x529F, 0x8CF7, 0x52A0, 0x89C1,	0x52A3, 0x97F2, 0x52A6, 0xFA86, 0x52A9, 0x8F95, 0x52AA, 0x9377,
	0x52AB, 0x8D85, 0x52AC, 0x99A0, 0x52AD, 0x99A1, 0x52AF, 0xFB77,	0x52B1, 0x97E3, 0x52B4, 0x984A, 0x52B5, 0x99A3, 0x52B9, 0x8CF8,
	0x52BC, 0x99A2, 0x52BE, 0x8A4E, 0x52C0, 0xFA87, 0x52C1, 0x99A4,	0x52C3, 0x9675, 0x52C5, 0x92BA, 0x52C7, 0x9745, 0x52C9, 0x95D7,
	0x52CD, 0x99A5, 0x52D2, 0xE8D3, 0x52D5, 0x93AE, 0x52D7, 0x99A6,	0x52D8, 0x8AA8, 0x52D9, 0x96B1, 0x52DB, 0xFA88, 0x52DD, 0x8F9F,
	0x52DE, 0x99A7, 0x52DF, 0x95E5, 0x52E0, 0x99AB, 0x52E2, 0x90A8,	0x52E3, 0x99A8, 0x52E4, 0x8BCE, 0x52E6, 0x99A9, 0x52E7, 0x8AA9,
	0x52F2, 0x8C4D, 0x52F3, 0x99AC, 0x52F5, 0x99AD, 0x52F8, 0x99AE,	0x52F9, 0x99AF, 0x52FA, 0x8ED9, 0x52FE, 0x8CF9, 0x52FF, 0x96DC,
	0x5300, 0xFA89, 0x5301, 0x96E6, 0x5302, 0x93F5, 0x5305, 0x95EF,	0x5306, 0x99B0, 0x5307, 0xFA8A, 0x5308, 0x99B1, 0x530D, 0x99B3,
	0x530F, 0x99B5, 0x5310, 0x99B4, 0x5315, 0x99B6, 0x5316, 0x89BB,	0x5317, 0x966B, 0x5319, 0x8DFA, 0x531A, 0x99B7, 0x531D, 0x9178,
	0x5320, 0x8FA0, 0x5321, 0x8BA7, 0x5323, 0x99B8, 0x5324, 0xFA8B,	0x532A, 0x94D9, 0x532F, 0x99B9, 0x5331, 0x99BA, 0x5333, 0x99BB,
	0x5338, 0x99BC, 0x5339, 0x9543, 0x533A, 0x8BE6, 0x533B, 0x88E3,	0x533F, 0x93BD, 0x5340, 0x99BD, 0x5341, 0x8F5C, 0x5343, 0x90E7,
	0x5345, 0x99BF, 0x5346, 0x99BE, 0x5347, 0x8FA1, 0x5348, 0x8CDF,	0x5349, 0x99C1, 0x534A, 0x94BC, 0x534D, 0x99C2, 0x5351, 0x94DA,
	0x5352, 0x91B2, 0x5353, 0x91EC, 0x5354, 0x8BA6, 0x5357, 0x93EC,	0x5358, 0x9250, 0x535A, 0x948E, 0x535C, 0x966D, 0x535E, 0x99C4,
	0x5360, 0x90E8, 0x5366, 0x8C54, 0x5369, 0x99C5, 0x536E, 0x99C6,	0x536F, 0x894B, 0x5370, 0x88F3, 0x5371, 0x8AEB, 0x5372, 0xFA8C,
	0x5373, 0x91A6, 0x5374, 0x8B70, 0x5375, 0x9791, 0x5377, 0x99C9,	0x5378, 0x89B5, 0x537B, 0x99C8, 0x537F, 0x8BA8, 0x5382, 0x99CA,
	0x5384, 0x96EF, 0x5393, 0xFA8D, 0x5396, 0x99CB, 0x5398, 0x97D0,	0x539A, 0x8CFA, 0x539F, 0x8CB4, 0x53A0, 0x99CC, 0x53A5, 0x99CE,
	0x53A6, 0x99CD, 0x53A8, 0x907E, 0x53A9, 0x8958, 0x53AD, 0x897D,	0x53AE, 0x99CF, 0x53B0, 0x99D0, 0x53B2, 0xFA8E, 0x53B3, 0x8CB5,
	0x53B6, 0x99D1, 0x53BB, 0x8B8E, 0x53C2, 0x8E51, 0x53C3, 0x99D2,	0x53C8, 0x9694, 0x53C9, 0x8DB3, 0x53CA, 0x8B79, 0x53CB, 0x9746,
	0x53CC, 0x916F, 0x53CD, 0x94BD, 0x53CE, 0x8EFB, 0x53D4, 0x8F66,	0x53D6, 0x8EE6, 0x53D7, 0x8EF3, 0x53D9, 0x8F96, 0x53DB, 0x94BE,
	0x53DD, 0xFA8F, 0x53DF, 0x99D5, 0x53E1, 0x8962, 0x53E2, 0x9170,	0x53E3, 0x8CFB, 0x53E4, 0x8CC3, 0x53E5, 0x8BE5, 0x53E8, 0x99D9,
	0x53E9, 0x9240, 0x53EA, 0x91FC, 0x53EB, 0x8BA9, 0x53EC, 0x8FA2,	0x53ED, 0x99DA, 0x53EE, 0x99D8, 0x53EF, 0x89C2, 0x53F0, 0x91E4,
	0x53F1, 0x8EB6, 0x53F2, 0x8E6A, 0x53F3, 0x8945, 0x53F6, 0x8A90,	0x53F7, 0x8D86, 0x53F8, 0x8E69, 0x53FA, 0x99DB, 0x5401, 0x99DC,
	0x5403, 0x8B68, 0x5404, 0x8A65, 0x5408, 0x8D87, 0x5409, 0x8B67,	0x540A, 0x92DD, 0x540B, 0x8944, 0x540C, 0x93AF, 0x540D, 0x96BC,
	0x540E, 0x8D40, 0x540F, 0x9799, 0x5410, 0x9366, 0x5411, 0x8CFC,	0x541B, 0x8C4E, 0x541D, 0x99E5, 0x541F, 0x8BE1, 0x5420, 0x9669,
	0x5426, 0x94DB, 0x5429, 0x99E4, 0x542B, 0x8ADC, 0x542C, 0x99DF,	0x542D, 0x99E0, 0x542E, 0x99E2, 0x5436, 0x99E3, 0x5438, 0x8B7A,
	0x5439, 0x9081, 0x543B, 0x95AB, 0x543C, 0x99E1, 0x543D, 0x99DD,	0x543E, 0x8CE1, 0x5440, 0x99DE, 0x5442, 0x9843, 0x5446, 0x95F0,
	0x5448, 0x92E6, 0x5449, 0x8CE0, 0x544A, 0x8D90, 0x544E, 0x99E6,	0x5451, 0x93DB, 0x545F, 0x99EA, 0x5468, 0x8EFC, 0x546A, 0x8EF4,
	0x5470, 0x99ED, 0x5471, 0x99EB, 0x5473, 0x96A1, 0x5475, 0x99E8,	0x5476, 0x99F1, 0x5477, 0x99EC, 0x547B, 0x99EF, 0x547C, 0x8CC4,
	0x547D, 0x96BD, 0x5480, 0x99F0, 0x5484, 0x99F2, 0x5486, 0x99F4,	0x548A, 0xFA92, 0x548B, 0x8DEE, 0x548C, 0x9861, 0x548E, 0x99E9,
	0x548F, 0x99E7, 0x5490, 0x99F3, 0x5492, 0x99EE, 0x549C, 0xFA91,	0x54A2, 0x99F6, 0x54A4, 0x9A42, 0x54A5, 0x99F8, 0x54A8, 0x99FC,
	0x54A9, 0xFA93, 0x54AB, 0x9A40, 0x54AC, 0x99F9, 0x54AF, 0x9A5D,	0x54B2, 0x8DE7, 0x54B3, 0x8A50, 0x54B8, 0x99F7, 0x54BC, 0x9A44,
	0x54BD, 0x88F4, 0x54BE, 0x9A43, 0x54C0, 0x88A3, 0x54C1, 0x9569,	0x54C2, 0x9A41, 0x54C4, 0x99FA, 0x54C7, 0x99F5, 0x54C8, 0x99FB,
	0x54C9, 0x8DC6, 0x54D8, 0x9A45, 0x54E1, 0x88F5, 0x54E2, 0x9A4E,	0x54E5, 0x9A46, 0x54E6, 0x9A47, 0x54E8, 0x8FA3, 0x54E9, 0x9689,
	0x54ED, 0x9A4C, 0x54EE, 0x9A4B, 0x54F2, 0x934E, 0x54FA, 0x9A4D,	0x54FD, 0x9A4A, 0x54FF, 0xFA94, 0x5504, 0x8953, 0x5506, 0x8DB4,
	0x5507, 0x904F, 0x550F, 0x9A48, 0x5510, 0x9382, 0x5514, 0x9A49,	0x5516, 0x88A0, 0x552E, 0x9A53, 0x552F, 0x9742, 0x5531, 0x8FA5,
	0x5533, 0x9A59, 0x5538, 0x9A58, 0x5539, 0x9A4F, 0x553E, 0x91C1,	0x5540, 0x9A50, 0x5544, 0x91ED, 0x5545, 0x9A55, 0x5546, 0x8FA4,
	0x554C, 0x9A52, 0x554F, 0x96E2, 0x5553, 0x8C5B, 0x5556, 0x9A56,	0x5557, 0x9A57, 0x555C, 0x9A54, 0x555D, 0x9A5A, 0x5563, 0x9A51,
	0x557B, 0x9A60, 0x557C, 0x9A65, 0x557E, 0x9A61, 0x5580, 0x9A5C,	0x5583, 0x9A66, 0x5584, 0x9150, 0x5586, 0xFA95, 0x5587, 0x9A68,
	0x5589, 0x8D41, 0x558A, 0x9A5E, 0x558B, 0x929D, 0x5598, 0x9A62,	0x5599, 0x9A5B, 0x559A, 0x8AAB, 0x559C, 0x8AEC, 0x559D, 0x8A85,
	0x559E, 0x9A63, 0x559F, 0x9A5F, 0x55A7, 0x8C96, 0x55A8, 0x9A69,	0x55A9, 0x9A67, 0x55AA, 0x9172, 0x55AB, 0x8B69, 0x55AC, 0x8BAA,
	0x55AE, 0x9A64, 0x55B0, 0x8BF2, 0x55B6, 0x8963, 0x55C4, 0x9A6D,	0x55C5, 0x9A6B, 0x55C7, 0x9AA5, 0x55D4, 0x9A70, 0x55DA, 0x9A6A,
	0x55DC, 0x9A6E, 0x55DF, 0x9A6C, 0x55E3, 0x8E6B, 0x55E4, 0x9A6F,	0x55F7, 0x9A72, 0x55F9, 0x9A77, 0x55FD, 0x9A75, 0x55FE, 0x9A74,
	0x5606, 0x9251, 0x5609, 0x89C3, 0x5614, 0x9A71, 0x5616, 0x9A73,	0x5617, 0x8FA6, 0x5618, 0x8952, 0x561B, 0x9A76, 0x5629, 0x89DC,
	0x562F, 0x9A82, 0x5631, 0x8FFA, 0x5632, 0x9A7D, 0x5634, 0x9A7B,	0x5636, 0x9A7C, 0x5638, 0x9A7E, 0x5642, 0x895C, 0x564C, 0x9158,
	0x564E, 0x9A78, 0x5650, 0x9A79, 0x565B, 0x8A9A, 0x5664, 0x9A81,	0x5668, 0x8AED, 0x566A, 0x9A84, 0x566B, 0x9A80, 0x566C, 0x9A83,
	0x5674, 0x95AC, 0x5678, 0x93D3, 0x567A, 0x94B6, 0x5680, 0x9A86,	0x5686, 0x9A85, 0x5687, 0x8A64, 0x568A, 0x9A87, 0x568F, 0x9A8A,
	0x5694, 0x9A89, 0x56A0, 0x9A88, 0x56A2, 0x9458, 0x56A5, 0x9A8B,	0x56AE, 0x9A8C, 0x56B4, 0x9A8E, 0x56B6, 0x9A8D, 0x56BC, 0x9A90,
	0x56C0, 0x9A93, 0x56C1, 0x9A91, 0x56C2, 0x9A8F, 0x56C3, 0x9A92,	0x56C8, 0x9A94, 0x56CE, 0x9A95, 0x56D1, 0x9A96, 0x56D3, 0x9A97,
	0x56D7, 0x9A98, 0x56D8, 0x9964, 0x56DA, 0x8EFA, 0x56DB, 0x8E6C,	0x56DE, 0x89F1, 0x56E0, 0x88F6, 0x56E3, 0x9263, 0x56EE, 0x9A99,
	0x56F0, 0x8DA2, 0x56F2, 0x88CD, 0x56F3, 0x907D, 0x56F9, 0x9A9A,	0x56FA, 0x8CC5, 0x56FD, 0x8D91, 0x56FF, 0x9A9C, 0x5700, 0x9A9B,
	0x5703, 0x95DE, 0x5704, 0x9A9D, 0x5708, 0x9A9F, 0x5709, 0x9A9E,	0x570B, 0x9AA0, 0x570D, 0x9AA1, 0x570F, 0x8C97, 0x5712, 0x8980,
	0x5713, 0x9AA2, 0x5716, 0x9AA4, 0x5718, 0x9AA3, 0x571C, 0x9AA6,	0x571F, 0x9379, 0x5726, 0x9AA7, 0x5727, 0x88B3, 0x5728, 0x8DDD,
	0x572D, 0x8C5C, 0x5730, 0x926E, 0x5737, 0x9AA8, 0x5738, 0x9AA9,	0x573B, 0x9AAB, 0x5740, 0x9AAC, 0x5742, 0x8DE2, 0x5747, 0x8BCF,
	0x574A, 0x9656, 0x574E, 0x9AAA, 0x574F, 0x9AAD, 0x5750, 0x8DBF,	0x5751, 0x8D42, 0x5759, 0xFA96, 0x5761, 0x9AB1, 0x5764, 0x8DA3,
	0x5765, 0xFA97, 0x5766, 0x9252, 0x5769, 0x9AAE, 0x576A, 0x92D8,	0x577F, 0x9AB2, 0x5782, 0x9082, 0x5788, 0x9AB0, 0x5789, 0x9AB3,
	0x578B, 0x8C5E, 0x5793, 0x9AB4, 0x57A0, 0x9AB5, 0x57A2, 0x8D43,	0x57A3, 0x8A5F, 0x57A4, 0x9AB7, 0x57AA, 0x9AB8, 0x57AC, 0xFA98,
	0x57B0, 0x9AB9, 0x57B3, 0x9AB6, 0x57C0, 0x9AAF, 0x57C3, 0x9ABA,	0x57C6, 0x9ABB, 0x57C7, 0xFA9A, 0x57C8, 0xFA99, 0x57CB, 0x9684,
	0x57CE, 0x8FE9, 0x57D2, 0x9ABD, 0x57D3, 0x9ABE, 0x57D4, 0x9ABC,	0x57D6, 0x9AC0, 0x57DC, 0x9457, 0x57DF, 0x88E6, 0x57E0, 0x9575,
	0x57E3, 0x9AC1, 0x57F4, 0x8FFB, 0x57F7, 0x8EB7, 0x57F9, 0x947C,	0x57FA, 0x8AEE, 0x57FC, 0x8DE9, 0x5800, 0x9678, 0x5802, 0x93B0,
	0x5805, 0x8C98, 0x5806, 0x91CD, 0x580A, 0x9ABF, 0x580B, 0x9AC2,	0x5815, 0x91C2, 0x5819, 0x9AC3, 0x581D, 0x9AC4, 0x5821, 0x9AC6,
	0x5824, 0x92E7, 0x582A, 0x8AAC, 0x582F, 0xEA9F, 0x5830, 0x8981,	0x5831, 0x95F1, 0x5834, 0x8FEA, 0x5835, 0x9367, 0x583A, 0x8DE4,
	0x583D, 0x9ACC, 0x5840, 0x95BB, 0x5841, 0x97DB, 0x584A, 0x89F2,	0x584B, 0x9AC8, 0x5851, 0x9159, 0x5852, 0x9ACB, 0x5854, 0x9383,
	0x5857, 0x9368, 0x5858, 0x9384, 0x5859, 0x94B7, 0x585A, 0x92CB,	0x585E, 0x8DC7, 0x5862, 0x9AC7, 0x5869, 0x8996, 0x586B, 0x9355,
	0x5870, 0x9AC9, 0x5872, 0x9AC5, 0x5875, 0x906F, 0x5879, 0x9ACD,	0x587E, 0x8F6D, 0x5883, 0x8BAB, 0x5885, 0x9ACE, 0x5893, 0x95E6,
	0x5897, 0x919D, 0x589C, 0x92C4, 0x589E, 0xFA9D, 0x589F, 0x9AD0,	0x58A8, 0x966E, 0x58AB, 0x9AD1, 0x58AE, 0x9AD6, 0x58B2, 0xFA9E,
	0x58B3, 0x95AD, 0x58B8, 0x9AD5, 0x58B9, 0x9ACF, 0x58BA, 0x9AD2,	0x58BB, 0x9AD4, 0x58BE, 0x8DA4, 0x58C1, 0x95C7, 0x58C5, 0x9AD7,
	0x58C7, 0x9264, 0x58CA, 0x89F3, 0x58CC, 0x8FEB, 0x58D1, 0x9AD9,	0x58D3, 0x9AD8, 0x58D5, 0x8D88, 0x58D7, 0x9ADA, 0x58D8, 0x9ADC,
	0x58D9, 0x9ADB, 0x58DC, 0x9ADE, 0x58DE, 0x9AD3, 0x58DF, 0x9AE0,	0x58E4, 0x9ADF, 0x58E5, 0x9ADD, 0x58EB, 0x8E6D, 0x58EC, 0x9070,
	0x58EE, 0x9173, 0x58EF, 0x9AE1, 0x58F0, 0x90BA, 0x58F1, 0x88EB,	0x58F2, 0x9484, 0x58F7, 0x92D9, 0x58F9, 0x9AE3, 0x58FA, 0x9AE2,
	0x58FB, 0x9AE4, 0x58FC, 0x9AE5, 0x58FD, 0x9AE6, 0x5902, 0x9AE7,	0x5909, 0x95CF, 0x590A, 0x9AE8, 0x590B, 0xFA9F, 0x590F, 0x89C4,
	0x5910, 0x9AE9, 0x5915, 0x975B, 0x5916, 0x8A4F, 0x5918, 0x99C7,	0x5919, 0x8F67, 0x591A, 0x91BD, 0x591B, 0x9AEA, 0x591C, 0x96E9,
	0x5922, 0x96B2, 0x5925, 0x9AEC, 0x5927, 0x91E5, 0x5929, 0x9356,	0x592A, 0x91BE, 0x592B, 0x9576, 0x592C, 0x9AED, 0x592D, 0x9AEE,
	0x592E, 0x899B, 0x5931, 0x8EB8, 0x5932, 0x9AEF, 0x5937, 0x88CE,	0x5938, 0x9AF0, 0x593E, 0x9AF1, 0x5944, 0x8982, 0x5947, 0x8AEF,
	0x5948, 0x93DE, 0x5949, 0x95F2, 0x594E, 0x9AF5, 0x594F, 0x9174,	0x5950, 0x9AF4, 0x5951, 0x8C5F, 0x5953, 0xFAA0, 0x5954, 0x967A,
	0x5955, 0x9AF3, 0x5957, 0x9385, 0x5958, 0x9AF7, 0x595A, 0x9AF6,	0x595B, 0xFAA1, 0x595D, 0xFAA2, 0x5960, 0x9AF9, 0x5962, 0x9AF8,
	0x5963, 0xFAA3, 0x5965, 0x899C, 0x5967, 0x9AFA, 0x5968, 0x8FA7,	0x5969, 0x9AFC, 0x596A, 0x9244, 0x596C, 0x9AFB, 0x596E, 0x95B1,
	0x5973, 0x8F97, 0x5974, 0x937A, 0x5978, 0x9B40, 0x597D, 0x8D44,	0x5981, 0x9B41, 0x5982, 0x9440, 0x5983, 0x94DC, 0x5984, 0x96CF,
	0x598A, 0x9444, 0x598D, 0x9B4A, 0x5993, 0x8B57, 0x5996, 0x9764,	0x5999, 0x96AD, 0x599B, 0x9BAA, 0x599D, 0x9B42, 0x59A3, 0x9B45,
	0x59A4, 0xFAA4, 0x59A5, 0x91C3, 0x59A8, 0x9657, 0x59AC, 0x9369,	0x59B2, 0x9B46, 0x59B9, 0x9685, 0x59BA, 0xFAA5, 0x59BB, 0x8DC8,
	0x59BE, 0x8FA8, 0x59C6, 0x9B47, 0x59C9, 0x8E6F, 0x59CB, 0x8E6E,	0x59D0, 0x88B7, 0x59D1, 0x8CC6, 0x59D3, 0x90A9, 0x59D4, 0x88CF,
	0x59D9, 0x9B4B, 0x59DA, 0x9B4C, 0x59DC, 0x9B49, 0x59E5, 0x8957,	0x59E6, 0x8AAD, 0x59E8, 0x9B48, 0x59EA, 0x96C3, 0x59EB, 0x9550,
	0x59F6, 0x88A6, 0x59FB, 0x88F7, 0x59FF, 0x8E70, 0x5A01, 0x88D0,	0x5A03, 0x88A1, 0x5A09, 0x9B51, 0x5A11, 0x9B4F, 0x5A18, 0x96BA,
	0x5A1A, 0x9B52, 0x5A1C, 0x9B50, 0x5A1F, 0x9B4E, 0x5A20, 0x9050,	0x5A25, 0x9B4D, 0x5A29, 0x95D8, 0x5A2F, 0x8CE2, 0x5A35, 0x9B56,
	0x5A36, 0x9B57, 0x5A3C, 0x8FA9, 0x5A40, 0x9B53, 0x5A41, 0x984B,	0x5A46, 0x946B, 0x5A49, 0x9B55, 0x5A5A, 0x8DA5, 0x5A62, 0x9B58,
	0x5A66, 0x9577, 0x5A6A, 0x9B59, 0x5A6C, 0x9B54, 0x5A7F, 0x96B9,	0x5A92, 0x947D, 0x5A9A, 0x9B5A, 0x5A9B, 0x9551, 0x5ABC, 0x9B5B,
	0x5ABD, 0x9B5F, 0x5ABE, 0x9B5C, 0x5AC1, 0x89C5, 0x5AC2, 0x9B5E,	0x5AC9, 0x8EB9, 0x5ACB, 0x9B5D, 0x5ACC, 0x8C99, 0x5AD0, 0x9B6B,
	0x5AD6, 0x9B64, 0x5AD7, 0x9B61, 0x5AE1, 0x9284, 0x5AE3, 0x9B60,	0x5AE6, 0x9B62, 0x5AE9, 0x9B63, 0x5AFA, 0x9B65, 0x5AFB, 0x9B66,
	0x5B09, 0x8AF0, 0x5B0B, 0x9B68, 0x5B0C, 0x9B67, 0x5B16, 0x9B69,	0x5B22, 0x8FEC, 0x5B2A, 0x9B6C, 0x5B2C, 0x92DA, 0x5B30, 0x8964,
	0x5B32, 0x9B6A, 0x5B36, 0x9B6D, 0x5B3E, 0x9B6E, 0x5B40, 0x9B71,	0x5B43, 0x9B6F, 0x5B45, 0x9B70, 0x5B50, 0x8E71, 0x5B51, 0x9B72,
	0x5B54, 0x8D45, 0x5B55, 0x9B73, 0x5B56, 0xFAA6, 0x5B57, 0x8E9A,	0x5B58, 0x91B6, 0x5B5A, 0x9B74, 0x5B5B, 0x9B75, 0x5B5C, 0x8E79,
	0x5B5D, 0x8D46, 0x5B5F, 0x96D0, 0x5B63, 0x8B47, 0x5B64, 0x8CC7,	0x5B65, 0x9B76, 0x5B66, 0x8A77, 0x5B69, 0x9B77, 0x5B6B, 0x91B7,
	0x5B70, 0x9B78, 0x5B71, 0x9BA1, 0x5B73, 0x9B79, 0x5B75, 0x9B7A,	0x5B78, 0x9B7B, 0x5B7A, 0x9B7D, 0x5B80, 0x9B7E, 0x5B83, 0x9B80,
	0x5B85, 0x91EE, 0x5B87, 0x8946, 0x5B88, 0x8EE7, 0x5B89, 0x88C0,	0x5B8B, 0x9176, 0x5B8C, 0x8AAE, 0x5B8D, 0x8EB3, 0x5B8F, 0x8D47,
	0x5B95, 0x9386, 0x5B97, 0x8F40, 0x5B98, 0x8AAF, 0x5B99, 0x9288,	0x5B9A, 0x92E8, 0x5B9B, 0x88B6, 0x5B9C, 0x8B58, 0x5B9D, 0x95F3,
	0x5B9F, 0x8EC0, 0x5BA2, 0x8B71, 0x5BA3, 0x90E9, 0x5BA4, 0x8EBA,	0x5BA5, 0x9747, 0x5BA6, 0x9B81, 0x5BAE, 0x8B7B, 0x5BB0, 0x8DC9,
	0x5BB3, 0x8A51, 0x5BB4, 0x8983, 0x5BB5, 0x8FAA, 0x5BB6, 0x89C6,	0x5BB8, 0x9B82, 0x5BB9, 0x9765, 0x5BBF, 0x8F68, 0x5BC0, 0xFAA7,
	0x5BC2, 0x8EE2, 0x5BC3, 0x9B83, 0x5BC4, 0x8AF1, 0x5BC5, 0x93D0,	0x5BC6, 0x96A7, 0x5BC7, 0x9B84, 0x5BC9, 0x9B85, 0x5BCC, 0x9578,
	0x5BD0, 0x9B87, 0x5BD2, 0x8AA6, 0x5BD3, 0x8BF5, 0x5BD4, 0x9B86,	0x5BD8, 0xFAA9, 0x5BDB, 0x8AB0, 0x5BDD, 0x9051, 0x5BDE, 0x9B8B,
	0x5BDF, 0x8E40, 0x5BE1, 0x89C7, 0x5BE2, 0x9B8A, 0x5BE4, 0x9B88,	0x5BE5, 0x9B8C, 0x5BE6, 0x9B89, 0x5BE7, 0x944A, 0x5BE8, 0x9ECB,
	0x5BE9, 0x9052, 0x5BEB, 0x9B8D, 0x5BEC, 0xFAAA, 0x5BEE, 0x97BE,	0x5BF0, 0x9B8E, 0x5BF3, 0x9B90, 0x5BF5, 0x929E, 0x5BF6, 0x9B8F,
	0x5BF8, 0x90A1, 0x5BFA, 0x8E9B, 0x5BFE, 0x91CE, 0x5BFF, 0x8EF5,	0x5C01, 0x9595, 0x5C02, 0x90EA, 0x5C04, 0x8ECB, 0x5C05, 0x9B91,
	0x5C06, 0x8FAB, 0x5C07, 0x9B92, 0x5C08, 0x9B93, 0x5C09, 0x88D1,	0x5C0A, 0x91B8, 0x5C0B, 0x9071, 0x5C0D, 0x9B94, 0x5C0E, 0x93B1,
	0x5C0F, 0x8FAC, 0x5C11, 0x8FAD, 0x5C13, 0x9B95, 0x5C16, 0x90EB,	0x5C1A, 0x8FAE, 0x5C1E, 0xFAAB, 0x5C20, 0x9B96, 0x5C22, 0x9B97,
	0x5C24, 0x96DE, 0x5C28, 0x9B98, 0x5C2D, 0x8BC4, 0x5C31, 0x8F41,	0x5C38, 0x9B99, 0x5C39, 0x9B9A, 0x5C3A, 0x8EDA, 0x5C3B, 0x904B,
	0x5C3C, 0x93F2, 0x5C3D, 0x9073, 0x5C3E, 0x94F6, 0x5C3F, 0x9441,	0x5C40, 0x8BC7, 0x5C41, 0x9B9B, 0x5C45, 0x8B8F, 0x5C46, 0x9B9C,
	0x5C48, 0x8BFC, 0x5C4A, 0x93CD, 0x5C4B, 0x89AE, 0x5C4D, 0x8E72,	0x5C4E, 0x9B9D, 0x5C4F, 0x9BA0, 0x5C50, 0x9B9F, 0x5C51, 0x8BFB,
	0x5C53, 0x9B9E, 0x5C55, 0x9357, 0x5C5E, 0x91AE, 0x5C60, 0x936A,	0x5C61, 0x8EC6, 0x5C64, 0x9177, 0x5C65, 0x979A, 0x5C6C, 0x9BA2,
	0x5C6E, 0x9BA3, 0x5C6F, 0x93D4, 0x5C71, 0x8E52, 0x5C76, 0x9BA5,	0x5C79, 0x9BA6, 0x5C8C, 0x9BA7, 0x5C90, 0x8AF2, 0x5C91, 0x9BA8,
	0x5C94, 0x9BA9, 0x5CA1, 0x89AA, 0x5CA6, 0xFAAC, 0x5CA8, 0x915A,	0x5CA9, 0x8AE2, 0x5CAB, 0x9BAB, 0x5CAC, 0x96A6, 0x5CB1, 0x91D0,
	0x5CB3, 0x8A78, 0x5CB6, 0x9BAD, 0x5CB7, 0x9BAF, 0x5CB8, 0x8ADD,	0x5CBA, 0xFAAD, 0x5CBB, 0x9BAC, 0x5CBC, 0x9BAE, 0x5CBE, 0x9BB1,
	0x5CC5, 0x9BB0, 0x5CC7, 0x9BB2, 0x5CD9, 0x9BB3, 0x5CE0, 0x93BB,	0x5CE1, 0x8BAC, 0x5CE8, 0x89E3, 0x5CE9, 0x9BB4, 0x5CEA, 0x9BB9,
	0x5CED, 0x9BB7, 0x5CEF, 0x95F5, 0x5CF0, 0x95F4, 0x5CF5, 0xFAAE,	0x5CF6, 0x9387, 0x5CFA, 0x9BB6, 0x5CFB, 0x8F73, 0x5CFD, 0x9BB5,
	0x5D07, 0x9092, 0x5D0B, 0x9BBA, 0x5D0E, 0x8DE8, 0x5D11, 0x9BC0,	0x5D14, 0x9BC1, 0x5D15, 0x9BBB, 0x5D16, 0x8A52, 0x5D17, 0x9BBC,
	0x5D18, 0x9BC5, 0x5D19, 0x9BC4, 0x5D1A, 0x9BC3, 0x5D1B, 0x9BBF,	0x5D1F, 0x9BBE, 0x5D22, 0x9BC2, 0x5D27, 0xFAAF, 0x5D29, 0x95F6,
	0x5D42, 0xFAB2, 0x5D4B, 0x9BC9, 0x5D4C, 0x9BC6, 0x5D4E, 0x9BC8,	0x5D50, 0x9792, 0x5D52, 0x9BC7, 0x5D53, 0xFAB0, 0x5D5C, 0x9BBD,
	0x5D69, 0x9093, 0x5D6C, 0x9BCA, 0x5D6D, 0xFAB3, 0x5D6F, 0x8DB5,	0x5D73, 0x9BCB, 0x5D76, 0x9BCC, 0x5D82, 0x9BCF, 0x5D84, 0x9BCE,
	0x5D87, 0x9BCD, 0x5D8B, 0x9388, 0x5D8C, 0x9BB8, 0x5D90, 0x9BD5,	0x5D9D, 0x9BD1, 0x5DA2, 0x9BD0, 0x5DAC, 0x9BD2, 0x5DAE, 0x9BD3,
	0x5DB7, 0x9BD6, 0x5DB8, 0xFAB4, 0x5DB9, 0xFAB5, 0x5DBA, 0x97E4,	0x5DBC, 0x9BD7, 0x5DBD, 0x9BD4, 0x5DC9, 0x9BD8, 0x5DCC, 0x8ADE,
	0x5DCD, 0x9BD9, 0x5DD0, 0xFAB6, 0x5DD2, 0x9BDB, 0x5DD3, 0x9BDA,	0x5DD6, 0x9BDC, 0x5DDB, 0x9BDD, 0x5DDD, 0x90EC, 0x5DDE, 0x8F42,
	0x5DE1, 0x8F84, 0x5DE3, 0x9183, 0x5DE5, 0x8D48, 0x5DE6, 0x8DB6,	0x5DE7, 0x8D49, 0x5DE8, 0x8B90, 0x5DEB, 0x9BDE, 0x5DEE, 0x8DB7,
	0x5DF1, 0x8CC8, 0x5DF2, 0x9BDF, 0x5DF3, 0x96A4, 0x5DF4, 0x9462,	0x5DF5, 0x9BE0, 0x5DF7, 0x8D4A, 0x5DFB, 0x8AAA, 0x5DFD, 0x9246,
	0x5DFE, 0x8BD0, 0x5E02, 0x8E73, 0x5E03, 0x957A, 0x5E06, 0x94BF,	0x5E0B, 0x9BE1, 0x5E0C, 0x8AF3, 0x5E11, 0x9BE4, 0x5E16, 0x929F,
	0x5E19, 0x9BE3, 0x5E1A, 0x9BE2, 0x5E1B, 0x9BE5, 0x5E1D, 0x92E9,	0x5E25, 0x9083, 0x5E2B, 0x8E74, 0x5E2D, 0x90C8, 0x5E2F, 0x91D1,
	0x5E30, 0x8B41, 0x5E33, 0x92A0, 0x5E36, 0x9BE6, 0x5E37, 0x9BE7,	0x5E38, 0x8FED, 0x5E3D, 0x9658, 0x5E40, 0x9BEA, 0x5E43, 0x9BE9,
	0x5E44, 0x9BE8, 0x5E45, 0x959D, 0x5E47, 0x9BF1, 0x5E4C, 0x9679,	0x5E4E, 0x9BEB, 0x5E54, 0x9BED, 0x5E55, 0x968B, 0x5E57, 0x9BEC,
	0x5E5F, 0x9BEE, 0x5E61, 0x94A6, 0x5E62, 0x9BEF, 0x5E63, 0x95BC,	0x5E64, 0x9BF0, 0x5E72, 0x8AB1, 0x5E73, 0x95BD, 0x5E74, 0x944E,
	0x5E75, 0x9BF2, 0x5E76, 0x9BF3, 0x5E78, 0x8D4B, 0x5E79, 0x8AB2,	0x5E7A, 0x9BF4, 0x5E7B, 0x8CB6, 0x5E7C, 0x9763, 0x5E7D, 0x9748,
	0x5E7E, 0x8AF4, 0x5E7F, 0x9BF6, 0x5E81, 0x92A1, 0x5E83, 0x8D4C,	0x5E84, 0x8FAF, 0x5E87, 0x94DD, 0x5E8A, 0x8FB0, 0x5E8F, 0x8F98,
	0x5E95, 0x92EA, 0x5E96, 0x95F7, 0x5E97, 0x9358, 0x5E9A, 0x8D4D,	0x5E9C, 0x957B, 0x5EA0, 0x9BF7, 0x5EA6, 0x9378, 0x5EA7, 0x8DC0,
	0x5EAB, 0x8CC9, 0x5EAD, 0x92EB, 0x5EB5, 0x88C1, 0x5EB6, 0x8F8E,	0x5EB7, 0x8D4E, 0x5EB8, 0x9766, 0x5EC1, 0x9BF8, 0x5EC2, 0x9BF9,
	0x5EC3, 0x9470, 0x5EC8, 0x9BFA, 0x5EC9, 0x97F5, 0x5ECA, 0x984C,	0x5ECF, 0x9BFC, 0x5ED0, 0x9BFB, 0x5ED3, 0x8A66, 0x5ED6, 0x9C40,
	0x5EDA, 0x9C43, 0x5EDB, 0x9C44, 0x5EDD, 0x9C42, 0x5EDF, 0x955F,	0x5EE0, 0x8FB1, 0x5EE1, 0x9C46, 0x5EE2, 0x9C45, 0x5EE3, 0x9C41,
	0x5EE8, 0x9C47, 0x5EE9, 0x9C48, 0x5EEC, 0x9C49, 0x5EF0, 0x9C4C,	0x5EF1, 0x9C4A, 0x5EF3, 0x9C4B, 0x5EF4, 0x9C4D, 0x5EF6, 0x8984,
	0x5EF7, 0x92EC, 0x5EF8, 0x9C4E, 0x5EFA, 0x8C9A, 0x5EFB, 0x89F4,	0x5EFC, 0x9455, 0x5EFE, 0x9C4F, 0x5EFF, 0x93F9, 0x5F01, 0x95D9,
	0x5F03, 0x9C50, 0x5F04, 0x984D, 0x5F09, 0x9C51, 0x5F0A, 0x95BE,	0x5F0B, 0x9C54, 0x5F0C, 0x989F, 0x5F0D, 0x98AF, 0x5F0F, 0x8EAE,
	0x5F10, 0x93F3, 0x5F11, 0x9C55, 0x5F13, 0x8B7C, 0x5F14, 0x92A2,	0x5F15, 0x88F8, 0x5F16, 0x9C56, 0x5F17, 0x95A4, 0x5F18, 0x8D4F,
	0x5F1B, 0x926F, 0x5F1F, 0x92ED, 0x5F21, 0xFAB7, 0x5F25, 0x96ED,	0x5F26, 0x8CB7, 0x5F27, 0x8CCA, 0x5F29, 0x9C57, 0x5F2D, 0x9C58,
	0x5F2F, 0x9C5E, 0x5F31, 0x8EE3, 0x5F34, 0xFAB8, 0x5F35, 0x92A3,	0x5F37, 0x8BAD, 0x5F38, 0x9C59, 0x5F3C, 0x954A, 0x5F3E, 0x9265,
	0x5F41, 0x9C5A, 0x5F45, 0xFA67, 0x5F48, 0x9C5B, 0x5F4A, 0x8BAE,	0x5F4C, 0x9C5C, 0x5F4E, 0x9C5D, 0x5F51, 0x9C5F, 0x5F53, 0x9396,
	0x5F56, 0x9C60, 0x5F57, 0x9C61, 0x5F59, 0x9C62, 0x5F5C, 0x9C53,	0x5F5D, 0x9C52, 0x5F61, 0x9C63, 0x5F62, 0x8C60, 0x5F66, 0x9546,
	0x5F67, 0xFAB9, 0x5F69, 0x8DCA, 0x5F6A, 0x9556, 0x5F6B, 0x92A4,	0x5F6C, 0x956A, 0x5F6D, 0x9C64, 0x5F70, 0x8FB2, 0x5F71, 0x8965,
	0x5F73, 0x9C65, 0x5F77, 0x9C66, 0x5F79, 0x96F0, 0x5F7C, 0x94DE,	0x5F7F, 0x9C69, 0x5F80, 0x899D, 0x5F81, 0x90AA, 0x5F82, 0x9C68,
	0x5F83, 0x9C67, 0x5F84, 0x8C61, 0x5F85, 0x91D2, 0x5F87, 0x9C6D,	0x5F88, 0x9C6B, 0x5F8A, 0x9C6A, 0x5F8B, 0x97A5, 0x5F8C, 0x8CE3,
	0x5F90, 0x8F99, 0x5F91, 0x9C6C, 0x5F92, 0x936B, 0x5F93, 0x8F5D,	0x5F97, 0x93BE, 0x5F98, 0x9C70, 0x5F99, 0x9C6F, 0x5F9E, 0x9C6E,
	0x5FA0, 0x9C71, 0x5FA1, 0x8CE4, 0x5FA8, 0x9C72, 0x5FA9, 0x959C,	0x5FAA, 0x8F7A, 0x5FAD, 0x9C73, 0x5FAE, 0x94F7, 0x5FB3, 0x93BF,
	0x5FB4, 0x92A5, 0x5FB7, 0xFABA, 0x5FB9, 0x934F, 0x5FBC, 0x9C74,	0x5FBD, 0x8B4A, 0x5FC3, 0x9053, 0x5FC5, 0x954B, 0x5FCC, 0x8AF5,
	0x5FCD, 0x9445, 0x5FD6, 0x9C75, 0x5FD7, 0x8E75, 0x5FD8, 0x9659,	0x5FD9, 0x965A, 0x5FDC, 0x899E, 0x5FDD, 0x9C7A, 0x5FDE, 0xFABB,
	0x5FE0, 0x9289, 0x5FE4, 0x9C77, 0x5FEB, 0x89F5, 0x5FF0, 0x9CAB,	0x5FF1, 0x9C79, 0x5FF5, 0x944F, 0x5FF8, 0x9C78, 0x5FFB, 0x9C76,
	0x5FFD, 0x8D9A, 0x5FFF, 0x9C7C, 0x600E, 0x9C83, 0x600F, 0x9C89,	0x6010, 0x9C81, 0x6012, 0x937B, 0x6015, 0x9C86, 0x6016, 0x957C,
	0x6019, 0x9C80, 0x601B, 0x9C85, 0x601C, 0x97E5, 0x601D, 0x8E76,	0x6020, 0x91D3, 0x6021, 0x9C7D, 0x6025, 0x8B7D, 0x6026, 0x9C88,
	0x6027, 0x90AB, 0x6028, 0x8985, 0x6029, 0x9C82, 0x602A, 0x89F6,	0x602B, 0x9C87, 0x602F, 0x8BAF, 0x6031, 0x9C84, 0x603A, 0x9C8A,
	0x6041, 0x9C8C, 0x6042, 0x9C96, 0x6043, 0x9C94, 0x6046, 0x9C91,	0x604A, 0x9C90, 0x604B, 0x97F6, 0x604D, 0x9C92, 0x6050, 0x8BB0,
	0x6052, 0x8D50, 0x6055, 0x8F9A, 0x6059, 0x9C99, 0x605A, 0x9C8B,	0x605D, 0xFABC, 0x605F, 0x9C8F, 0x6060, 0x9C7E, 0x6062, 0x89F8,
	0x6063, 0x9C93, 0x6064, 0x9C95, 0x6065, 0x9270, 0x6068, 0x8DA6,	0x6069, 0x89B6, 0x606A, 0x9C8D, 0x606B, 0x9C98, 0x606C, 0x9C97,
	0x606D, 0x8BB1, 0x606F, 0x91A7, 0x6070, 0x8A86, 0x6075, 0x8C62,	0x6077, 0x9C8E, 0x6081, 0x9C9A, 0x6083, 0x9C9D, 0x6084, 0x9C9F,
	0x6085, 0xFABD, 0x6089, 0x8EBB, 0x608A, 0xFABE, 0x608B, 0x9CA5,	0x608C, 0x92EE, 0x608D, 0x9C9B, 0x6092, 0x9CA3, 0x6094, 0x89F7,
	0x6096, 0x9CA1, 0x6097, 0x9CA2, 0x609A, 0x9C9E, 0x609B, 0x9CA0,	0x609F, 0x8CE5, 0x60A0, 0x9749, 0x60A3, 0x8AB3, 0x60A6, 0x8978,
	0x60A7, 0x9CA4, 0x60A9, 0x9459, 0x60AA, 0x88AB, 0x60B2, 0x94DF,	0x60B3, 0x9C7B, 0x60B4, 0x9CAA, 0x60B5, 0x9CAE, 0x60B6, 0x96E3,
	0x60B8, 0x9CA7, 0x60BC, 0x9389, 0x60BD, 0x9CAC, 0x60C5, 0x8FEE,	0x60C6, 0x9CAD, 0x60C7, 0x93D5, 0x60D1, 0x9866, 0x60D3, 0x9CA9,
	0x60D5, 0xFAC0, 0x60D8, 0x9CAF, 0x60DA, 0x8D9B, 0x60DC, 0x90C9,	0x60DE, 0xFABF, 0x60DF, 0x88D2, 0x60E0, 0x9CA8, 0x60E1, 0x9CA6,
	0x60E3, 0x9179, 0x60E7, 0x9C9C, 0x60E8, 0x8E53, 0x60F0, 0x91C4,	0x60F1, 0x9CBB, 0x60F2, 0xFAC2, 0x60F3, 0x917A, 0x60F4, 0x9CB6,
	0x60F6, 0x9CB3, 0x60F7, 0x9CB4, 0x60F9, 0x8EE4, 0x60FA, 0x9CB7,	0x60FB, 0x9CBA, 0x6100, 0x9CB5, 0x6101, 0x8F44, 0x6103, 0x9CB8,
	0x6106, 0x9CB2, 0x6108, 0x96FA, 0x6109, 0x96F9, 0x610D, 0x9CBC,	0x610E, 0x9CBD, 0x610F, 0x88D3, 0x6111, 0xFAC3, 0x6115, 0x9CB1,
	0x611A, 0x8BF0, 0x611B, 0x88A4, 0x611F, 0x8AB4, 0x6120, 0xFAC1,	0x6121, 0x9CB9, 0x6127, 0x9CC1, 0x6128, 0x9CC0, 0x612C, 0x9CC5,
	0x6130, 0xFAC5, 0x6134, 0x9CC6, 0x6137, 0xFAC4, 0x613C, 0x9CC4,	0x613D, 0x9CC7, 0x613E, 0x9CBF, 0x613F, 0x9CC3, 0x6142, 0x9CC8,
	0x6144, 0x9CC9, 0x6147, 0x9CBE, 0x6148, 0x8E9C, 0x614A, 0x9CC2,	0x614B, 0x91D4, 0x614C, 0x8D51, 0x614D, 0x9CB0, 0x614E, 0x9054,
	0x6153, 0x9CD6, 0x6155, 0x95E7, 0x6158, 0x9CCC, 0x6159, 0x9CCD,	0x615A, 0x9CCE, 0x615D, 0x9CD5, 0x615F, 0x9CD4, 0x6162, 0x969D,
	0x6163, 0x8AB5, 0x6165, 0x9CD2, 0x6167, 0x8C64, 0x6168, 0x8A53,	0x616B, 0x9CCF, 0x616E, 0x97B6, 0x616F, 0x9CD1, 0x6170, 0x88D4,
	0x6171, 0x9CD3, 0x6173, 0x9CCA, 0x6174, 0x9CD0, 0x6175, 0x9CD7,	0x6176, 0x8C63, 0x6177, 0x9CCB, 0x617E, 0x977C, 0x6182, 0x974A,
	0x6187, 0x9CDA, 0x618A, 0x9CDE, 0x618E, 0x919E, 0x6190, 0x97F7,	0x6191, 0x9CDF, 0x6194, 0x9CDC, 0x6196, 0x9CD9, 0x6198, 0xFAC6,
	0x6199, 0x9CD8, 0x619A, 0x9CDD, 0x61A4, 0x95AE, 0x61A7, 0x93B2,	0x61A9, 0x8C65, 0x61AB, 0x9CE0, 0x61AC, 0x9CDB, 0x61AE, 0x9CE1,
	0x61B2, 0x8C9B, 0x61B6, 0x89AF, 0x61BA, 0x9CE9, 0x61BE, 0x8AB6,	0x61C3, 0x9CE7, 0x61C6, 0x9CE8, 0x61C7, 0x8DA7, 0x61C8, 0x9CE6,
	0x61C9, 0x9CE4, 0x61CA, 0x9CE3, 0x61CB, 0x9CEA, 0x61CC, 0x9CE2,	0x61CD, 0x9CEC, 0x61D0, 0x89F9, 0x61E3, 0x9CEE, 0x61E6, 0x9CED,
	0x61F2, 0x92A6, 0x61F4, 0x9CF1, 0x61F6, 0x9CEF, 0x61F7, 0x9CE5,	0x61F8, 0x8C9C, 0x61FA, 0x9CF0, 0x61FC, 0x9CF4, 0x61FD, 0x9CF3,
	0x61FE, 0x9CF5, 0x61FF, 0x9CF2, 0x6200, 0x9CF6, 0x6208, 0x9CF7,	0x6209, 0x9CF8, 0x620A, 0x95E8, 0x620C, 0x9CFA, 0x620D, 0x9CF9,
	0x620E, 0x8F5E, 0x6210, 0x90AC, 0x6211, 0x89E4, 0x6212, 0x89FA,	0x6213, 0xFAC7, 0x6214, 0x9CFB, 0x6216, 0x88BD, 0x621A, 0x90CA,
	0x621B, 0x9CFC, 0x621D, 0xE6C1, 0x621E, 0x9D40, 0x621F, 0x8C81,	0x6221, 0x9D41, 0x6226, 0x90ED, 0x622A, 0x9D42, 0x622E, 0x9D43,
	0x622F, 0x8B59, 0x6230, 0x9D44, 0x6232, 0x9D45, 0x6233, 0x9D46,	0x6234, 0x91D5, 0x6238, 0x8CCB, 0x623B, 0x96DF, 0x623F, 0x965B,
	0x6240, 0x8F8A, 0x6241, 0x9D47, 0x6247, 0x90EE, 0x6248, 0xE7BB,	0x6249, 0x94E0, 0x624B, 0x8EE8, 0x624D, 0x8DCB, 0x624E, 0x9D48,
	0x6253, 0x91C5, 0x6255, 0x95A5, 0x6258, 0x91EF, 0x625B, 0x9D4B,	0x625E, 0x9D49, 0x6260, 0x9D4C, 0x6263, 0x9D4A, 0x6268, 0x9D4D,
	0x626E, 0x95AF, 0x6271, 0x88B5, 0x6276, 0x957D, 0x6279, 0x94E1,	0x627C, 0x9D4E, 0x627E, 0x9D51, 0x627F, 0x8FB3, 0x6280, 0x8B5A,
	0x6282, 0x9D4F, 0x6283, 0x9D56, 0x6284, 0x8FB4, 0x6289, 0x9D50,	0x628A, 0x9463, 0x6291, 0x977D, 0x6292, 0x9D52, 0x6293, 0x9D53,
	0x6294, 0x9D57, 0x6295, 0x938A, 0x6296, 0x9D54, 0x6297, 0x8D52,	0x6298, 0x90DC, 0x629B, 0x9D65, 0x629C, 0x94B2, 0x629E, 0x91F0,
	0x62A6, 0xFAC8, 0x62AB, 0x94E2, 0x62AC, 0x9DAB, 0x62B1, 0x95F8,	0x62B5, 0x92EF, 0x62B9, 0x9695, 0x62BB, 0x9D5A, 0x62BC, 0x899F,
	0x62BD, 0x928A, 0x62C2, 0x9D63, 0x62C5, 0x9253, 0x62C6, 0x9D5D,	0x62C7, 0x9D64, 0x62C8, 0x9D5F, 0x62C9, 0x9D66, 0x62CA, 0x9D62,
	0x62CC, 0x9D61, 0x62CD, 0x948F, 0x62CF, 0x9D5B, 0x62D0, 0x89FB,	0x62D1, 0x9D59, 0x62D2, 0x8B91, 0x62D3, 0x91F1, 0x62D4, 0x9D55,
	0x62D7, 0x9D58, 0x62D8, 0x8D53, 0x62D9, 0x90D9, 0x62DB, 0x8FB5,	0x62DC, 0x9D60, 0x62DD, 0x9471, 0x62E0, 0x8B92, 0x62E1, 0x8A67,
	0x62EC, 0x8A87, 0x62ED, 0x9040, 0x62EE, 0x9D68, 0x62EF, 0x9D6D,	0x62F1, 0x9D69, 0x62F3, 0x8C9D, 0x62F5, 0x9D6E, 0x62F6, 0x8E41,
	0x62F7, 0x8D89, 0x62FE, 0x8F45, 0x62FF, 0x9D5C, 0x6301, 0x8E9D,	0x6302, 0x9D6B, 0x6307, 0x8E77, 0x6308, 0x9D6C, 0x6309, 0x88C2,
	0x630C, 0x9D67, 0x6311, 0x92A7, 0x6319, 0x8B93, 0x631F, 0x8BB2,	0x6327, 0x9D6A, 0x6328, 0x88A5, 0x632B, 0x8DC1, 0x632F, 0x9055,
	0x633A, 0x92F0, 0x633D, 0x94D2, 0x633E, 0x9D70, 0x633F, 0x917D,	0x6349, 0x91A8, 0x634C, 0x8E4A, 0x634D, 0x9D71, 0x634F, 0x9D73,
	0x6350, 0x9D6F, 0x6355, 0x95DF, 0x6357, 0x92BB, 0x635C, 0x917B,	0x6367, 0x95F9, 0x6368, 0x8ECC, 0x6369, 0x9D80, 0x636B, 0x9D7E,
	0x636E, 0x9098, 0x6372, 0x8C9E, 0x6376, 0x9D78, 0x6377, 0x8FB7,	0x637A, 0x93E6, 0x637B, 0x9450, 0x6380, 0x9D76, 0x6383, 0x917C,
	0x6388, 0x8EF6, 0x6389, 0x9D7B, 0x638C, 0x8FB6, 0x638E, 0x9D75,	0x638F, 0x9D7A, 0x6392, 0x9472, 0x6396, 0x9D74, 0x6398, 0x8C40,
	0x639B, 0x8A7C, 0x639F, 0x9D7C, 0x63A0, 0x97A9, 0x63A1, 0x8DCC,	0x63A2, 0x9254, 0x63A3, 0x9D79, 0x63A5, 0x90DA, 0x63A7, 0x8D54,
	0x63A8, 0x9084, 0x63A9, 0x8986, 0x63AA, 0x915B, 0x63AB, 0x9D77,	0x63AC, 0x8B64, 0x63B2, 0x8C66, 0x63B4, 0x92CD, 0x63B5, 0x9D7D,
	0x63BB, 0x917E, 0x63BE, 0x9D81, 0x63C0, 0x9D83, 0x63C3, 0x91B5,	0x63C4, 0x9D89, 0x63C6, 0x9D84, 0x63C9, 0x9D86, 0x63CF, 0x9560,
	0x63D0, 0x92F1, 0x63D2, 0x9D87, 0x63D6, 0x974B, 0x63DA, 0x9767,	0x63DB, 0x8AB7, 0x63E1, 0x88AC, 0x63E3, 0x9D85, 0x63E9, 0x9D82,
	0x63EE, 0x8AF6, 0x63F4, 0x8987, 0x63F5, 0xFAC9, 0x63F6, 0x9D88,	0x63FA, 0x9768, 0x6406, 0x9D8C, 0x640D, 0x91B9, 0x640F, 0x9D93,
	0x6413, 0x9D8D, 0x6416, 0x9D8A, 0x6417, 0x9D91, 0x641C, 0x9D72,	0x6426, 0x9D8E, 0x6428, 0x9D92, 0x642C, 0x94C0, 0x642D, 0x938B,
	0x6434, 0x9D8B, 0x6436, 0x9D8F, 0x643A, 0x8C67, 0x643E, 0x8DEF,	0x6442, 0x90DB, 0x644E, 0x9D97, 0x6458, 0x9345, 0x6460, 0xFACA,
	0x6467, 0x9D94, 0x6469, 0x9680, 0x646F, 0x9D95, 0x6476, 0x9D96,	0x6478, 0x96CC, 0x647A, 0x90A0, 0x6483, 0x8C82, 0x6488, 0x9D9D,
	0x6492, 0x8E54, 0x6493, 0x9D9A, 0x6495, 0x9D99, 0x649A, 0x9451,	0x649D, 0xFACB, 0x649E, 0x93B3, 0x64A4, 0x9350, 0x64A5, 0x9D9B,
	0x64A9, 0x9D9C, 0x64AB, 0x958F, 0x64AD, 0x9464, 0x64AE, 0x8E42,	0x64B0, 0x90EF, 0x64B2, 0x966F, 0x64B9, 0x8A68, 0x64BB, 0x9DA3,
	0x64BC, 0x9D9E, 0x64C1, 0x9769, 0x64C2, 0x9DA5, 0x64C5, 0x9DA1,	0x64C7, 0x9DA2, 0x64CD, 0x9180, 0x64CE, 0xFACC, 0x64D2, 0x9DA0,
	0x64D4, 0x9D5E, 0x64D8, 0x9DA4, 0x64DA, 0x9D9F, 0x64E0, 0x9DA9,	0x64E1, 0x9DAA, 0x64E2, 0x9346, 0x64E3, 0x9DAC, 0x64E6, 0x8E43,
	0x64E7, 0x9DA7, 0x64EC, 0x8B5B, 0x64EF, 0x9DAD, 0x64F1, 0x9DA6,	0x64F2, 0x9DB1, 0x64F4, 0x9DB0, 0x64F6, 0x9DAF, 0x64FA, 0x9DB2,
	0x64FD, 0x9DB4, 0x64FE, 0x8FEF, 0x6500, 0x9DB3, 0x6505, 0x9DB7,	0x6518, 0x9DB5, 0x651C, 0x9DB6, 0x651D, 0x9D90, 0x6523, 0x9DB9,
	0x6524, 0x9DB8, 0x652A, 0x9D98, 0x652B, 0x9DBA, 0x652C, 0x9DAE,	0x652F, 0x8E78, 0x6534, 0x9DBB, 0x6535, 0x9DBC, 0x6536, 0x9DBE,
	0x6537, 0x9DBD, 0x6538, 0x9DBF, 0x6539, 0x89FC, 0x653B, 0x8D55,	0x653E, 0x95FA, 0x653F, 0x90AD, 0x6545, 0x8CCC, 0x6548, 0x9DC1,
	0x654D, 0x9DC4, 0x654E, 0xFACD, 0x654F, 0x9571, 0x6551, 0x8B7E,	0x6555, 0x9DC3, 0x6556, 0x9DC2, 0x6557, 0x9473, 0x6558, 0x9DC5,
	0x6559, 0x8BB3, 0x655D, 0x9DC7, 0x655E, 0x9DC6, 0x6562, 0x8AB8,	0x6563, 0x8E55, 0x6566, 0x93D6, 0x656C, 0x8C68, 0x6570, 0x9094,
	0x6572, 0x9DC8, 0x6574, 0x90AE, 0x6575, 0x9347, 0x6577, 0x957E,	0x6578, 0x9DC9, 0x6582, 0x9DCA, 0x6583, 0x9DCB, 0x6587, 0x95B6,
	0x6588, 0x9B7C, 0x6589, 0x90C4, 0x658C, 0x956B, 0x658E, 0x8DD6,	0x6590, 0x94E3, 0x6591, 0x94C1, 0x6597, 0x936C, 0x6599, 0x97BF,
	0x659B, 0x9DCD, 0x659C, 0x8ECE, 0x659F, 0x9DCE, 0x65A1, 0x88B4,	0x65A4, 0x8BD2, 0x65A5, 0x90CB, 0x65A7, 0x9580, 0x65AB, 0x9DCF,
	0x65AC, 0x8E61, 0x65AD, 0x9266, 0x65AF, 0x8E7A, 0x65B0, 0x9056,	0x65B7, 0x9DD0, 0x65B9, 0x95FB, 0x65BC, 0x8997, 0x65BD, 0x8E7B,
	0x65C1, 0x9DD3, 0x65C3, 0x9DD1, 0x65C4, 0x9DD4, 0x65C5, 0x97B7,	0x65C6, 0x9DD2, 0x65CB, 0x90F9, 0x65CC, 0x9DD5, 0x65CF, 0x91B0,
	0x65D2, 0x9DD6, 0x65D7, 0x8AF8, 0x65D9, 0x9DD8, 0x65DB, 0x9DD7,	0x65E0, 0x9DD9, 0x65E1, 0x9DDA, 0x65E2, 0x8AF9, 0x65E5, 0x93FA,
	0x65E6, 0x9255, 0x65E7, 0x8B8C, 0x65E8, 0x8E7C, 0x65E9, 0x9181,	0x65EC, 0x8F7B, 0x65ED, 0x88AE, 0x65F1, 0x9DDB, 0x65FA, 0x89A0,
	0x65FB, 0x9DDF, 0x6600, 0xFACE, 0x6602, 0x8D56, 0x6603, 0x9DDE,	0x6606, 0x8DA9, 0x6607, 0x8FB8, 0x6609, 0xFAD1, 0x660A, 0x9DDD,
	0x660C, 0x8FB9, 0x660E, 0x96BE, 0x660F, 0x8DA8, 0x6613, 0x88D5,	0x6614, 0x90CC, 0x6615, 0xFACF, 0x661C, 0x9DE4, 0x661E, 0xFAD3,
	0x661F, 0x90AF, 0x6620, 0x8966, 0x6624, 0xFAD4, 0x6625, 0x8F74,	0x6627, 0x9686, 0x6628, 0x8DF0, 0x662D, 0x8FBA, 0x662E, 0xFAD2,
	0x662F, 0x90A5, 0x6631, 0xFA63, 0x6634, 0x9DE3, 0x6635, 0x9DE1,	0x6636, 0x9DE2, 0x663B, 0xFAD0, 0x663C, 0x928B, 0x663F, 0x9E45,
	0x6641, 0x9DE8, 0x6642, 0x8E9E, 0x6643, 0x8D57, 0x6644, 0x9DE6,	0x6649, 0x9DE7, 0x664B, 0x9057, 0x664F, 0x9DE5, 0x6652, 0x8E4E,
	0x6657, 0xFAD6, 0x6659, 0xFAD7, 0x665D, 0x9DEA, 0x665E, 0x9DE9,	0x665F, 0x9DEE, 0x6662, 0x9DEF, 0x6664, 0x9DEB, 0x6665, 0xFAD5,
	0x6666, 0x8A41, 0x6667, 0x9DEC, 0x6668, 0x9DED, 0x6669, 0x94D3,	0x666E, 0x9581, 0x666F, 0x8C69, 0x6670, 0x9DF0, 0x6673, 0xFAD9,
	0x6674, 0x90B0, 0x6676, 0x8FBB, 0x667A, 0x9271, 0x6681, 0x8BC5,	0x6683, 0x9DF1, 0x6684, 0x9DF5, 0x6687, 0x89C9, 0x6688, 0x9DF2,
	0x6689, 0x9DF4, 0x668E, 0x9DF3, 0x6691, 0x8F8B, 0x6696, 0x9267,	0x6697, 0x88C3, 0x6698, 0x9DF6, 0x6699, 0xFADA, 0x669D, 0x9DF7,
	0x66A0, 0xFADB, 0x66A2, 0x92A8, 0x66A6, 0x97EF, 0x66AB, 0x8E62,	0x66AE, 0x95E9, 0x66B2, 0xFADC, 0x66B4, 0x965C, 0x66B8, 0x9E41,
	0x66B9, 0x9DF9, 0x66BC, 0x9DFC, 0x66BE, 0x9DFB, 0x66BF, 0xFADD,	0x66C1, 0x9DF8, 0x66C4, 0x9E40, 0x66C7, 0x93DC, 0x66C9, 0x9DFA,
	0x66D6, 0x9E42, 0x66D9, 0x8F8C, 0x66DA, 0x9E43, 0x66DC, 0x976A,	0x66DD, 0x9498, 0x66E0, 0x9E44, 0x66E6, 0x9E46, 0x66E9, 0x9E47,
	0x66F0, 0x9E48, 0x66F2, 0x8BC8, 0x66F3, 0x8967, 0x66F4, 0x8D58,	0x66F5, 0x9E49, 0x66F7, 0x9E4A, 0x66F8, 0x8F91, 0x66F9, 0x9182,
	0x66FA, 0xFADE, 0x66FB, 0xFA66, 0x66FC, 0x99D6, 0x66FD, 0x915D,	0x66FE, 0x915C, 0x66FF, 0x91D6, 0x6700, 0x8DC5, 0x6703, 0x98F0,
	0x6708, 0x8C8E, 0x6709, 0x974C, 0x670B, 0x95FC, 0x670D, 0x959E,	0x670E, 0xFADF, 0x670F, 0x9E4B, 0x6714, 0x8DF1, 0x6715, 0x92BD,
	0x6716, 0x9E4C, 0x6717, 0x984E, 0x671B, 0x965D, 0x671D, 0x92A9,	0x671E, 0x9E4D, 0x671F, 0x8AFA, 0x6726, 0x9E4E, 0x6727, 0x9E4F,
	0x6728, 0x96D8, 0x672A, 0x96A2, 0x672B, 0x9696, 0x672C, 0x967B,	0x672D, 0x8E44, 0x672E, 0x9E51, 0x6731, 0x8EE9, 0x6734, 0x9670,
	0x6736, 0x9E53, 0x6737, 0x9E56, 0x6738, 0x9E55, 0x673A, 0x8AF7,	0x673D, 0x8B80, 0x673F, 0x9E52, 0x6741, 0x9E54, 0x6746, 0x9E57,
	0x6749, 0x9099, 0x674E, 0x979B, 0x674F, 0x88C7, 0x6750, 0x8DDE,	0x6751, 0x91BA, 0x6753, 0x8EDB, 0x6756, 0x8FF1, 0x6759, 0x9E5A,
	0x675C, 0x936D, 0x675E, 0x9E58, 0x675F, 0x91A9, 0x6760, 0x9E59,	0x6761, 0x8FF0, 0x6762, 0x96DB, 0x6763, 0x9E5B, 0x6764, 0x9E5C,
	0x6765, 0x9788, 0x6766, 0xFAE1, 0x676A, 0x9E61, 0x676D, 0x8D59,	0x676F, 0x9474, 0x6770, 0x9E5E, 0x6771, 0x938C, 0x6772, 0x9DDC,
	0x6773, 0x9DE0, 0x6775, 0x8B6E, 0x6777, 0x9466, 0x677C, 0x9E60,	0x677E, 0x8FBC, 0x677F, 0x94C2, 0x6785, 0x9E66, 0x6787, 0x94F8,
	0x6789, 0x9E5D, 0x678B, 0x9E63, 0x678C, 0x9E62, 0x6790, 0x90CD,	0x6795, 0x968D, 0x6797, 0x97D1, 0x679A, 0x9687, 0x679C, 0x89CA,
	0x679D, 0x8E7D, 0x67A0, 0x9867, 0x67A1, 0x9E65, 0x67A2, 0x9095,	0x67A6, 0x9E64, 0x67A9, 0x9E5F, 0x67AF, 0x8CCD, 0x67B3, 0x9E6B,
	0x67B4, 0x9E69, 0x67B6, 0x89CB, 0x67B7, 0x9E67, 0x67B8, 0x9E6D,	0x67B9, 0x9E73, 0x67BB, 0xFAE2, 0x67C0, 0xFAE4, 0x67C1, 0x91C6,
	0x67C4, 0x95BF, 0x67C6, 0x9E75, 0x67CA, 0x9541, 0x67CE, 0x9E74,	0x67CF, 0x9490, 0x67D0, 0x965E, 0x67D1, 0x8AB9, 0x67D3, 0x90F5,
	0x67D4, 0x8F5F, 0x67D8, 0x92D1, 0x67DA, 0x974D, 0x67DD, 0x9E70,	0x67DE, 0x9E6F, 0x67E2, 0x9E71, 0x67E4, 0x9E6E, 0x67E7, 0x9E76,
	0x67E9, 0x9E6C, 0x67EC, 0x9E6A, 0x67EE, 0x9E72, 0x67EF, 0x9E68,	0x67F1, 0x928C, 0x67F3, 0x96F6, 0x67F4, 0x8EC4, 0x67F5, 0x8DF2,
	0x67FB, 0x8DB8, 0x67FE, 0x968F, 0x67FF, 0x8A60, 0x6801, 0xFAE5,	0x6802, 0x92CC, 0x6803, 0x93C8, 0x6804, 0x8968, 0x6813, 0x90F0,
	0x6816, 0x90B2, 0x6817, 0x8C49, 0x681E, 0x9E78, 0x6821, 0x8D5A,	0x6822, 0x8A9C, 0x6829, 0x9E7A, 0x682A, 0x8A94, 0x682B, 0x9E81,
	0x6832, 0x9E7D, 0x6834, 0x90F1, 0x6838, 0x8A6A, 0x6839, 0x8DAA,	0x683C, 0x8A69, 0x683D, 0x8DCD, 0x6840, 0x9E7B, 0x6841, 0x8C85,
	0x6842, 0x8C6A, 0x6843, 0x938D, 0x6844, 0xFAE6, 0x6846, 0x9E79,	0x6848, 0x88C4, 0x684D, 0x9E7C, 0x684E, 0x9E7E, 0x6850, 0x8BCB,
	0x6851, 0x8C4B, 0x6852, 0xFAE3, 0x6853, 0x8ABA, 0x6854, 0x8B6A,	0x6859, 0x9E82, 0x685C, 0x8DF7, 0x685D, 0x9691, 0x685F, 0x8E56,
	0x6863, 0x9E83, 0x6867, 0x954F, 0x6874, 0x9E8F, 0x6876, 0x89B1,	0x6877, 0x9E84, 0x687E, 0x9E95, 0x687F, 0x9E85, 0x6881, 0x97C0,
	0x6883, 0x9E8C, 0x6885, 0x947E, 0x688D, 0x9E94, 0x688F, 0x9E87,	0x6893, 0x88B2, 0x6894, 0x9E89, 0x6897, 0x8D5B, 0x689B, 0x9E8B,
	0x689D, 0x9E8A, 0x689F, 0x9E86, 0x68A0, 0x9E91, 0x68A2, 0x8FBD,	0x68A6, 0x9AEB, 0x68A7, 0x8CE6, 0x68A8, 0x979C, 0x68AD, 0x9E88,
	0x68AF, 0x92F2, 0x68B0, 0x8A42, 0x68B1, 0x8DAB, 0x68B3, 0x9E80,	0x68B5, 0x9E90, 0x68B6, 0x8A81, 0x68B9, 0x9E8E, 0x68BA, 0x9E92,
	0x68BC, 0x938E, 0x68C4, 0x8AFC, 0x68C6, 0x9EB0, 0x68C8, 0xFA64,	0x68C9, 0x96C7, 0x68CA, 0x9E97, 0x68CB, 0x8AFB, 0x68CD, 0x9E9E,
	0x68CF, 0xFAE7, 0x68D2, 0x965F, 0x68D4, 0x9E9F, 0x68D5, 0x9EA1,	0x68D7, 0x9EA5, 0x68D8, 0x9E99, 0x68DA, 0x9249, 0x68DF, 0x938F,
	0x68E0, 0x9EA9, 0x68E1, 0x9E9C, 0x68E3, 0x9EA6, 0x68E7, 0x9EA0,	0x68EE, 0x9058, 0x68EF, 0x9EAA, 0x68F2, 0x90B1, 0x68F9, 0x9EA8,
	0x68FA, 0x8ABB, 0x6900, 0x986F, 0x6901, 0x9E96, 0x6904, 0x9EA4,	0x6905, 0x88D6, 0x6908, 0x9E98, 0x690B, 0x96B8, 0x690C, 0x9E9D,
	0x690D, 0x9041, 0x690E, 0x92C5, 0x690F, 0x9E93, 0x6912, 0x9EA3,	0x6919, 0x909A, 0x691A, 0x9EAD, 0x691B, 0x8A91, 0x691C, 0x8C9F,
	0x6921, 0x9EAF, 0x6922, 0x9E9A, 0x6923, 0x9EAE, 0x6925, 0x9EA7,	0x6926, 0x9E9B, 0x6928, 0x9EAB, 0x692A, 0x9EAC, 0x6930, 0x9EBD,
	0x6934, 0x93CC, 0x6936, 0x9EA2, 0x6939, 0x9EB9, 0x693D, 0x9EBB,	0x693F, 0x92D6, 0x694A, 0x976B, 0x6953, 0x9596, 0x6954, 0x9EB6,
	0x6955, 0x91C8, 0x6959, 0x9EBC, 0x695A, 0x915E, 0x695C, 0x9EB3,	0x695D, 0x9EC0, 0x695E, 0x9EBF, 0x6960, 0x93ED, 0x6961, 0x9EBE,
	0x6962, 0x93E8, 0x6968, 0xFAE9, 0x696A, 0x9EC2, 0x696B, 0x9EB5,	0x696D, 0x8BC6, 0x696E, 0x9EB8, 0x696F, 0x8F7C, 0x6973, 0x9480,
	0x6974, 0x9EBA, 0x6975, 0x8BC9, 0x6977, 0x9EB2, 0x6978, 0x9EB4,	0x6979, 0x9EB1, 0x697C, 0x984F, 0x697D, 0x8A79, 0x697E, 0x9EB7,
	0x6981, 0x9EC1, 0x6982, 0x8A54, 0x698A, 0x8DE5, 0x698E, 0x897C,	0x6991, 0x9ED2, 0x6994, 0x9850, 0x6995, 0x9ED5, 0x6998, 0xFAEB,
	0x699B, 0x9059, 0x699C, 0x9ED4, 0x69A0, 0x9ED3, 0x69A7, 0x9ED0,	0x69AE, 0x9EC4, 0x69B1, 0x9EE1, 0x69B2, 0x9EC3, 0x69B4, 0x9ED6,
	0x69BB, 0x9ECE, 0x69BE, 0x9EC9, 0x69BF, 0x9EC6, 0x69C1, 0x9EC7,	0x69C3, 0x9ECF, 0x69C7, 0xEAA0, 0x69CA, 0x9ECC, 0x69CB, 0x8D5C,
	0x69CC, 0x92C6, 0x69CD, 0x9184, 0x69CE, 0x9ECA, 0x69D0, 0x9EC5,	0x69D3, 0x9EC8, 0x69D8, 0x976C, 0x69D9, 0x968A, 0x69DD, 0x9ECD,
	0x69DE, 0x9ED7, 0x69E2, 0xFAEC, 0x69E7, 0x9EDF, 0x69E8, 0x9ED8,	0x69EB, 0x9EE5, 0x69ED, 0x9EE3, 0x69F2, 0x9EDE, 0x69F9, 0x9EDD,
	0x69FB, 0x92CE, 0x69FD, 0x9185, 0x69FF, 0x9EDB, 0x6A02, 0x9ED9,	0x6A05, 0x9EE0, 0x6A0A, 0x9EE6, 0x6A0B, 0x94F3, 0x6A0C, 0x9EEC,
	0x6A12, 0x9EE7, 0x6A13, 0x9EEA, 0x6A14, 0x9EE4, 0x6A17, 0x9294,	0x6A19, 0x9557, 0x6A1B, 0x9EDA, 0x6A1E, 0x9EE2, 0x6A1F, 0x8FBE,
	0x6A21, 0x96CD, 0x6A22, 0x9EF6, 0x6A23, 0x9EE9, 0x6A29, 0x8CA0,	0x6A2A, 0x89A1, 0x6A2B, 0x8A7E, 0x6A2E, 0x9ED1, 0x6A30, 0xFAED,
	0x6A35, 0x8FBF, 0x6A36, 0x9EEE, 0x6A38, 0x9EF5, 0x6A39, 0x8EF7,	0x6A3A, 0x8A92, 0x6A3D, 0x924D, 0x6A44, 0x9EEB, 0x6A46, 0xFAEF,
	0x6A47, 0x9EF0, 0x6A48, 0x9EF4, 0x6A4B, 0x8BB4, 0x6A58, 0x8B6B,	0x6A59, 0x9EF2, 0x6A5F, 0x8B40, 0x6A61, 0x93C9, 0x6A62, 0x9EF1,
	0x6A66, 0x9EF3, 0x6A6B, 0xFAEE, 0x6A72, 0x9EED, 0x6A73, 0xFAF0,	0x6A78, 0x9EEF, 0x6A7E, 0xFAF1, 0x6A7F, 0x8A80, 0x6A80, 0x9268,
	0x6A84, 0x9EFA, 0x6A8D, 0x9EF8, 0x6A8E, 0x8CE7, 0x6A90, 0x9EF7,	0x6A97, 0x9F40, 0x6A9C, 0x9E77, 0x6AA0, 0x9EF9, 0x6AA2, 0x9EFB,
	0x6AA3, 0x9EFC, 0x6AAA, 0x9F4B, 0x6AAC, 0x9F47, 0x6AAE, 0x9E8D,	0x6AB3, 0x9F46, 0x6AB8, 0x9F45, 0x6ABB, 0x9F42, 0x6AC1, 0x9EE8,
	0x6AC2, 0x9F44, 0x6AC3, 0x9F43, 0x6AD1, 0x9F49, 0x6AD3, 0x9845,	0x6ADA, 0x9F4C, 0x6ADB, 0x8BF9, 0x6ADE, 0x9F48, 0x6ADF, 0x9F4A,
	0x6AE2, 0xFAF2, 0x6AE4, 0xFAF3, 0x6AE8, 0x94A5, 0x6AEA, 0x9F4D,	0x6AFA, 0x9F51, 0x6AFB, 0x9F4E, 0x6B04, 0x9793, 0x6B05, 0x9F4F,
	0x6B0A, 0x9EDC, 0x6B12, 0x9F52, 0x6B16, 0x9F53, 0x6B1D, 0x8954,	0x6B1F, 0x9F55, 0x6B20, 0x8C87, 0x6B21, 0x8E9F, 0x6B23, 0x8BD3,
	0x6B27, 0x89A2, 0x6B32, 0x977E, 0x6B37, 0x9F57, 0x6B38, 0x9F56,	0x6B39, 0x9F59, 0x6B3A, 0x8B5C, 0x6B3D, 0x8BD4, 0x6B3E, 0x8ABC,
	0x6B43, 0x9F5C, 0x6B47, 0x9F5B, 0x6B49, 0x9F5D, 0x6B4C, 0x89CC,	0x6B4E, 0x9256, 0x6B50, 0x9F5E, 0x6B53, 0x8ABD, 0x6B54, 0x9F60,
	0x6B59, 0x9F5F, 0x6B5B, 0x9F61, 0x6B5F, 0x9F62, 0x6B61, 0x9F63,	0x6B62, 0x8E7E, 0x6B63, 0x90B3, 0x6B64, 0x8D9F, 0x6B66, 0x9590,
	0x6B69, 0x95E0, 0x6B6A, 0x9863, 0x6B6F, 0x8E95, 0x6B73, 0x8DCE,	0x6B74, 0x97F0, 0x6B78, 0x9F64, 0x6B79, 0x9F65, 0x6B7B, 0x8E80,
	0x6B7F, 0x9F66, 0x6B80, 0x9F67, 0x6B83, 0x9F69, 0x6B84, 0x9F68,	0x6B86, 0x9677, 0x6B89, 0x8F7D, 0x6B8A, 0x8EEA, 0x6B8B, 0x8E63,
	0x6B8D, 0x9F6A, 0x6B95, 0x9F6C, 0x6B96, 0x9042, 0x6B98, 0x9F6B,	0x6B9E, 0x9F6D, 0x6BA4, 0x9F6E, 0x6BAA, 0x9F6F, 0x6BAB, 0x9F70,
	0x6BAF, 0x9F71, 0x6BB1, 0x9F73, 0x6BB2, 0x9F72, 0x6BB3, 0x9F74,	0x6BB4, 0x89A3, 0x6BB5, 0x9269, 0x6BB7, 0x9F75, 0x6BBA, 0x8E45,
	0x6BBB, 0x8A6B, 0x6BBC, 0x9F76, 0x6BBF, 0x9361, 0x6BC0, 0x9ACA,	0x6BC5, 0x8B42, 0x6BC6, 0x9F77, 0x6BCB, 0x9F78, 0x6BCD, 0x95EA,
	0x6BCE, 0x9688, 0x6BD2, 0x93C5, 0x6BD3, 0x9F79, 0x6BD4, 0x94E4,	0x6BD6, 0xFAF4, 0x6BD8, 0x94F9, 0x6BDB, 0x96D1, 0x6BDF, 0x9F7A,
	0x6BEB, 0x9F7C, 0x6BEC, 0x9F7B, 0x6BEF, 0x9F7E, 0x6BF3, 0x9F7D,	0x6C08, 0x9F81, 0x6C0F, 0x8E81, 0x6C11, 0x96AF, 0x6C13, 0x9F82,
	0x6C14, 0x9F83, 0x6C17, 0x8B43, 0x6C1B, 0x9F84, 0x6C23, 0x9F86,	0x6C24, 0x9F85, 0x6C34, 0x9085, 0x6C37, 0x9558, 0x6C38, 0x8969,
	0x6C3E, 0x94C3, 0x6C3F, 0xFAF5, 0x6C40, 0x92F3, 0x6C41, 0x8F60,	0x6C42, 0x8B81, 0x6C4E, 0x94C4, 0x6C50, 0x8EAC, 0x6C55, 0x9F88,
	0x6C57, 0x8ABE, 0x6C5A, 0x8998, 0x6C5C, 0xFAF6, 0x6C5D, 0x93F0,	0x6C5E, 0x9F87, 0x6C5F, 0x8D5D, 0x6C60, 0x9272, 0x6C62, 0x9F89,
	0x6C68, 0x9F91, 0x6C6A, 0x9F8A, 0x6C6F, 0xFAF8, 0x6C70, 0x91BF,	0x6C72, 0x8B82, 0x6C73, 0x9F92, 0x6C7A, 0x8C88, 0x6C7D, 0x8B44,
	0x6C7E, 0x9F90, 0x6C81, 0x9F8E, 0x6C82, 0x9F8B, 0x6C83, 0x9780,	0x6C86, 0xFAF7, 0x6C88, 0x92BE, 0x6C8C, 0x93D7, 0x6C8D, 0x9F8C,
	0x6C90, 0x9F94, 0x6C92, 0x9F93, 0x6C93, 0x8C42, 0x6C96, 0x89AB,	0x6C99, 0x8DB9, 0x6C9A, 0x9F8D, 0x6C9B, 0x9F8F, 0x6CA1, 0x9676,
	0x6CA2, 0x91F2, 0x6CAB, 0x9697, 0x6CAE, 0x9F9C, 0x6CB1, 0x9F9D,	0x6CB3, 0x89CD, 0x6CB8, 0x95A6, 0x6CB9, 0x96FB, 0x6CBA, 0x9F9F,
	0x6CBB, 0x8EA1, 0x6CBC, 0x8FC0, 0x6CBD, 0x9F98, 0x6CBE, 0x9F9E,	0x6CBF, 0x8988, 0x6CC1, 0x8BB5, 0x6CC4, 0x9F95, 0x6CC5, 0x9F9A,
	0x6CC9, 0x90F2, 0x6CCA, 0x9491, 0x6CCC, 0x94E5, 0x6CD3, 0x9F97,	0x6CD5, 0x9640, 0x6CD7, 0x9F99, 0x6CD9, 0x9FA2, 0x6CDA, 0xFAF9,
	0x6CDB, 0x9FA0, 0x6CDD, 0x9F9B, 0x6CE1, 0x9641, 0x6CE2, 0x9467,	0x6CE3, 0x8B83, 0x6CE5, 0x9344, 0x6CE8, 0x928D, 0x6CEA, 0x9FA3,
	0x6CEF, 0x9FA1, 0x6CF0, 0x91D7, 0x6CF1, 0x9F96, 0x6CF3, 0x896A,	0x6D04, 0xFAFA, 0x6D0B, 0x976D, 0x6D0C, 0x9FAE, 0x6D12, 0x9FAD,
	0x6D17, 0x90F4, 0x6D19, 0x9FAA, 0x6D1B, 0x978C, 0x6D1E, 0x93B4,	0x6D1F, 0x9FA4, 0x6D25, 0x92C3, 0x6D29, 0x896B, 0x6D2A, 0x8D5E,
	0x6D2B, 0x9FA7, 0x6D32, 0x8F46, 0x6D33, 0x9FAC, 0x6D35, 0x9FAB,	0x6D36, 0x9FA6, 0x6D38, 0x9FA9, 0x6D3B, 0x8A88, 0x6D3D, 0x9FA8,
	0x6D3E, 0x9468, 0x6D41, 0x97AC, 0x6D44, 0x8FF2, 0x6D45, 0x90F3,	0x6D59, 0x9FB4, 0x6D5A, 0x9FB2, 0x6D5C, 0x956C, 0x6D63, 0x9FAF,
	0x6D64, 0x9FB1, 0x6D66, 0x8959, 0x6D69, 0x8D5F, 0x6D6A, 0x9851,	0x6D6C, 0x8A5C, 0x6D6E, 0x9582, 0x6D6F, 0xFAFC, 0x6D74, 0x9781,
	0x6D77, 0x8A43, 0x6D78, 0x905A, 0x6D79, 0x9FB3, 0x6D85, 0x9FB8,	0x6D87, 0xFAFB, 0x6D88, 0x8FC1, 0x6D8C, 0x974F, 0x6D8E, 0x9FB5,
	0x6D93, 0x9FB0, 0x6D95, 0x9FB6, 0x6D96, 0xFB40, 0x6D99, 0x97DC,	0x6D9B, 0x9393, 0x6D9C, 0x93C0, 0x6DAC, 0xFB41, 0x6DAF, 0x8A55,
	0x6DB2, 0x8974, 0x6DB5, 0x9FBC, 0x6DB8, 0x9FBF, 0x6DBC, 0x97C1,	0x6DC0, 0x9784, 0x6DC5, 0x9FC6, 0x6DC6, 0x9FC0, 0x6DC7, 0x9FBD,
	0x6DCB, 0x97D2, 0x6DCC, 0x9FC3, 0x6DCF, 0xFB42, 0x6DD1, 0x8F69,	0x6DD2, 0x9FC5, 0x6DD5, 0x9FCA, 0x6DD8, 0x9391, 0x6DD9, 0x9FC8,
	0x6DDE, 0x9FC2, 0x6DE1, 0x9257, 0x6DE4, 0x9FC9, 0x6DE6, 0x9FBE,	0x6DE8, 0x9FC4, 0x6DEA, 0x9FCB, 0x6DEB, 0x88FA, 0x6DEC, 0x9FC1,
	0x6DEE, 0x9FCC, 0x6DF1, 0x905B, 0x6DF2, 0xFB44, 0x6DF3, 0x8F7E,	0x6DF5, 0x95A3, 0x6DF7, 0x8DAC, 0x6DF8, 0xFB43, 0x6DF9, 0x9FB9,
	0x6DFA, 0x9FC7, 0x6DFB, 0x9359, 0x6DFC, 0xFB45, 0x6E05, 0x90B4,	0x6E07, 0x8A89, 0x6E08, 0x8DCF, 0x6E09, 0x8FC2, 0x6E0A, 0x9FBB,
	0x6E0B, 0x8F61, 0x6E13, 0x8C6B, 0x6E15, 0x9FBA, 0x6E19, 0x9FD0,	0x6E1A, 0x8F8D, 0x6E1B, 0x8CB8, 0x6E1D, 0x9FDF, 0x6E1F, 0x9FD9,
	0x6E20, 0x8B94, 0x6E21, 0x936E, 0x6E23, 0x9FD4, 0x6E24, 0x9FDD,	0x6E25, 0x88AD, 0x6E26, 0x8951, 0x6E27, 0xFB48, 0x6E29, 0x89B7,
	0x6E2B, 0x9FD6, 0x6E2C, 0x91AA, 0x6E2D, 0x9FCD, 0x6E2E, 0x9FCF,	0x6E2F, 0x8D60, 0x6E38, 0x9FE0, 0x6E39, 0xFB46, 0x6E3A, 0x9FDB,
	0x6E3C, 0xFB49, 0x6E3E, 0x9FD3, 0x6E43, 0x9FDA, 0x6E4A, 0x96A9,	0x6E4D, 0x9FD8, 0x6E4E, 0x9FDC, 0x6E56, 0x8CCE, 0x6E58, 0x8FC3,
	0x6E5B, 0x9258, 0x6E5C, 0xFB47, 0x6E5F, 0x9FD2, 0x6E67, 0x974E,	0x6E6B, 0x9FD5, 0x6E6E, 0x9FCE, 0x6E6F, 0x9392, 0x6E72, 0x9FD1,
	0x6E76, 0x9FD7, 0x6E7E, 0x9870, 0x6E7F, 0x8EBC, 0x6E80, 0x969E,	0x6E82, 0x9FE1, 0x6E8C, 0x94AC, 0x6E8F, 0x9FED, 0x6E90, 0x8CB9,
	0x6E96, 0x8F80, 0x6E98, 0x9FE3, 0x6E9C, 0x97AD, 0x6E9D, 0x8D61,	0x6E9F, 0x9FF0, 0x6EA2, 0x88EC, 0x6EA5, 0x9FEE, 0x6EAA, 0x9FE2,
	0x6EAF, 0x9FE8, 0x6EB2, 0x9FEA, 0x6EB6, 0x976E, 0x6EB7, 0x9FE5,	0x6EBA, 0x934D, 0x6EBD, 0x9FE7, 0x6EBF, 0xFB4A, 0x6EC2, 0x9FEF,
	0x6EC4, 0x9FE9, 0x6EC5, 0x96C5, 0x6EC9, 0x9FE4, 0x6ECB, 0x8EA0,	0x6ECC, 0x9FFC, 0x6ED1, 0x8A8A, 0x6ED3, 0x9FE6, 0x6ED4, 0x9FEB,
	0x6ED5, 0x9FEC, 0x6EDD, 0x91EA, 0x6EDE, 0x91D8, 0x6EEC, 0x9FF4,	0x6EEF, 0x9FFA, 0x6EF2, 0x9FF8, 0x6EF4, 0x9348, 0x6EF7, 0xE042,
	0x6EF8, 0x9FF5, 0x6EFE, 0x9FF6, 0x6EFF, 0x9FDE, 0x6F01, 0x8B99,	0x6F02, 0x9559, 0x6F06, 0x8EBD, 0x6F09, 0x8D97, 0x6F0F, 0x9852,
	0x6F11, 0x9FF2, 0x6F13, 0xE041, 0x6F14, 0x8989, 0x6F15, 0x9186,	0x6F20, 0x9499, 0x6F22, 0x8ABF, 0x6F23, 0x97F8, 0x6F2B, 0x969F,
	0x6F2C, 0x92D0, 0x6F31, 0x9FF9, 0x6F32, 0x9FFB, 0x6F38, 0x9151,	0x6F3E, 0xE040, 0x6F3F, 0x9FF7, 0x6F41, 0x9FF1, 0x6F45, 0x8AC1,
	0x6F54, 0x8C89, 0x6F58, 0xE04E, 0x6F5B, 0xE049, 0x6F5C, 0x90F6,	0x6F5F, 0x8A83, 0x6F64, 0x8F81, 0x6F66, 0xE052, 0x6F6D, 0xE04B,
	0x6F6E, 0x92AA, 0x6F6F, 0xE048, 0x6F70, 0x92D7, 0x6F74, 0xE06B,	0x6F78, 0xE045, 0x6F7A, 0xE044, 0x6F7C, 0xE04D, 0x6F80, 0xE047,
	0x6F81, 0xE046, 0x6F82, 0xE04C, 0x6F84, 0x909F, 0x6F86, 0xE043,	0x6F88, 0xFB4B, 0x6F8E, 0xE04F, 0x6F91, 0xE050, 0x6F97, 0x8AC0,
	0x6FA1, 0xE055, 0x6FA3, 0xE054, 0x6FA4, 0xE056, 0x6FAA, 0xE059,	0x6FB1, 0x9362, 0x6FB3, 0xE053, 0x6FB5, 0xFB4C, 0x6FB9, 0xE057,
	0x6FC0, 0x8C83, 0x6FC1, 0x91F7, 0x6FC2, 0xE051, 0x6FC3, 0x945A,	0x6FC6, 0xE058, 0x6FD4, 0xE05D, 0x6FD5, 0xE05B, 0x6FD8, 0xE05E,
	0x6FDB, 0xE061, 0x6FDF, 0xE05A, 0x6FE0, 0x8D8A, 0x6FE1, 0x9447,	0x6FE4, 0x9FB7, 0x6FEB, 0x9794, 0x6FEC, 0xE05C, 0x6FEE, 0xE060,
	0x6FEF, 0x91F3, 0x6FF1, 0xE05F, 0x6FF3, 0xE04A, 0x6FF5, 0xFB4D,	0x6FF6, 0xE889, 0x6FFA, 0xE064, 0x6FFE, 0xE068, 0x7001, 0xE066,
	0x7005, 0xFB4E, 0x7007, 0xFB4F, 0x7009, 0xE062, 0x700B, 0xE063,	0x700F, 0xE067, 0x7011, 0xE065, 0x7015, 0x956D, 0x7018, 0xE06D,
	0x701A, 0xE06A, 0x701B, 0xE069, 0x701D, 0xE06C, 0x701E, 0x93D2,	0x701F, 0xE06E, 0x7026, 0x9295, 0x7027, 0x91EB, 0x7028, 0xFB50,
	0x702C, 0x90A3, 0x7030, 0xE06F, 0x7032, 0xE071, 0x703E, 0xE070,	0x704C, 0x9FF3, 0x7051, 0xE072, 0x7058, 0x93E5, 0x7063, 0xE073,
	0x706B, 0x89CE, 0x706F, 0x9394, 0x7070, 0x8A44, 0x7078, 0x8B84,	0x707C, 0x8EDC, 0x707D, 0x8DD0, 0x7085, 0xFB51, 0x7089, 0x9846,
	0x708A, 0x9086, 0x708E, 0x898A, 0x7092, 0xE075, 0x7099, 0xE074,	0x70AB, 0xFB52, 0x70AC, 0xE078, 0x70AD, 0x9259, 0x70AE, 0xE07B,
	0x70AF, 0xE076, 0x70B3, 0xE07A, 0x70B8, 0xE079, 0x70B9, 0x935F,	0x70BA, 0x88D7, 0x70BB, 0xFA62, 0x70C8, 0x97F3, 0x70CB, 0xE07D,
	0x70CF, 0x8947, 0x70D9, 0xE080, 0x70DD, 0xE07E, 0x70DF, 0xE07C,	0x70F1, 0xE077, 0x70F9, 0x9642, 0x70FD, 0xE082, 0x7104, 0xFB54,
	0x7109, 0xE081, 0x710F, 0xFB53, 0x7114, 0x898B, 0x7119, 0xE084,	0x711A, 0x95B0, 0x711C, 0xE083, 0x7121, 0x96B3, 0x7126, 0x8FC5,
	0x7136, 0x9152, 0x713C, 0x8FC4, 0x7146, 0xFB56, 0x7147, 0xFB57,	0x7149, 0x97F9, 0x714C, 0xE08A, 0x714E, 0x90F7, 0x7155, 0xE086,
	0x7156, 0xE08B, 0x7159, 0x898C, 0x715C, 0xFB55, 0x7162, 0xE089,	0x7164, 0x9481, 0x7165, 0xE085, 0x7166, 0xE088, 0x7167, 0x8FC6,
	0x7169, 0x94CF, 0x716C, 0xE08C, 0x716E, 0x8ECF, 0x717D, 0x90F8,	0x7184, 0xE08F, 0x7188, 0xE087, 0x718A, 0x8C46, 0x718F, 0xE08D,
	0x7194, 0x976F, 0x7195, 0xE090, 0x7199, 0xEAA4, 0x719F, 0x8F6E,	0x71A8, 0xE091, 0x71AC, 0xE092, 0x71B1, 0x944D, 0x71B9, 0xE094,
	0x71BE, 0xE095, 0x71C1, 0xFB59, 0x71C3, 0x9452, 0x71C8, 0x9395,	0x71C9, 0xE097, 0x71CE, 0xE099, 0x71D0, 0x97D3, 0x71D2, 0xE096,
	0x71D4, 0xE098, 0x71D5, 0x898D, 0x71D7, 0xE093, 0x71DF, 0x9A7A,	0x71E0, 0xE09A, 0x71E5, 0x9187, 0x71E6, 0x8E57, 0x71E7, 0xE09C,
	0x71EC, 0xE09B, 0x71ED, 0x9043, 0x71EE, 0x99D7, 0x71F5, 0xE09D,	0x71F9, 0xE09F, 0x71FB, 0xE08E, 0x71FC, 0xE09E, 0x71FE, 0xFB5A,
	0x71FF, 0xE0A0, 0x7206, 0x949A, 0x720D, 0xE0A1, 0x7210, 0xE0A2,	0x721B, 0xE0A3, 0x7228, 0xE0A4, 0x722A, 0x92DC, 0x722C, 0xE0A6,
	0x722D, 0xE0A5, 0x7230, 0xE0A7, 0x7232, 0xE0A8, 0x7235, 0x8EDD,	0x7236, 0x9583, 0x723A, 0x96EA, 0x723B, 0xE0A9, 0x723C, 0xE0AA,
	0x723D, 0x9175, 0x723E, 0x8EA2, 0x723F, 0xE0AB, 0x7240, 0xE0AC,	0x7246, 0xE0AD, 0x7247, 0x95D0, 0x7248, 0x94C5, 0x724B, 0xE0AE,
	0x724C, 0x9476, 0x7252, 0x92AB, 0x7258, 0xE0AF, 0x7259, 0x89E5,	0x725B, 0x8B8D, 0x725D, 0x96C4, 0x725F, 0x96B4, 0x7261, 0x89B2,
	0x7262, 0x9853, 0x7267, 0x9671, 0x7269, 0x95A8, 0x7272, 0x90B5,	0x7274, 0xE0B0, 0x7279, 0x93C1, 0x727D, 0x8CA1, 0x727E, 0xE0B1,
	0x7280, 0x8DD2, 0x7281, 0xE0B3, 0x7282, 0xE0B2, 0x7287, 0xE0B4,	0x7292, 0xE0B5, 0x7296, 0xE0B6, 0x72A0, 0x8B5D, 0x72A2, 0xE0B7,
	0x72A7, 0xE0B8, 0x72AC, 0x8CA2, 0x72AF, 0x94C6, 0x72B1, 0xFB5B,	0x72B2, 0xE0BA, 0x72B6, 0x8FF3, 0x72B9, 0xE0B9, 0x72BE, 0xFB5C,
	0x72C2, 0x8BB6, 0x72C3, 0xE0BB, 0x72C4, 0xE0BD, 0x72C6, 0xE0BC,	0x72CE, 0xE0BE, 0x72D0, 0x8CCF, 0x72D2, 0xE0BF, 0x72D7, 0x8BE7,
	0x72D9, 0x915F, 0x72DB, 0x8D9D, 0x72E0, 0xE0C1, 0x72E1, 0xE0C2,	0x72E2, 0xE0C0, 0x72E9, 0x8EEB, 0x72EC, 0x93C6, 0x72ED, 0x8BB7,
	0x72F7, 0xE0C4, 0x72F8, 0x924B, 0x72F9, 0xE0C3, 0x72FC, 0x9854,	0x72FD, 0x9482, 0x730A, 0xE0C7, 0x7316, 0xE0C9, 0x7317, 0xE0C6,
	0x731B, 0x96D2, 0x731C, 0xE0C8, 0x731D, 0xE0CA, 0x731F, 0x97C2,	0x7324, 0xFB5D, 0x7325, 0xE0CE, 0x7329, 0xE0CD, 0x732A, 0x9296,
	0x732B, 0x944C, 0x732E, 0x8CA3, 0x732F, 0xE0CC, 0x7334, 0xE0CB,	0x7336, 0x9750, 0x7337, 0x9751, 0x733E, 0xE0CF, 0x733F, 0x898E,
	0x7344, 0x8D96, 0x7345, 0x8E82, 0x734E, 0xE0D0, 0x734F, 0xE0D1,	0x7357, 0xE0D3, 0x7363, 0x8F62, 0x7368, 0xE0D5, 0x736A, 0xE0D4,
	0x7370, 0xE0D6, 0x7372, 0x8A6C, 0x7375, 0xE0D8, 0x7377, 0xFB5F,	0x7378, 0xE0D7, 0x737A, 0xE0DA, 0x737B, 0xE0D9, 0x7384, 0x8CBA,
	0x7387, 0x97A6, 0x7389, 0x8BCA, 0x738B, 0x89A4, 0x7396, 0x8BE8,	0x73A9, 0x8ADF, 0x73B2, 0x97E6, 0x73B3, 0xE0DC, 0x73BB, 0xE0DE,
	0x73BD, 0xFB60, 0x73C0, 0xE0DF, 0x73C2, 0x89CF, 0x73C8, 0xE0DB,	0x73C9, 0xFB61, 0x73CA, 0x8E58, 0x73CD, 0x92BF, 0x73CE, 0xE0DD,
	0x73D2, 0xFB64, 0x73D6, 0xFB62, 0x73DE, 0xE0E2, 0x73E0, 0x8EEC,	0x73E3, 0xFB63, 0x73E5, 0xE0E0, 0x73EA, 0x8C5D, 0x73ED, 0x94C7,
	0x73EE, 0xE0E1, 0x73F1, 0xE0FC, 0x73F5, 0xFB66, 0x73F8, 0xE0E7,	0x73FE, 0x8CBB, 0x7403, 0x8B85, 0x7405, 0xE0E4, 0x7406, 0x979D,
	0x7407, 0xFB65, 0x7409, 0x97AE, 0x7422, 0x91F4, 0x7425, 0xE0E6,	0x7426, 0xFB67, 0x7429, 0xFB69, 0x742A, 0xFB68, 0x742E, 0xFB6A,
	0x7432, 0xE0E8, 0x7433, 0x97D4, 0x7434, 0x8BD5, 0x7435, 0x94FA,	0x7436, 0x9469, 0x743A, 0xE0E9, 0x743F, 0xE0EB, 0x7441, 0xE0EE,
	0x7455, 0xE0EA, 0x7459, 0xE0ED, 0x745A, 0x8CE8, 0x745B, 0x896C,	0x745C, 0xE0EF, 0x745E, 0x9090, 0x745F, 0xE0EC, 0x7460, 0x97DA,
	0x7462, 0xFB6B, 0x7463, 0xE0F2, 0x7464, 0xEAA2, 0x7469, 0xE0F0,	0x746A, 0xE0F3, 0x746F, 0xE0E5, 0x7470, 0xE0F1, 0x7473, 0x8DBA,
	0x7476, 0xE0F4, 0x747E, 0xE0F5, 0x7483, 0x979E, 0x7489, 0xFB6C,	0x748B, 0xE0F6, 0x749E, 0xE0F7, 0x749F, 0xFB6D, 0x74A2, 0xE0E3,
	0x74A7, 0xE0F8, 0x74B0, 0x8AC2, 0x74BD, 0x8EA3, 0x74CA, 0xE0F9,	0x74CF, 0xE0FA, 0x74D4, 0xE0FB, 0x74DC, 0x895A, 0x74E0, 0xE140,
	0x74E2, 0x955A, 0x74E3, 0xE141, 0x74E6, 0x8AA2, 0x74E7, 0xE142,	0x74E9, 0xE143, 0x74EE, 0xE144, 0x74F0, 0xE146, 0x74F1, 0xE147,
	0x74F2, 0xE145, 0x74F6, 0x9572, 0x74F7, 0xE149, 0x74F8, 0xE148,	0x7501, 0xFB6E, 0x7503, 0xE14B, 0x7504, 0xE14A, 0x7505, 0xE14C,
	0x750C, 0xE14D, 0x750D, 0xE14F, 0x750E, 0xE14E, 0x7511, 0x8D99,	0x7513, 0xE151, 0x7515, 0xE150, 0x7518, 0x8AC3, 0x751A, 0x9072,
	0x751C, 0x935B, 0x751E, 0xE152, 0x751F, 0x90B6, 0x7523, 0x8E59,	0x7525, 0x8999, 0x7526, 0xE153, 0x7528, 0x9770, 0x752B, 0x95E1,
	0x752C, 0xE154, 0x752F, 0xFAA8, 0x7530, 0x9363, 0x7531, 0x9752,	0x7532, 0x8D62, 0x7533, 0x905C, 0x7537, 0x926A, 0x7538, 0x99B2,
	0x753A, 0x92AC, 0x753B, 0x89E6, 0x753C, 0xE155, 0x7544, 0xE156,	0x7546, 0xE15B, 0x7549, 0xE159, 0x754A, 0xE158, 0x754B, 0x9DC0,
	0x754C, 0x8A45, 0x754D, 0xE157, 0x754F, 0x88D8, 0x7551, 0x94A8,	0x7554, 0x94C8, 0x7559, 0x97AF, 0x755A, 0xE15C, 0x755B, 0xE15A,
	0x755C, 0x927B, 0x755D, 0x90A4, 0x7560, 0x94A9, 0x7562, 0x954C,	0x7564, 0xE15E, 0x7565, 0x97AA, 0x7566, 0x8C6C, 0x7567, 0xE15F,
	0x7569, 0xE15D, 0x756A, 0x94D4, 0x756B, 0xE160, 0x756D, 0xE161,	0x756F, 0xFB6F, 0x7570, 0x88D9, 0x7573, 0x8FF4, 0x7574, 0xE166,
	0x7576, 0xE163, 0x7577, 0x93EB, 0x7578, 0xE162, 0x757F, 0x8B45,	0x7582, 0xE169, 0x7586, 0xE164, 0x7587, 0xE165, 0x7589, 0xE168,
	0x758A, 0xE167, 0x758B, 0x9544, 0x758E, 0x9161, 0x758F, 0x9160,	0x7591, 0x8B5E, 0x7594, 0xE16A, 0x759A, 0xE16B, 0x759D, 0xE16C,
	0x75A3, 0xE16E, 0x75A5, 0xE16D, 0x75AB, 0x8975, 0x75B1, 0xE176,	0x75B2, 0x94E6, 0x75B3, 0xE170, 0x75B5, 0xE172, 0x75B8, 0xE174,
	0x75B9, 0x905D, 0x75BC, 0xE175, 0x75BD, 0xE173, 0x75BE, 0x8EBE,	0x75C2, 0xE16F, 0x75C3, 0xE171, 0x75C5, 0x9561, 0x75C7, 0x8FC7,
	0x75CA, 0xE178, 0x75CD, 0xE177, 0x75D2, 0xE179, 0x75D4, 0x8EA4,	0x75D5, 0x8DAD, 0x75D8, 0x9397, 0x75D9, 0xE17A, 0x75DB, 0x92C9,
	0x75DE, 0xE17C, 0x75E2, 0x979F, 0x75E3, 0xE17B, 0x75E9, 0x9189,	0x75F0, 0xE182, 0x75F2, 0xE184, 0x75F3, 0xE185, 0x75F4, 0x9273,
	0x75FA, 0xE183, 0x75FC, 0xE180, 0x75FE, 0xE17D, 0x75FF, 0xE17E,	0x7601, 0xE181, 0x7609, 0xE188, 0x760B, 0xE186, 0x760D, 0xE187,
	0x761F, 0xE189, 0x7620, 0xE18B, 0x7621, 0xE18C, 0x7622, 0xE18D,	0x7624, 0xE18E, 0x7627, 0xE18A, 0x7630, 0xE190, 0x7634, 0xE18F,
	0x763B, 0xE191, 0x7642, 0x97C3, 0x7646, 0xE194, 0x7647, 0xE192,	0x7648, 0xE193, 0x764C, 0x8AE0, 0x7652, 0x96FC, 0x7656, 0x95C8,
	0x7658, 0xE196, 0x765C, 0xE195, 0x7661, 0xE197, 0x7662, 0xE198,	0x7667, 0xE19C, 0x7668, 0xE199, 0x7669, 0xE19A, 0x766A, 0xE19B,
	0x766C, 0xE19D, 0x7670, 0xE19E, 0x7672, 0xE19F, 0x7676, 0xE1A0,	0x7678, 0xE1A1, 0x767A, 0x94AD, 0x767B, 0x936F, 0x767C, 0xE1A2,
	0x767D, 0x9492, 0x767E, 0x9553, 0x7680, 0xE1A3, 0x7682, 0xFB70,	0x7683, 0xE1A4, 0x7684, 0x9349, 0x7686, 0x8A46, 0x7687, 0x8D63,
	0x7688, 0xE1A5, 0x768B, 0xE1A6, 0x768E, 0xE1A7, 0x7690, 0x8E48,	0x7693, 0xE1A9, 0x7696, 0xE1A8, 0x7699, 0xE1AA, 0x769A, 0xE1AB,
	0x769B, 0xFB73, 0x769C, 0xFB71, 0x769E, 0xFB72, 0x76A6, 0xFB74,	0x76AE, 0x94E7, 0x76B0, 0xE1AC, 0x76B4, 0xE1AD, 0x76B7, 0xEA89,
	0x76B8, 0xE1AE, 0x76B9, 0xE1AF, 0x76BA, 0xE1B0, 0x76BF, 0x8E4D,	0x76C2, 0xE1B1, 0x76C3, 0x9475, 0x76C6, 0x967E, 0x76C8, 0x896D,
	0x76CA, 0x8976, 0x76CD, 0xE1B2, 0x76D2, 0xE1B4, 0x76D6, 0xE1B3,	0x76D7, 0x9390, 0x76DB, 0x90B7, 0x76DC, 0x9F58, 0x76DE, 0xE1B5,
	0x76DF, 0x96BF, 0x76E1, 0xE1B6, 0x76E3, 0x8AC4, 0x76E4, 0x94D5,	0x76E5, 0xE1B7, 0x76E7, 0xE1B8, 0x76EA, 0xE1B9, 0x76EE, 0x96DA,
	0x76F2, 0x96D3, 0x76F4, 0x92BC, 0x76F8, 0x918A, 0x76FB, 0xE1BB,	0x76FE, 0x8F82, 0x7701, 0x8FC8, 0x7704, 0xE1BE, 0x7707, 0xE1BD,
	0x7708, 0xE1BC, 0x7709, 0x94FB, 0x770B, 0x8AC5, 0x770C, 0x8CA7,	0x771B, 0xE1C4, 0x771E, 0xE1C1, 0x771F, 0x905E, 0x7720, 0x96B0,
	0x7724, 0xE1C0, 0x7725, 0xE1C2, 0x7726, 0xE1C3, 0x7729, 0xE1BF,	0x7737, 0xE1C5, 0x7738, 0xE1C6, 0x773A, 0x92AD, 0x773C, 0x8AE1,
	0x7740, 0x9285, 0x7746, 0xFB76, 0x7747, 0xE1C7, 0x775A, 0xE1C8,	0x775B, 0xE1CB, 0x7761, 0x9087, 0x7763, 0x93C2, 0x7765, 0xE1CC,
	0x7766, 0x9672, 0x7768, 0xE1C9, 0x776B, 0xE1CA, 0x7779, 0xE1CF,	0x777E, 0xE1CE, 0x777F, 0xE1CD, 0x778B, 0xE1D1, 0x778E, 0xE1D0,
	0x7791, 0xE1D2, 0x779E, 0xE1D4, 0x77A0, 0xE1D3, 0x77A5, 0x95CB,	0x77AC, 0x8F75, 0x77AD, 0x97C4, 0x77B0, 0xE1D5, 0x77B3, 0x93B5,
	0x77B6, 0xE1D6, 0x77B9, 0xE1D7, 0x77BB, 0xE1DB, 0x77BC, 0xE1D9,	0x77BD, 0xE1DA, 0x77BF, 0xE1D8, 0x77C7, 0xE1DC, 0x77CD, 0xE1DD,
	0x77D7, 0xE1DE, 0x77DA, 0xE1DF, 0x77DB, 0x96B5, 0x77DC, 0xE1E0,	0x77E2, 0x96EE, 0x77E3, 0xE1E1, 0x77E5, 0x926D, 0x77E7, 0x948A,
	0x77E9, 0x8BE9, 0x77ED, 0x925A, 0x77EE, 0xE1E2, 0x77EF, 0x8BB8,	0x77F3, 0x90CE, 0x77FC, 0xE1E3, 0x7802, 0x8DBB, 0x780C, 0xE1E4,
	0x7812, 0xE1E5, 0x7814, 0x8CA4, 0x7815, 0x8DD3, 0x7820, 0xE1E7,	0x7821, 0xFB78, 0x7825, 0x9375, 0x7826, 0x8DD4, 0x7827, 0x8B6D,
	0x7832, 0x9643, 0x7834, 0x946A, 0x783A, 0x9376, 0x783F, 0x8D7B,	0x7845, 0xE1E9, 0x784E, 0xFB79, 0x785D, 0x8FC9, 0x7864, 0xFB7A,
	0x786B, 0x97B0, 0x786C, 0x8D64, 0x786F, 0x8CA5, 0x7872, 0x94A1,	0x7874, 0xE1EB, 0x787A, 0xFB7B, 0x787C, 0xE1ED, 0x7881, 0x8CE9,
	0x7886, 0xE1EC, 0x7887, 0x92F4, 0x788C, 0xE1EF, 0x788D, 0x8A56,	0x788E, 0xE1EA, 0x7891, 0x94E8, 0x7893, 0x894F, 0x7895, 0x8DEA,
	0x7897, 0x9871, 0x789A, 0xE1EE, 0x78A3, 0xE1F0, 0x78A7, 0x95C9,	0x78A9, 0x90D7, 0x78AA, 0xE1F2, 0x78AF, 0xE1F3, 0x78B5, 0xE1F1,
	0x78BA, 0x8A6D, 0x78BC, 0xE1F9, 0x78BE, 0xE1F8, 0x78C1, 0x8EA5,	0x78C5, 0xE1FA, 0x78C6, 0xE1F5, 0x78CA, 0xE1FB, 0x78CB, 0xE1F6,
	0x78D0, 0x94D6, 0x78D1, 0xE1F4, 0x78D4, 0xE1F7, 0x78DA, 0xE241,	0x78E7, 0xE240, 0x78E8, 0x9681, 0x78EC, 0xE1FC, 0x78EF, 0x88E9,
	0x78F4, 0xE243, 0x78FD, 0xE242, 0x7901, 0x8FCA, 0x7907, 0xE244,	0x790E, 0x9162, 0x7911, 0xE246, 0x7912, 0xE245, 0x7919, 0xE247,
	0x7926, 0xE1E6, 0x792A, 0xE1E8, 0x792B, 0xE249, 0x792C, 0xE248,	0x7930, 0xFB7C, 0x793A, 0x8EA6, 0x793C, 0x97E7, 0x793E, 0x8ED0,
	0x7940, 0xE24A, 0x7941, 0x8C56, 0x7947, 0x8B5F, 0x7948, 0x8B46,	0x7949, 0x8E83, 0x7950, 0x9753, 0x7953, 0xE250, 0x7955, 0xE24F,
	0x7956, 0x9163, 0x7957, 0xE24C, 0x795A, 0xE24E, 0x795D, 0x8F6A,	0x795E, 0x905F, 0x795F, 0xE24D, 0x7960, 0xE24B, 0x7962, 0x9449,
	0x7965, 0x8FCB, 0x7968, 0x955B, 0x796D, 0x8DD5, 0x7977, 0x9398,	0x797A, 0xE251, 0x797F, 0xE252, 0x7980, 0xE268, 0x7981, 0x8BD6,
	0x7984, 0x985C, 0x7985, 0x9154, 0x798A, 0xE253, 0x798D, 0x89D0,	0x798E, 0x92F5, 0x798F, 0x959F, 0x7994, 0xFB81, 0x799B, 0xFB83,
	0x799D, 0xE254, 0x79A6, 0x8B9A, 0x79A7, 0xE255, 0x79AA, 0xE257,	0x79AE, 0xE258, 0x79B0, 0x9448, 0x79B3, 0xE259, 0x79B9, 0xE25A,
	0x79BA, 0xE25B, 0x79BD, 0x8BD7, 0x79BE, 0x89D1, 0x79BF, 0x93C3,	0x79C0, 0x8F47, 0x79C1, 0x8E84, 0x79C9, 0xE25C, 0x79CB, 0x8F48,
	0x79D1, 0x89C8, 0x79D2, 0x9562, 0x79D5, 0xE25D, 0x79D8, 0x94E9,	0x79DF, 0x9164, 0x79E1, 0xE260, 0x79E3, 0xE261, 0x79E4, 0x9489,
	0x79E6, 0x9060, 0x79E7, 0xE25E, 0x79E9, 0x9281, 0x79EC, 0xE25F,	0x79F0, 0x8FCC, 0x79FB, 0x88DA, 0x7A00, 0x8B48, 0x7A08, 0xE262,
	0x7A0B, 0x92F6, 0x7A0D, 0xE263, 0x7A0E, 0x90C5, 0x7A14, 0x96AB,	0x7A17, 0x9542, 0x7A18, 0xE264, 0x7A19, 0xE265, 0x7A1A, 0x9274,
	0x7A1C, 0x97C5, 0x7A1F, 0xE267, 0x7A20, 0xE266, 0x7A2E, 0x8EED,	0x7A31, 0xE269, 0x7A32, 0x88EE, 0x7A37, 0xE26C, 0x7A3B, 0xE26A,
	0x7A3C, 0x89D2, 0x7A3D, 0x8C6D, 0x7A3E, 0xE26B, 0x7A3F, 0x8D65,	0x7A40, 0x8D92, 0x7A42, 0x95E4, 0x7A43, 0xE26D, 0x7A46, 0x9673,
	0x7A49, 0xE26F, 0x7A4D, 0x90CF, 0x7A4E, 0x896E, 0x7A4F, 0x89B8,	0x7A50, 0x88AA, 0x7A57, 0xE26E, 0x7A61, 0xE270, 0x7A62, 0xE271,
	0x7A63, 0x8FF5, 0x7A69, 0xE272, 0x7A6B, 0x8A6E, 0x7A70, 0xE274,	0x7A74, 0x8C8A, 0x7A76, 0x8B86, 0x7A79, 0xE275, 0x7A7A, 0x8BF3,
	0x7A7D, 0xE276, 0x7A7F, 0x90FA, 0x7A81, 0x93CB, 0x7A83, 0x90DE,	0x7A84, 0x8DF3, 0x7A88, 0xE277, 0x7A92, 0x9282, 0x7A93, 0x918B,
	0x7A95, 0xE279, 0x7A96, 0xE27B, 0x7A97, 0xE278, 0x7A98, 0xE27A,	0x7A9F, 0x8C41, 0x7AA9, 0xE27C, 0x7AAA, 0x8C45, 0x7AAE, 0x8B87,
	0x7AAF, 0x9771, 0x7AB0, 0xE27E, 0x7AB6, 0xE280, 0x7ABA, 0x894D,	0x7ABF, 0xE283, 0x7AC3, 0x8A96, 0x7AC4, 0xE282, 0x7AC5, 0xE281,
	0x7AC7, 0xE285, 0x7AC8, 0xE27D, 0x7ACA, 0xE286, 0x7ACB, 0x97A7,	0x7ACD, 0xE287, 0x7ACF, 0xE288, 0x7AD1, 0xFB84, 0x7AD2, 0x9AF2,
	0x7AD3, 0xE28A, 0x7AD5, 0xE289, 0x7AD9, 0xE28B, 0x7ADA, 0xE28C,	0x7ADC, 0x97B3, 0x7ADD, 0xE28D, 0x7ADF, 0xE8ED, 0x7AE0, 0x8FCD,
	0x7AE1, 0xE28E, 0x7AE2, 0xE28F, 0x7AE3, 0x8F76, 0x7AE5, 0x93B6,	0x7AE6, 0xE290, 0x7AE7, 0xFB85, 0x7AEA, 0x9247, 0x7AEB, 0xFB87,
	0x7AED, 0xE291, 0x7AEF, 0x925B, 0x7AF0, 0xE292, 0x7AF6, 0x8BA3,	0x7AF8, 0x995E, 0x7AF9, 0x927C, 0x7AFA, 0x8EB1, 0x7AFF, 0x8AC6,
	0x7B02, 0xE293, 0x7B04, 0xE2A0, 0x7B06, 0xE296, 0x7B08, 0x8B88,	0x7B0A, 0xE295, 0x7B0B, 0xE2A2, 0x7B0F, 0xE294, 0x7B11, 0x8FCE,
	0x7B18, 0xE298, 0x7B19, 0xE299, 0x7B1B, 0x934A, 0x7B1E, 0xE29A,	0x7B20, 0x8A7D, 0x7B25, 0x9079, 0x7B26, 0x9584, 0x7B28, 0xE29C,
	0x7B2C, 0x91E6, 0x7B33, 0xE297, 0x7B35, 0xE29B, 0x7B36, 0xE29D,	0x7B39, 0x8DF9, 0x7B45, 0xE2A4, 0x7B46, 0x954D, 0x7B48, 0x94A4,
	0x7B49, 0x9399, 0x7B4B, 0x8BD8, 0x7B4C, 0xE2A3, 0x7B4D, 0xE2A1,	0x7B4F, 0x94B3, 0x7B50, 0xE29E, 0x7B51, 0x927D, 0x7B52, 0x939B,
	0x7B54, 0x939A, 0x7B56, 0x8DF4, 0x7B5D, 0xE2B6, 0x7B65, 0xE2A6,	0x7B67, 0xE2A8, 0x7B6C, 0xE2AB, 0x7B6E, 0xE2AC, 0x7B70, 0xE2A9,
	0x7B71, 0xE2AA, 0x7B74, 0xE2A7, 0x7B75, 0xE2A5, 0x7B7A, 0xE29F,	0x7B86, 0x95CD, 0x7B87, 0x89D3, 0x7B8B, 0xE2B3, 0x7B8D, 0xE2B0,
	0x7B8F, 0xE2B5, 0x7B92, 0xE2B4, 0x7B94, 0x9493, 0x7B95, 0x96A5,	0x7B97, 0x8E5A, 0x7B98, 0xE2AE, 0x7B99, 0xE2B7, 0x7B9A, 0xE2B2,
	0x7B9C, 0xE2B1, 0x7B9D, 0xE2AD, 0x7B9E, 0xFB88, 0x7B9F, 0xE2AF,	0x7BA1, 0x8AC7, 0x7BAA, 0x925C, 0x7BAD, 0x90FB, 0x7BB1, 0x94A0,
	0x7BB4, 0xE2BC, 0x7BB8, 0x94A2, 0x7BC0, 0x90DF, 0x7BC1, 0xE2B9,	0x7BC4, 0x94CD, 0x7BC6, 0xE2BD, 0x7BC7, 0x95D1, 0x7BC9, 0x927A,
	0x7BCB, 0xE2B8, 0x7BCC, 0xE2BA, 0x7BCF, 0xE2BB, 0x7BDD, 0xE2BE,	0x7BE0, 0x8EC2, 0x7BE4, 0x93C4, 0x7BE5, 0xE2C3, 0x7BE6, 0xE2C2,
	0x7BE9, 0xE2BF, 0x7BED, 0x9855, 0x7BF3, 0xE2C8, 0x7BF6, 0xE2CC,	0x7BF7, 0xE2C9, 0x7C00, 0xE2C5, 0x7C07, 0xE2C6, 0x7C0D, 0xE2CB,
	0x7C11, 0xE2C0, 0x7C12, 0x99D3, 0x7C13, 0xE2C7, 0x7C14, 0xE2C1,	0x7C17, 0xE2CA, 0x7C1F, 0xE2D0, 0x7C21, 0x8AC8, 0x7C23, 0xE2CD,
	0x7C27, 0xE2CE, 0x7C2A, 0xE2CF, 0x7C2B, 0xE2D2, 0x7C37, 0xE2D1,	0x7C38, 0x94F4, 0x7C3D, 0xE2D3, 0x7C3E, 0x97FA, 0x7C3F, 0x95EB,
	0x7C40, 0xE2D8, 0x7C43, 0xE2D5, 0x7C4C, 0xE2D4, 0x7C4D, 0x90D0,	0x7C4F, 0xE2D7, 0x7C50, 0xE2D9, 0x7C54, 0xE2D6, 0x7C56, 0xE2DD,
	0x7C58, 0xE2DA, 0x7C5F, 0xE2DB, 0x7C60, 0xE2C4, 0x7C64, 0xE2DC,	0x7C65, 0xE2DE, 0x7C6C, 0xE2DF, 0x7C73, 0x95C4, 0x7C75, 0xE2E0,
	0x7C7E, 0x96E0, 0x7C81, 0x8BCC, 0x7C82, 0x8C48, 0x7C83, 0xE2E1,	0x7C89, 0x95B2, 0x7C8B, 0x9088, 0x7C8D, 0x96AE, 0x7C90, 0xE2E2,
	0x7C92, 0x97B1, 0x7C95, 0x9494, 0x7C97, 0x9165, 0x7C98, 0x9453,	0x7C9B, 0x8F6C, 0x7C9F, 0x88BE, 0x7CA1, 0xE2E7, 0x7CA2, 0xE2E5,
	0x7CA4, 0xE2E3, 0x7CA5, 0x8A9F, 0x7CA7, 0x8FCF, 0x7CA8, 0xE2E8,	0x7CAB, 0xE2E6, 0x7CAD, 0xE2E4, 0x7CAE, 0xE2EC, 0x7CB1, 0xE2EB,
	0x7CB2, 0xE2EA, 0x7CB3, 0xE2E9, 0x7CB9, 0xE2ED, 0x7CBD, 0xE2EE,	0x7CBE, 0x90B8, 0x7CC0, 0xE2EF, 0x7CC2, 0xE2F1, 0x7CC5, 0xE2F0,
	0x7CCA, 0x8CD0, 0x7CCE, 0x9157, 0x7CD2, 0xE2F3, 0x7CD6, 0x939C,	0x7CD8, 0xE2F2, 0x7CDC, 0xE2F4, 0x7CDE, 0x95B3, 0x7CDF, 0x918C,
	0x7CE0, 0x8D66, 0x7CE2, 0xE2F5, 0x7CE7, 0x97C6, 0x7CEF, 0xE2F7,	0x7CF2, 0xE2F8, 0x7CF4, 0xE2F9, 0x7CF6, 0xE2FA, 0x7CF8, 0x8E85,
	0x7CFA, 0xE2FB, 0x7CFB, 0x8C6E, 0x7CFE, 0x8B8A, 0x7D00, 0x8B49,	0x7D02, 0xE340, 0x7D04, 0x96F1, 0x7D05, 0x8D67, 0x7D06, 0xE2FC,
	0x7D0A, 0xE343, 0x7D0B, 0x96E4, 0x7D0D, 0x945B, 0x7D10, 0x9552,	0x7D14, 0x8F83, 0x7D15, 0xE342, 0x7D17, 0x8ED1, 0x7D18, 0x8D68,
	0x7D19, 0x8E86, 0x7D1A, 0x8B89, 0x7D1B, 0x95B4, 0x7D1C, 0xE341,	0x7D20, 0x9166, 0x7D21, 0x9661, 0x7D22, 0x8DF5, 0x7D2B, 0x8E87,
	0x7D2C, 0x92DB, 0x7D2E, 0xE346, 0x7D2F, 0x97DD, 0x7D30, 0x8DD7,	0x7D32, 0xE347, 0x7D33, 0x9061, 0x7D35, 0xE349, 0x7D39, 0x8FD0,
	0x7D3A, 0x8DAE, 0x7D3F, 0xE348, 0x7D42, 0x8F49, 0x7D43, 0x8CBC,	0x7D44, 0x9167, 0x7D45, 0xE344, 0x7D46, 0xE34A, 0x7D48, 0xFB8A,
	0x7D4B, 0xE345, 0x7D4C, 0x8C6F, 0x7D4E, 0xE34D, 0x7D4F, 0xE351,	0x7D50, 0x8C8B, 0x7D56, 0xE34C, 0x7D5B, 0xE355, 0x7D5C, 0xFB8B,
	0x7D5E, 0x8D69, 0x7D61, 0x978D, 0x7D62, 0x88BA, 0x7D63, 0xE352,	0x7D66, 0x8B8B, 0x7D68, 0xE34F, 0x7D6E, 0xE350, 0x7D71, 0x939D,
	0x7D72, 0xE34E, 0x7D73, 0xE34B, 0x7D75, 0x8A47, 0x7D76, 0x90E2,	0x7D79, 0x8CA6, 0x7D7D, 0xE357, 0x7D89, 0xE354, 0x7D8F, 0xE356,
	0x7D93, 0xE353, 0x7D99, 0x8C70, 0x7D9A, 0x91B1, 0x7D9B, 0xE358,	0x7D9C, 0x918E, 0x7D9F, 0xE365, 0x7DA0, 0xFB8D, 0x7DA2, 0xE361,
	0x7DA3, 0xE35B, 0x7DAB, 0xE35F, 0x7DAC, 0x8EF8, 0x7DAD, 0x88DB,	0x7DAE, 0xE35A, 0x7DAF, 0xE362, 0x7DB0, 0xE366, 0x7DB1, 0x8D6A,
	0x7DB2, 0x96D4, 0x7DB4, 0x92D4, 0x7DB5, 0xE35C, 0x7DB7, 0xFB8C,	0x7DB8, 0xE364, 0x7DBA, 0xE359, 0x7DBB, 0x925D, 0x7DBD, 0xE35E,
	0x7DBE, 0x88BB, 0x7DBF, 0x96C8, 0x7DC7, 0xE35D, 0x7DCA, 0x8BD9,	0x7DCB, 0x94EA, 0x7DCF, 0x918D, 0x7DD1, 0x97CE, 0x7DD2, 0x8F8F,
	0x7DD5, 0xE38E, 0x7DD6, 0xFB8E, 0x7DD8, 0xE367, 0x7DDA, 0x90FC,	0x7DDC, 0xE363, 0x7DDD, 0xE368, 0x7DDE, 0xE36A, 0x7DE0, 0x92F7,
	0x7DE1, 0xE36D, 0x7DE4, 0xE369, 0x7DE8, 0x95D2, 0x7DE9, 0x8AC9,	0x7DEC, 0x96C9, 0x7DEF, 0x88DC, 0x7DF2, 0xE36C, 0x7DF4, 0x97FB,
	0x7DFB, 0xE36B, 0x7E01, 0x898F, 0x7E04, 0x93EA, 0x7E05, 0xE36E,	0x7E09, 0xE375, 0x7E0A, 0xE36F, 0x7E0B, 0xE376, 0x7E12, 0xE372,
	0x7E1B, 0x949B, 0x7E1E, 0x8EC8, 0x7E1F, 0xE374, 0x7E21, 0xE371,	0x7E22, 0xE377, 0x7E23, 0xE370, 0x7E26, 0x8F63, 0x7E2B, 0x9644,
	0x7E2E, 0x8F6B, 0x7E31, 0xE373, 0x7E32, 0xE380, 0x7E35, 0xE37B,	0x7E37, 0xE37E, 0x7E39, 0xE37C, 0x7E3A, 0xE381, 0x7E3B, 0xE37A,
	0x7E3D, 0xE360, 0x7E3E, 0x90D1, 0x7E41, 0x94C9, 0x7E43, 0xE37D,	0x7E46, 0xE378, 0x7E4A, 0x9140, 0x7E4B, 0x8C71, 0x7E4D, 0x8F4A,
	0x7E52, 0xFB8F, 0x7E54, 0x9044, 0x7E55, 0x9155, 0x7E56, 0xE384,	0x7E59, 0xE386, 0x7E5A, 0xE387, 0x7E5D, 0xE383, 0x7E5E, 0xE385,
	0x7E66, 0xE379, 0x7E67, 0xE382, 0x7E69, 0xE38A, 0x7E6A, 0xE389,	0x7E6D, 0x969A, 0x7E70, 0x8C4A, 0x7E79, 0xE388, 0x7E7B, 0xE38C,
	0x7E7C, 0xE38B, 0x7E7D, 0xE38F, 0x7E7F, 0xE391, 0x7E82, 0x8E5B,	0x7E83, 0xE38D, 0x7E88, 0xE392, 0x7E89, 0xE393, 0x7E8A, 0xFA5C,
	0x7E8C, 0xE394, 0x7E8E, 0xE39A, 0x7E8F, 0x935A, 0x7E90, 0xE396,	0x7E92, 0xE395, 0x7E93, 0xE397, 0x7E94, 0xE398, 0x7E96, 0xE399,
	0x7E9B, 0xE39B, 0x7E9C, 0xE39C, 0x7F36, 0x8ACA, 0x7F38, 0xE39D,	0x7F3A, 0xE39E, 0x7F45, 0xE39F, 0x7F47, 0xFB90, 0x7F4C, 0xE3A0,
	0x7F4D, 0xE3A1, 0x7F4E, 0xE3A2, 0x7F50, 0xE3A3, 0x7F51, 0xE3A4,	0x7F54, 0xE3A6, 0x7F55, 0xE3A5, 0x7F58, 0xE3A7, 0x7F5F, 0xE3A8,
	0x7F60, 0xE3A9, 0x7F67, 0xE3AC, 0x7F68, 0xE3AA, 0x7F69, 0xE3AB,	0x7F6A, 0x8DDF, 0x7F6B, 0x8C72, 0x7F6E, 0x9275, 0x7F70, 0x94B1,
	0x7F72, 0x8F90, 0x7F75, 0x946C, 0x7F77, 0x94EB, 0x7F78, 0xE3AD,	0x7F79, 0x9CEB, 0x7F82, 0xE3AE, 0x7F83, 0xE3B0, 0x7F85, 0x9785,
	0x7F86, 0xE3AF, 0x7F87, 0xE3B2, 0x7F88, 0xE3B1, 0x7F8A, 0x9772,	0x7F8C, 0xE3B3, 0x7F8E, 0x94FC, 0x7F94, 0xE3B4, 0x7F9A, 0xE3B7,
	0x7F9D, 0xE3B6, 0x7F9E, 0xE3B5, 0x7FA1, 0xFB91, 0x7FA3, 0xE3B8,	0x7FA4, 0x8C51, 0x7FA8, 0x9141, 0x7FA9, 0x8B60, 0x7FAE, 0xE3BC,
	0x7FAF, 0xE3B9, 0x7FB2, 0xE3BA, 0x7FB6, 0xE3BD, 0x7FB8, 0xE3BE,	0x7FB9, 0xE3BB, 0x7FBD, 0x8948, 0x7FC1, 0x89A5, 0x7FC5, 0xE3C0,
	0x7FC6, 0xE3C1, 0x7FCA, 0xE3C2, 0x7FCC, 0x9782, 0x7FD2, 0x8F4B,	0x7FD4, 0xE3C4, 0x7FD5, 0xE3C3, 0x7FE0, 0x9089, 0x7FE1, 0xE3C5,
	0x7FE6, 0xE3C6, 0x7FE9, 0xE3C7, 0x7FEB, 0x8AE3, 0x7FF0, 0x8ACB,	0x7FF3, 0xE3C8, 0x7FF9, 0xE3C9, 0x7FFB, 0x967C, 0x7FFC, 0x9783,
	0x8000, 0x9773, 0x8001, 0x9856, 0x8003, 0x8D6C, 0x8004, 0xE3CC,	0x8005, 0x8ED2, 0x8006, 0xE3CB, 0x800B, 0xE3CD, 0x800C, 0x8EA7,
	0x8010, 0x91CF, 0x8012, 0xE3CE, 0x8015, 0x8D6B, 0x8017, 0x96D5,	0x8018, 0xE3CF, 0x8019, 0xE3D0, 0x801C, 0xE3D1, 0x8021, 0xE3D2,
	0x8028, 0xE3D3, 0x8033, 0x8EA8, 0x8036, 0x96EB, 0x803B, 0xE3D5,	0x803D, 0x925E, 0x803F, 0xE3D4, 0x8046, 0xE3D7, 0x804A, 0xE3D6,
	0x8052, 0xE3D8, 0x8056, 0x90B9, 0x8058, 0xE3D9, 0x805A, 0xE3DA,	0x805E, 0x95B7, 0x805F, 0xE3DB, 0x8061, 0x918F, 0x8062, 0xE3DC,
	0x8068, 0xE3DD, 0x806F, 0x97FC, 0x8070, 0xE3E0, 0x8072, 0xE3DF,	0x8073, 0xE3DE, 0x8074, 0x92AE, 0x8076, 0xE3E1, 0x8077, 0x9045,
	0x8079, 0xE3E2, 0x807D, 0xE3E3, 0x807E, 0x9857, 0x807F, 0xE3E4,	0x8084, 0xE3E5, 0x8085, 0xE3E7, 0x8086, 0xE3E6, 0x8087, 0x94A3,
	0x8089, 0x93F7, 0x808B, 0x985D, 0x808C, 0x94A7, 0x8093, 0xE3E9,	0x8096, 0x8FD1, 0x8098, 0x9549, 0x809A, 0xE3EA, 0x809B, 0xE3E8,
	0x809D, 0x8ACC, 0x80A1, 0x8CD2, 0x80A2, 0x8E88, 0x80A5, 0x94EC,	0x80A9, 0x8CA8, 0x80AA, 0x9662, 0x80AC, 0xE3ED, 0x80AD, 0xE3EB,
	0x80AF, 0x8D6D, 0x80B1, 0x8D6E, 0x80B2, 0x88E7, 0x80B4, 0x8DE6,	0x80BA, 0x9478, 0x80C3, 0x88DD, 0x80C4, 0xE3F2, 0x80C6, 0x925F,
	0x80CC, 0x9477, 0x80CE, 0x91D9, 0x80D6, 0xE3F4, 0x80D9, 0xE3F0,	0x80DA, 0xE3F3, 0x80DB, 0xE3EE, 0x80DD, 0xE3F1, 0x80DE, 0x9645,
	0x80E1, 0x8CD3, 0x80E4, 0x88FB, 0x80E5, 0xE3EF, 0x80EF, 0xE3F6,	0x80F1, 0xE3F7, 0x80F4, 0x93B7, 0x80F8, 0x8BB9, 0x80FC, 0xE445,
	0x80FD, 0x945C, 0x8102, 0x8E89, 0x8105, 0x8BBA, 0x8106, 0x90C6,	0x8107, 0x9865, 0x8108, 0x96AC, 0x8109, 0xE3F5, 0x810A, 0x90D2,
	0x811A, 0x8B72, 0x811B, 0xE3F8, 0x8123, 0xE3FA, 0x8129, 0xE3F9,	0x812F, 0xE3FB, 0x8131, 0x9245, 0x8133, 0x945D, 0x8139, 0x92AF,
	0x813E, 0xE442, 0x8146, 0xE441, 0x814B, 0xE3FC, 0x814E, 0x9074,	0x8150, 0x9585, 0x8151, 0xE444, 0x8153, 0xE443, 0x8154, 0x8D6F,
	0x8155, 0x9872, 0x815F, 0xE454, 0x8165, 0xE448, 0x8166, 0xE449,	0x816B, 0x8EEE, 0x816E, 0xE447, 0x8170, 0x8D98, 0x8171, 0xE446,
	0x8174, 0xE44A, 0x8178, 0x92B0, 0x8179, 0x95A0, 0x817A, 0x9142,	0x817F, 0x91DA, 0x8180, 0xE44E, 0x8182, 0xE44F, 0x8183, 0xE44B,
	0x8188, 0xE44C, 0x818A, 0xE44D, 0x818F, 0x8D70, 0x8193, 0xE455,	0x8195, 0xE451, 0x819A, 0x9586, 0x819C, 0x968C, 0x819D, 0x9547,
	0x81A0, 0xE450, 0x81A3, 0xE453, 0x81A4, 0xE452, 0x81A8, 0x9663,	0x81A9, 0xE456, 0x81B0, 0xE457, 0x81B3, 0x9156, 0x81B5, 0xE458,
	0x81B8, 0xE45A, 0x81BA, 0xE45E, 0x81BD, 0xE45B, 0x81BE, 0xE459,	0x81BF, 0x945E, 0x81C0, 0xE45C, 0x81C2, 0xE45D, 0x81C6, 0x89B0,
	0x81C8, 0xE464, 0x81C9, 0xE45F, 0x81CD, 0xE460, 0x81D1, 0xE461,	0x81D3, 0x919F, 0x81D8, 0xE463, 0x81D9, 0xE462, 0x81DA, 0xE465,
	0x81DF, 0xE466, 0x81E0, 0xE467, 0x81E3, 0x9062, 0x81E5, 0x89E7,	0x81E7, 0xE468, 0x81E8, 0x97D5, 0x81EA, 0x8EA9, 0x81ED, 0x8F4C,
	0x81F3, 0x8E8A, 0x81F4, 0x9276, 0x81FA, 0xE469, 0x81FB, 0xE46A,	0x81FC, 0x8950, 0x81FE, 0xE46B, 0x8201, 0xE46C, 0x8202, 0xE46D,
	0x8205, 0xE46E, 0x8207, 0xE46F, 0x8208, 0x8BBB, 0x8209, 0x9DA8,	0x820A, 0xE470, 0x820C, 0x90E3, 0x820D, 0xE471, 0x820E, 0x8EC9,
	0x8210, 0xE472, 0x8212, 0x98AE, 0x8216, 0xE473, 0x8217, 0x95DC,	0x8218, 0x8ADA, 0x821B, 0x9143, 0x821C, 0x8F77, 0x821E, 0x9591,
	0x821F, 0x8F4D, 0x8229, 0xE474, 0x822A, 0x8D71, 0x822B, 0xE475,	0x822C, 0x94CA, 0x822E, 0xE484, 0x8233, 0xE477, 0x8235, 0x91C7,
	0x8236, 0x9495, 0x8237, 0x8CBD, 0x8238, 0xE476, 0x8239, 0x9144,	0x8240, 0xE478, 0x8247, 0x92F8, 0x8258, 0xE47A, 0x8259, 0xE479,
	0x825A, 0xE47C, 0x825D, 0xE47B, 0x825F, 0xE47D, 0x8262, 0xE480,	0x8264, 0xE47E, 0x8266, 0x8ACD, 0x8268, 0xE481, 0x826A, 0xE482,
	0x826B, 0xE483, 0x826E, 0x8DAF, 0x826F, 0x97C7, 0x8271, 0xE485,	0x8272, 0x9046, 0x8276, 0x8990, 0x8277, 0xE486, 0x8278, 0xE487,
	0x827E, 0xE488, 0x828B, 0x88F0, 0x828D, 0xE489, 0x8292, 0xE48A,	0x8299, 0x9587, 0x829D, 0x8EC5, 0x829F, 0xE48C, 0x82A5, 0x8A48,
	0x82A6, 0x88B0, 0x82AB, 0xE48B, 0x82AC, 0xE48E, 0x82AD, 0x946D,	0x82AF, 0x9063, 0x82B1, 0x89D4, 0x82B3, 0x9646, 0x82B8, 0x8C7C,
	0x82B9, 0x8BDA, 0x82BB, 0xE48D, 0x82BD, 0x89E8, 0x82C5, 0x8AA1,	0x82D1, 0x8991, 0x82D2, 0xE492, 0x82D3, 0x97E8, 0x82D4, 0x91DB,
	0x82D7, 0x9563, 0x82D9, 0xE49E, 0x82DB, 0x89D5, 0x82DC, 0xE49C,	0x82DE, 0xE49A, 0x82DF, 0xE491, 0x82E1, 0xE48F, 0x82E3, 0xE490,
	0x82E5, 0x8EE1, 0x82E6, 0x8BEA, 0x82E7, 0x9297, 0x82EB, 0x93CF,	0x82F1, 0x8970, 0x82F3, 0xE494, 0x82F4, 0xE493, 0x82F9, 0xE499,
	0x82FA, 0xE495, 0x82FB, 0xE498, 0x8301, 0xFB93, 0x8302, 0x96CE,	0x8303, 0xE497, 0x8304, 0x89D6, 0x8305, 0x8A9D, 0x8306, 0xE49B,
	0x8309, 0xE49D, 0x830E, 0x8C73, 0x8316, 0xE4A1, 0x8317, 0xE4AA,	0x8318, 0xE4AB, 0x831C, 0x88A9, 0x8323, 0xE4B2, 0x8328, 0x88EF,
	0x832B, 0xE4A9, 0x832F, 0xE4A8, 0x8331, 0xE4A3, 0x8332, 0xE4A2,	0x8334, 0xE4A0, 0x8335, 0xE49F, 0x8336, 0x9283, 0x8338, 0x91F9,
	0x8339, 0xE4A5, 0x8340, 0xE4A4, 0x8345, 0xE4A7, 0x8349, 0x9190,	0x834A, 0x8C74, 0x834F, 0x8960, 0x8350, 0xE4A6, 0x8352, 0x8D72,
	0x8358, 0x9191, 0x8362, 0xFB94, 0x8373, 0xE4B8, 0x8375, 0xE4B9,	0x8377, 0x89D7, 0x837B, 0x89AC, 0x837C, 0xE4B6, 0x837F, 0xFB95,
	0x8385, 0xE4AC, 0x8387, 0xE4B4, 0x8389, 0xE4BB, 0x838A, 0xE4B5,	0x838E, 0xE4B3, 0x8393, 0xE496, 0x8396, 0xE4B1, 0x839A, 0xE4AD,
	0x839E, 0x8ACE, 0x839F, 0xE4AF, 0x83A0, 0xE4BA, 0x83A2, 0xE4B0,	0x83A8, 0xE4BC, 0x83AA, 0xE4AE, 0x83AB, 0x949C, 0x83B1, 0x9789,
	0x83B5, 0xE4B7, 0x83BD, 0xE4CD, 0x83C1, 0xE4C5, 0x83C5, 0x909B,	0x83C7, 0xFB96, 0x83CA, 0x8B65, 0x83CC, 0x8BDB, 0x83CE, 0xE4C0,
	0x83D3, 0x89D9, 0x83D6, 0x8FD2, 0x83D8, 0xE4C3, 0x83DC, 0x8DD8,	0x83DF, 0x9370, 0x83E0, 0xE4C8, 0x83E9, 0x95EC, 0x83EB, 0xE4BF,
	0x83EF, 0x89D8, 0x83F0, 0x8CD4, 0x83F1, 0x9548, 0x83F2, 0xE4C9,	0x83F4, 0xE4BD, 0x83F6, 0xFB97, 0x83F7, 0xE4C6, 0x83FB, 0xE4D0,
	0x83FD, 0xE4C1, 0x8403, 0xE4C2, 0x8404, 0x93B8, 0x8407, 0xE4C7,	0x840B, 0xE4C4, 0x840C, 0x9647, 0x840D, 0xE4CA, 0x840E, 0x88DE,
	0x8413, 0xE4BE, 0x8420, 0xE4CC, 0x8422, 0xE4CB, 0x8429, 0x948B,	0x842A, 0xE4D2, 0x842C, 0xE4DD, 0x8431, 0x8A9E, 0x8435, 0xE4E0,
	0x8438, 0xE4CE, 0x843C, 0xE4D3, 0x843D, 0x978E, 0x8446, 0xE4DC,	0x8448, 0xFB98, 0x8449, 0x9774, 0x844E, 0x97A8, 0x8457, 0x9298,
	0x845B, 0x8A8B, 0x8461, 0x9592, 0x8462, 0xE4E2, 0x8463, 0x939F,	0x8466, 0x88AF, 0x8469, 0xE4DB, 0x846B, 0xE4D7, 0x846C, 0x9192,
	0x846D, 0xE4D1, 0x846E, 0xE4D9, 0x846F, 0xE4DE, 0x8471, 0x944B,	0x8475, 0x88A8, 0x8477, 0xE4D6, 0x8479, 0xE4DF, 0x847A, 0x9598,
	0x8482, 0xE4DA, 0x8484, 0xE4D5, 0x848B, 0x8FD3, 0x8490, 0x8F4E,	0x8494, 0x8EAA, 0x8499, 0x96D6, 0x849C, 0x9566, 0x849F, 0xE4E5,
	0x84A1, 0xE4EE, 0x84AD, 0xE4D8, 0x84B2, 0x8A97, 0x84B4, 0xFB99,	0x84B8, 0x8FF6, 0x84B9, 0xE4E3, 0x84BB, 0xE4E8, 0x84BC, 0x9193,
	0x84BF, 0xE4E4, 0x84C1, 0xE4EB, 0x84C4, 0x927E, 0x84C6, 0xE4EC,	0x84C9, 0x9775, 0x84CA, 0xE4E1, 0x84CB, 0x8A57, 0x84CD, 0xE4E7,
	0x84D0, 0xE4EA, 0x84D1, 0x96AA, 0x84D6, 0xE4ED, 0x84D9, 0xE4E6,	0x84DA, 0xE4E9, 0x84DC, 0xFA60, 0x84EC, 0x9648, 0x84EE, 0x9840,
	0x84F4, 0xE4F1, 0x84FC, 0xE4F8, 0x84FF, 0xE4F0, 0x8500, 0x8EC1,	0x8506, 0xE4CF, 0x8511, 0x95CC, 0x8513, 0x96A0, 0x8514, 0xE4F7,
	0x8515, 0xE4F6, 0x8517, 0xE4F2, 0x8518, 0xE4F3, 0x851A, 0x8955,	0x851F, 0xE4F5, 0x8521, 0xE4EF, 0x8526, 0x92D3, 0x852C, 0xE4F4,
	0x852D, 0x88FC, 0x8535, 0x91A0, 0x853D, 0x95C1, 0x8540, 0xE4F9,	0x8541, 0xE540, 0x8543, 0x94D7, 0x8548, 0xE4FC, 0x8549, 0x8FD4,
	0x854A, 0x8EC7, 0x854B, 0xE542, 0x854E, 0x8BBC, 0x8553, 0xFB9A,	0x8555, 0xE543, 0x8557, 0x9599, 0x8558, 0xE4FB, 0x8559, 0xFB9B,
	0x855A, 0xE4D4, 0x8563, 0xE4FA, 0x8568, 0x986E, 0x8569, 0x93A0,	0x856A, 0x9593, 0x856B, 0xFB9C, 0x856D, 0xE54A, 0x8577, 0xE550,
	0x857E, 0xE551, 0x8580, 0xE544, 0x8584, 0x9496, 0x8587, 0xE54E,	0x8588, 0xE546, 0x858A, 0xE548, 0x8590, 0xE552, 0x8591, 0xE547,
	0x8594, 0xE54B, 0x8597, 0x8992, 0x8599, 0x93E3, 0x859B, 0xE54C,	0x859C, 0xE54F, 0x85A4, 0xE545, 0x85A6, 0x9145, 0x85A8, 0xE549,
	0x85A9, 0x8E46, 0x85AA, 0x9064, 0x85AB, 0x8C4F, 0x85AC, 0x96F2,	0x85AE, 0x96F7, 0x85AF, 0x8F92, 0x85B0, 0xFB9E, 0x85B9, 0xE556,
	0x85BA, 0xE554, 0x85C1, 0x986D, 0x85C9, 0xE553, 0x85CD, 0x9795,	0x85CF, 0xE555, 0x85D0, 0xE557, 0x85D5, 0xE558, 0x85DC, 0xE55B,
	0x85DD, 0xE559, 0x85E4, 0x93A1, 0x85E5, 0xE55A, 0x85E9, 0x94CB,	0x85EA, 0xE54D, 0x85F7, 0x8F93, 0x85F9, 0xE55C, 0x85FA, 0xE561,
	0x85FB, 0x9194, 0x85FE, 0xE560, 0x8602, 0xE541, 0x8606, 0xE562,	0x8607, 0x9168, 0x860A, 0xE55D, 0x860B, 0xE55F, 0x8613, 0xE55E,
	0x8616, 0x9F50, 0x8617, 0x9F41, 0x861A, 0xE564, 0x8622, 0xE563,	0x862D, 0x9796, 0x862F, 0xE1BA, 0x8630, 0xE565, 0x863F, 0xE566,
	0x864D, 0xE567, 0x864E, 0x8CD5, 0x8650, 0x8B73, 0x8654, 0xE569,	0x8655, 0x997C, 0x865A, 0x8B95, 0x865C, 0x97B8, 0x865E, 0x8BF1,
	0x865F, 0xE56A, 0x8667, 0xE56B, 0x866B, 0x928E, 0x8671, 0xE56C,	0x8679, 0x93F8, 0x867B, 0x88B8, 0x868A, 0x89E1, 0x868B, 0xE571,
	0x868C, 0xE572, 0x8693, 0xE56D, 0x8695, 0x8E5C, 0x86A3, 0xE56E,	0x86A4, 0x9461, 0x86A9, 0xE56F, 0x86AA, 0xE570, 0x86AB, 0xE57A,
	0x86AF, 0xE574, 0x86B0, 0xE577, 0x86B6, 0xE573, 0x86C4, 0xE575,	0x86C6, 0xE576, 0x86C7, 0x8ED6, 0x86C9, 0xE578, 0x86CB, 0x9260,
	0x86CD, 0x8C75, 0x86CE, 0x8A61, 0x86D4, 0xE57B, 0x86D9, 0x8A5E,	0x86DB, 0xE581, 0x86DE, 0xE57C, 0x86DF, 0xE580, 0x86E4, 0x94B8,
	0x86E9, 0xE57D, 0x86EC, 0xE57E, 0x86ED, 0x9567, 0x86EE, 0x94D8,	0x86EF, 0xE582, 0x86F8, 0x91FB, 0x86F9, 0xE58C, 0x86FB, 0xE588,
	0x86FE, 0x89E9, 0x8700, 0xE586, 0x8702, 0x9649, 0x8703, 0xE587,	0x8706, 0xE584, 0x8708, 0xE585, 0x8709, 0xE58A, 0x870A, 0xE58D,
	0x870D, 0xE58B, 0x8711, 0xE589, 0x8712, 0xE583, 0x8718, 0x9277,	0x871A, 0xE594, 0x871C, 0x96A8, 0x8725, 0xE592, 0x8729, 0xE593,
	0x8734, 0xE58E, 0x8737, 0xE590, 0x873B, 0xE591, 0x873F, 0xE58F,	0x8749, 0x90E4, 0x874B, 0x9858, 0x874C, 0xE598, 0x874E, 0xE599,
	0x8753, 0xE59F, 0x8755, 0x9049, 0x8757, 0xE59B, 0x8759, 0xE59E,	0x875F, 0xE596, 0x8760, 0xE595, 0x8763, 0xE5A0, 0x8766, 0x89DA,
	0x8768, 0xE59C, 0x876A, 0xE5A1, 0x876E, 0xE59D, 0x8774, 0xE59A,	0x8776, 0x92B1, 0x8778, 0xE597, 0x877F, 0x9488, 0x8782, 0xE5A5,
	0x878D, 0x975A, 0x879F, 0xE5A4, 0x87A2, 0xE5A3, 0x87AB, 0xE5AC,	0x87AF, 0xE5A6, 0x87B3, 0xE5AE, 0x87BA, 0x9786, 0x87BB, 0xE5B1,
	0x87BD, 0xE5A8, 0x87C0, 0xE5A9, 0x87C4, 0xE5AD, 0x87C6, 0xE5B0,	0x87C7, 0xE5AF, 0x87CB, 0xE5A7, 0x87D0, 0xE5AA, 0x87D2, 0xE5BB,
	0x87E0, 0xE5B4, 0x87EF, 0xE5B2, 0x87F2, 0xE5B3, 0x87F6, 0xE5B8,	0x87F7, 0xE5B9, 0x87F9, 0x8A49, 0x87FB, 0x8B61, 0x87FE, 0xE5B7,
	0x8805, 0xE5A2, 0x8807, 0xFBA1, 0x880D, 0xE5B6, 0x880E, 0xE5BA,	0x880F, 0xE5B5, 0x8811, 0xE5BC, 0x8815, 0xE5BE, 0x8816, 0xE5BD,
	0x8821, 0xE5C0, 0x8822, 0xE5BF, 0x8823, 0xE579, 0x8827, 0xE5C4,	0x8831, 0xE5C1, 0x8836, 0xE5C2, 0x8839, 0xE5C3, 0x883B, 0xE5C5,
	0x8840, 0x8C8C, 0x8842, 0xE5C7, 0x8844, 0xE5C6, 0x8846, 0x8F4F,	0x884C, 0x8D73, 0x884D, 0x9FA5, 0x8852, 0xE5C8, 0x8853, 0x8F70,
	0x8857, 0x8A58, 0x8859, 0xE5C9, 0x885B, 0x8971, 0x885D, 0x8FD5,	0x885E, 0xE5CA, 0x8861, 0x8D74, 0x8862, 0xE5CB, 0x8863, 0x88DF,
	0x8868, 0x955C, 0x886B, 0xE5CC, 0x8870, 0x908A, 0x8872, 0xE5D3,	0x8875, 0xE5D0, 0x8877, 0x928F, 0x887D, 0xE5D1, 0x887E, 0xE5CE,
	0x887F, 0x8BDC, 0x8881, 0xE5CD, 0x8882, 0xE5D4, 0x8888, 0x8C55,	0x888B, 0x91DC, 0x888D, 0xE5DA, 0x8892, 0xE5D6, 0x8896, 0x91B3,
	0x8897, 0xE5D5, 0x8899, 0xE5D8, 0x889E, 0xE5CF, 0x88A2, 0xE5D9,	0x88A4, 0xE5DB, 0x88AB, 0x94ED, 0x88AE, 0xE5D7, 0x88B0, 0xE5DC,
	0x88B1, 0xE5DE, 0x88B4, 0x8CD1, 0x88B5, 0xE5D2, 0x88B7, 0x88BF,	0x88BF, 0xE5DD, 0x88C1, 0x8DD9, 0x88C2, 0x97F4, 0x88C3, 0xE5DF,
	0x88C4, 0xE5E0, 0x88C5, 0x9195, 0x88CF, 0x97A0, 0x88D4, 0xE5E1,	0x88D5, 0x9754, 0x88D8, 0xE5E2, 0x88D9, 0xE5E3, 0x88DC, 0x95E2,
	0x88DD, 0xE5E4, 0x88DF, 0x8DBE, 0x88E1, 0x97A1, 0x88E8, 0xE5E9,	0x88F2, 0xE5EA, 0x88F3, 0x8FD6, 0x88F4, 0xE5E8, 0x88F5, 0xFBA2,
	0x88F8, 0x9787, 0x88F9, 0xE5E5, 0x88FC, 0xE5E7, 0x88FD, 0x90BB,	0x88FE, 0x909E, 0x8902, 0xE5E6, 0x8904, 0xE5EB, 0x8907, 0x95A1,
	0x890A, 0xE5ED, 0x890C, 0xE5EC, 0x8910, 0x8A8C, 0x8912, 0x964A,	0x8913, 0xE5EE, 0x891C, 0xFA5D, 0x891D, 0xE5FA, 0x891E, 0xE5F0,
	0x8925, 0xE5F1, 0x892A, 0xE5F2, 0x892B, 0xE5F3, 0x8936, 0xE5F7,	0x8938, 0xE5F8, 0x893B, 0xE5F6, 0x8941, 0xE5F4, 0x8943, 0xE5EF,
	0x8944, 0xE5F5, 0x894C, 0xE5F9, 0x894D, 0xE8B5, 0x8956, 0x89A6,	0x895E, 0xE5FC, 0x895F, 0x8BDD, 0x8960, 0xE5FB, 0x8964, 0xE641,
	0x8966, 0xE640, 0x896A, 0xE643, 0x896D, 0xE642, 0x896F, 0xE644,	0x8972, 0x8F50, 0x8974, 0xE645, 0x8977, 0xE646, 0x897E, 0xE647,
	0x897F, 0x90BC, 0x8981, 0x9776, 0x8983, 0xE648, 0x8986, 0x95A2,	0x8987, 0x9465, 0x8988, 0xE649, 0x898A, 0xE64A, 0x898B, 0x8CA9,
	0x898F, 0x8B4B, 0x8993, 0xE64B, 0x8996, 0x8E8B, 0x8997, 0x9460,	0x8998, 0xE64C, 0x899A, 0x8A6F, 0x89A1, 0xE64D, 0x89A6, 0xE64F,
	0x89A7, 0x9797, 0x89A9, 0xE64E, 0x89AA, 0x9065, 0x89AC, 0xE650,	0x89AF, 0xE651, 0x89B2, 0xE652, 0x89B3, 0x8ACF, 0x89BA, 0xE653,
	0x89BD, 0xE654, 0x89BF, 0xE655, 0x89C0, 0xE656, 0x89D2, 0x8A70,	0x89DA, 0xE657, 0x89DC, 0xE658, 0x89DD, 0xE659, 0x89E3, 0x89F0,
	0x89E6, 0x9047, 0x89E7, 0xE65A, 0x89F4, 0xE65B, 0x89F8, 0xE65C,	0x8A00, 0x8CBE, 0x8A02, 0x92F9, 0x8A03, 0xE65D, 0x8A08, 0x8C76,
	0x8A0A, 0x9075, 0x8A0C, 0xE660, 0x8A0E, 0x93A2, 0x8A10, 0xE65F,	0x8A12, 0xFBA3, 0x8A13, 0x8C50, 0x8A16, 0xE65E, 0x8A17, 0x91F5,
	0x8A18, 0x8B4C, 0x8A1B, 0xE661, 0x8A1D, 0xE662, 0x8A1F, 0x8FD7,	0x8A23, 0x8C8D, 0x8A25, 0xE663, 0x8A2A, 0x964B, 0x8A2D, 0x90DD,
	0x8A31, 0x8B96, 0x8A33, 0x96F3, 0x8A34, 0x9169, 0x8A36, 0xE664,	0x8A37, 0xFBA4, 0x8A3A, 0x9066, 0x8A3B, 0x9290, 0x8A3C, 0x8FD8,
	0x8A41, 0xE665, 0x8A46, 0xE668, 0x8A48, 0xE669, 0x8A50, 0x8DBC,	0x8A51, 0x91C0, 0x8A52, 0xE667, 0x8A54, 0x8FD9, 0x8A55, 0x955D,
	0x8A5B, 0xE666, 0x8A5E, 0x8E8C, 0x8A60, 0x8972, 0x8A62, 0xE66D,	0x8A63, 0x8C77, 0x8A66, 0x8E8E, 0x8A69, 0x8E8D, 0x8A6B, 0x986C,
	0x8A6C, 0xE66C, 0x8A6D, 0xE66B, 0x8A6E, 0x9146, 0x8A70, 0x8B6C,	0x8A71, 0x9862, 0x8A72, 0x8A59, 0x8A73, 0x8FDA, 0x8A79, 0xFBA5,
	0x8A7C, 0xE66A, 0x8A82, 0xE66F, 0x8A84, 0xE670, 0x8A85, 0xE66E,	0x8A87, 0x8CD6, 0x8A89, 0x975F, 0x8A8C, 0x8E8F, 0x8A8D, 0x9446,
	0x8A91, 0xE673, 0x8A93, 0x90BE, 0x8A95, 0x9261, 0x8A98, 0x9755,	0x8A9A, 0xE676, 0x8A9E, 0x8CEA, 0x8AA0, 0x90BD, 0x8AA1, 0xE672,
	0x8AA3, 0xE677, 0x8AA4, 0x8CEB, 0x8AA5, 0xE674, 0x8AA6, 0xE675,	0x8AA7, 0xFBA6, 0x8AA8, 0xE671, 0x8AAC, 0x90E0, 0x8AAD, 0x93C7,
	0x8AB0, 0x924E, 0x8AB2, 0x89DB, 0x8AB9, 0x94EE, 0x8ABC, 0x8B62,	0x8ABE, 0xFBA7, 0x8ABF, 0x92B2, 0x8AC2, 0xE67A, 0x8AC4, 0xE678,
	0x8AC7, 0x926B, 0x8ACB, 0x90BF, 0x8ACC, 0x8AD0, 0x8ACD, 0xE679,	0x8ACF, 0x907A, 0x8AD2, 0x97C8, 0x8AD6, 0x985F, 0x8ADA, 0xE67B,
	0x8ADB, 0xE687, 0x8ADC, 0x92B3, 0x8ADE, 0xE686, 0x8ADF, 0xFBA8,	0x8AE0, 0xE683, 0x8AE1, 0xE68B, 0x8AE2, 0xE684, 0x8AE4, 0xE680,
	0x8AE6, 0x92FA, 0x8AE7, 0xE67E, 0x8AEB, 0xE67C, 0x8AED, 0x9740,	0x8AEE, 0x8E90, 0x8AF1, 0xE681, 0x8AF3, 0xE67D, 0x8AF6, 0xFBAA,
	0x8AF7, 0xE685, 0x8AF8, 0x8F94, 0x8AFA, 0x8CBF, 0x8AFE, 0x91F8,	0x8B00, 0x9664, 0x8B01, 0x8979, 0x8B02, 0x88E0, 0x8B04, 0x93A3,
	0x8B07, 0xE689, 0x8B0C, 0xE688, 0x8B0E, 0x93E4, 0x8B10, 0xE68D,	0x8B14, 0xE682, 0x8B16, 0xE68C, 0x8B17, 0xE68E, 0x8B19, 0x8CAA,
	0x8B1A, 0xE68A, 0x8B1B, 0x8D75, 0x8B1D, 0x8ED3, 0x8B20, 0xE68F,	0x8B21, 0x9777, 0x8B26, 0xE692, 0x8B28, 0xE695, 0x8B2B, 0xE693,
	0x8B2C, 0x9554, 0x8B33, 0xE690, 0x8B39, 0x8BDE, 0x8B3E, 0xE694,	0x8B41, 0xE696, 0x8B49, 0xE69A, 0x8B4C, 0xE697, 0x8B4E, 0xE699,
	0x8B4F, 0xE698, 0x8B53, 0xFBAB, 0x8B56, 0xE69B, 0x8B58, 0x8EAF,	0x8B5A, 0xE69D, 0x8B5B, 0xE69C, 0x8B5C, 0x9588, 0x8B5F, 0xE69F,
	0x8B66, 0x8C78, 0x8B6B, 0xE69E, 0x8B6C, 0xE6A0, 0x8B6F, 0xE6A1,	0x8B70, 0x8B63, 0x8B71, 0xE3BF, 0x8B72, 0x8FF7, 0x8B74, 0xE6A2,
	0x8B77, 0x8CEC, 0x8B7D, 0xE6A3, 0x8B7F, 0xFBAC, 0x8B80, 0xE6A4,	0x8B83, 0x8E5D, 0x8B8A, 0x9DCC, 0x8B8C, 0xE6A5, 0x8B8E, 0xE6A6,
	0x8B90, 0x8F51, 0x8B92, 0xE6A7, 0x8B93, 0xE6A8, 0x8B96, 0xE6A9,	0x8B99, 0xE6AA, 0x8B9A, 0xE6AB, 0x8C37, 0x924A, 0x8C3A, 0xE6AC,
	0x8C3F, 0xE6AE, 0x8C41, 0xE6AD, 0x8C46, 0x93A4, 0x8C48, 0xE6AF,	0x8C4A, 0x964C, 0x8C4C, 0xE6B0, 0x8C4E, 0xE6B1, 0x8C50, 0xE6B2,
	0x8C55, 0xE6B3, 0x8C5A, 0x93D8, 0x8C61, 0x8FDB, 0x8C62, 0xE6B4,	0x8C6A, 0x8D8B, 0x8C6B, 0x98AC, 0x8C6C, 0xE6B5, 0x8C78, 0xE6B6,
	0x8C79, 0x955E, 0x8C7A, 0xE6B7, 0x8C7C, 0xE6BF, 0x8C82, 0xE6B8,	0x8C85, 0xE6BA, 0x8C89, 0xE6B9, 0x8C8A, 0xE6BB, 0x8C8C, 0x9665,
	0x8C8D, 0xE6BC, 0x8C8E, 0xE6BD, 0x8C94, 0xE6BE, 0x8C98, 0xE6C0,	0x8C9D, 0x8A4C, 0x8C9E, 0x92E5, 0x8CA0, 0x9589, 0x8CA1, 0x8DE0,
	0x8CA2, 0x8D76, 0x8CA7, 0x956E, 0x8CA8, 0x89DD, 0x8CA9, 0x94CC,	0x8CAA, 0xE6C3, 0x8CAB, 0x8AD1, 0x8CAC, 0x90D3, 0x8CAD, 0xE6C2,
	0x8CAE, 0xE6C7, 0x8CAF, 0x9299, 0x8CB0, 0x96E1, 0x8CB2, 0xE6C5,	0x8CB3, 0xE6C6, 0x8CB4, 0x8B4D, 0x8CB6, 0xE6C8, 0x8CB7, 0x9483,
	0x8CB8, 0x91DD, 0x8CBB, 0x94EF, 0x8CBC, 0x935C, 0x8CBD, 0xE6C4,	0x8CBF, 0x9666, 0x8CC0, 0x89EA, 0x8CC1, 0xE6CA, 0x8CC2, 0x9847,
	0x8CC3, 0x92C0, 0x8CC4, 0x9864, 0x8CC7, 0x8E91, 0x8CC8, 0xE6C9,	0x8CCA, 0x91AF, 0x8CCD, 0xE6DA, 0x8CCE, 0x9147, 0x8CD1, 0x93F6,
	0x8CD3, 0x956F, 0x8CDA, 0xE6CD, 0x8CDB, 0x8E5E, 0x8CDC, 0x8E92,	0x8CDE, 0x8FDC, 0x8CE0, 0x9485, 0x8CE2, 0x8CAB, 0x8CE3, 0xE6CC,
	0x8CE4, 0xE6CB, 0x8CE6, 0x958A, 0x8CEA, 0x8EBF, 0x8CED, 0x9371,	0x8CF0, 0xFBAD, 0x8CF4, 0xFBAE, 0x8CFA, 0xE6CF, 0x8CFB, 0xE6D0,
	0x8CFC, 0x8D77, 0x8CFD, 0xE6CE, 0x8D04, 0xE6D1, 0x8D05, 0xE6D2,	0x8D07, 0xE6D4, 0x8D08, 0x91A1, 0x8D0A, 0xE6D3, 0x8D0B, 0x8AE4,
	0x8D0D, 0xE6D6, 0x8D0F, 0xE6D5, 0x8D10, 0xE6D7, 0x8D12, 0xFBAF,	0x8D13, 0xE6D9, 0x8D14, 0xE6DB, 0x8D16, 0xE6DC, 0x8D64, 0x90D4,
	0x8D66, 0x8ECD, 0x8D67, 0xE6DD, 0x8D6B, 0x8A71, 0x8D6D, 0xE6DE,	0x8D70, 0x9196, 0x8D71, 0xE6DF, 0x8D73, 0xE6E0, 0x8D74, 0x958B,
	0x8D76, 0xFBB0, 0x8D77, 0x8B4E, 0x8D81, 0xE6E1, 0x8D85, 0x92B4,	0x8D8A, 0x897A, 0x8D99, 0xE6E2, 0x8DA3, 0x8EEF, 0x8DA8, 0x9096,
	0x8DB3, 0x91AB, 0x8DBA, 0xE6E5, 0x8DBE, 0xE6E4, 0x8DC2, 0xE6E3,	0x8DCB, 0xE6EB, 0x8DCC, 0xE6E9, 0x8DCF, 0xE6E6, 0x8DD6, 0xE6E8,
	0x8DDA, 0xE6E7, 0x8DDB, 0xE6EA, 0x8DDD, 0x8B97, 0x8DDF, 0xE6EE,	0x8DE1, 0x90D5, 0x8DE3, 0xE6EF, 0x8DE8, 0x8CD7, 0x8DEA, 0xE6EC,
	0x8DEB, 0xE6ED, 0x8DEF, 0x9848, 0x8DF3, 0x92B5, 0x8DF5, 0x9148,	0x8DFC, 0xE6F0, 0x8DFF, 0xE6F3, 0x8E08, 0xE6F1, 0x8E09, 0xE6F2,
	0x8E0A, 0x9778, 0x8E0F, 0x93A5, 0x8E10, 0xE6F6, 0x8E1D, 0xE6F4,	0x8E1E, 0xE6F5, 0x8E1F, 0xE6F7, 0x8E2A, 0xE748, 0x8E30, 0xE6FA,
	0x8E34, 0xE6FB, 0x8E35, 0xE6F9, 0x8E42, 0xE6F8, 0x8E44, 0x92FB,	0x8E47, 0xE740, 0x8E48, 0xE744, 0x8E49, 0xE741, 0x8E4A, 0xE6FC,
	0x8E4C, 0xE742, 0x8E50, 0xE743, 0x8E55, 0xE74A, 0x8E59, 0xE745,	0x8E5F, 0x90D6, 0x8E60, 0xE747, 0x8E63, 0xE749, 0x8E64, 0xE746,
	0x8E72, 0xE74C, 0x8E74, 0x8F52, 0x8E76, 0xE74B, 0x8E7C, 0xE74D,	0x8E81, 0xE74E, 0x8E84, 0xE751, 0x8E85, 0xE750, 0x8E87, 0xE74F,
	0x8E8A, 0xE753, 0x8E8B, 0xE752, 0x8E8D, 0x96F4, 0x8E91, 0xE755,	0x8E93, 0xE754, 0x8E94, 0xE756, 0x8E99, 0xE757, 0x8EA1, 0xE759,
	0x8EAA, 0xE758, 0x8EAB, 0x9067, 0x8EAC, 0xE75A, 0x8EAF, 0x8BEB,	0x8EB0, 0xE75B, 0x8EB1, 0xE75D, 0x8EBE, 0xE75E, 0x8EC5, 0xE75F,
	0x8EC6, 0xE75C, 0x8EC8, 0xE760, 0x8ECA, 0x8ED4, 0x8ECB, 0xE761,	0x8ECC, 0x8B4F, 0x8ECD, 0x8C52, 0x8ECF, 0xFBB2, 0x8ED2, 0x8CAC,
	0x8EDB, 0xE762, 0x8EDF, 0x93EE, 0x8EE2, 0x935D, 0x8EE3, 0xE763,	0x8EEB, 0xE766, 0x8EF8, 0x8EB2, 0x8EFB, 0xE765, 0x8EFC, 0xE764,
	0x8EFD, 0x8C79, 0x8EFE, 0xE767, 0x8F03, 0x8A72, 0x8F05, 0xE769,	0x8F09, 0x8DDA, 0x8F0A, 0xE768, 0x8F0C, 0xE771, 0x8F12, 0xE76B,
	0x8F13, 0xE76D, 0x8F14, 0x95E3, 0x8F15, 0xE76A, 0x8F19, 0xE76C,	0x8F1B, 0xE770, 0x8F1C, 0xE76E, 0x8F1D, 0x8B50, 0x8F1F, 0xE76F,
	0x8F26, 0xE772, 0x8F29, 0x9479, 0x8F2A, 0x97D6, 0x8F2F, 0x8F53,	0x8F33, 0xE773, 0x8F38, 0x9741, 0x8F39, 0xE775, 0x8F3B, 0xE774,
	0x8F3E, 0xE778, 0x8F3F, 0x9760, 0x8F42, 0xE777, 0x8F44, 0x8A8D,	0x8F45, 0xE776, 0x8F46, 0xE77B, 0x8F49, 0xE77A, 0x8F4C, 0xE779,
	0x8F4D, 0x9351, 0x8F4E, 0xE77C, 0x8F57, 0xE77D, 0x8F5C, 0xE77E,	0x8F5F, 0x8D8C, 0x8F61, 0x8C44, 0x8F62, 0xE780, 0x8F63, 0xE781,
	0x8F64, 0xE782, 0x8F9B, 0x9068, 0x8F9C, 0xE783, 0x8F9E, 0x8EAB,	0x8F9F, 0xE784, 0x8FA3, 0xE785, 0x8FA7, 0x999F, 0x8FA8, 0x999E,
	0x8FAD, 0xE786, 0x8FAE, 0xE390, 0x8FAF, 0xE787, 0x8FB0, 0x9243,	0x8FB1, 0x904A, 0x8FB2, 0x945F, 0x8FB7, 0xE788, 0x8FBA, 0x95D3,
	0x8FBB, 0x92D2, 0x8FBC, 0x8D9E, 0x8FBF, 0x9248, 0x8FC2, 0x8949,	0x8FC4, 0x9698, 0x8FC5, 0x9076, 0x8FCE, 0x8C7D, 0x8FD1, 0x8BDF,
	0x8FD4, 0x95D4, 0x8FDA, 0xE789, 0x8FE2, 0xE78B, 0x8FE5, 0xE78A,	0x8FE6, 0x89DE, 0x8FE9, 0x93F4, 0x8FEA, 0xE78C, 0x8FEB, 0x9497,
	0x8FED, 0x9352, 0x8FEF, 0xE78D, 0x8FF0, 0x8F71, 0x8FF4, 0xE78F,	0x8FF7, 0x96C0, 0x8FF8, 0xE79E, 0x8FF9, 0xE791, 0x8FFA, 0xE792,
	0x8FFD, 0x92C7, 0x9000, 0x91DE, 0x9001, 0x9197, 0x9003, 0x93A6,	0x9005, 0xE790, 0x9006, 0x8B74, 0x900B, 0xE799, 0x900D, 0xE796,
	0x900E, 0xE7A3, 0x900F, 0x93A7, 0x9010, 0x9280, 0x9011, 0xE793,	0x9013, 0x92FC, 0x9014, 0x9372, 0x9015, 0xE794, 0x9016, 0xE798,
	0x9017, 0x9080, 0x9019, 0x9487, 0x901A, 0x92CA, 0x901D, 0x90C0,	0x901E, 0xE797, 0x901F, 0x91AC, 0x9020, 0x91A2, 0x9021, 0xE795,
	0x9022, 0x88A7, 0x9023, 0x9841, 0x9027, 0xE79A, 0x902E, 0x91DF,	0x9031, 0x8F54, 0x9032, 0x9069, 0x9035, 0xE79C, 0x9036, 0xE79B,
	0x9038, 0x88ED, 0x9039, 0xE79D, 0x903C, 0x954E, 0x903E, 0xE7A5,	0x9041, 0x93D9, 0x9042, 0x908B, 0x9045, 0x9278, 0x9047, 0x8BF6,
	0x9049, 0xE7A4, 0x904A, 0x9756, 0x904B, 0x895E, 0x904D, 0x95D5,	0x904E, 0x89DF, 0x904F, 0xE79F, 0x9050, 0xE7A0, 0x9051, 0xE7A1,
	0x9052, 0xE7A2, 0x9053, 0x93B9, 0x9054, 0x9242, 0x9055, 0x88E1,	0x9056, 0xE7A6, 0x9058, 0xE7A7, 0x9059, 0xEAA1, 0x905C, 0x91BB,
	0x905E, 0xE7A8, 0x9060, 0x8993, 0x9061, 0x916B, 0x9063, 0x8CAD,	0x9065, 0x9779, 0x9067, 0xFBB5, 0x9068, 0xE7A9, 0x9069, 0x934B,
	0x906D, 0x9198, 0x906E, 0x8ED5, 0x906F, 0xE7AA, 0x9072, 0xE7AD,	0x9075, 0x8F85, 0x9076, 0xE7AB, 0x9077, 0x914A, 0x9078, 0x9149,
	0x907A, 0x88E2, 0x907C, 0x97C9, 0x907D, 0xE7AF, 0x907F, 0x94F0,	0x9080, 0xE7B1, 0x9081, 0xE7B0, 0x9082, 0xE7AE, 0x9083, 0xE284,
	0x9084, 0x8AD2, 0x9087, 0xE78E, 0x9089, 0xE7B3, 0x908A, 0xE7B2,	0x908F, 0xE7B4, 0x9091, 0x9757, 0x90A3, 0x93DF, 0x90A6, 0x964D,
	0x90A8, 0xE7B5, 0x90AA, 0x8ED7, 0x90AF, 0xE7B6, 0x90B1, 0xE7B7,	0x90B5, 0xE7B8, 0x90B8, 0x9340, 0x90C1, 0x88E8, 0x90CA, 0x8D78,
	0x90CE, 0x9859, 0x90DB, 0xE7BC, 0x90DE, 0xFBB6, 0x90E1, 0x8C53,	0x90E2, 0xE7B9, 0x90E4, 0xE7BA, 0x90E8, 0x9594, 0x90ED, 0x8A73,
	0x90F5, 0x9758, 0x90F7, 0x8BBD, 0x90FD, 0x9373, 0x9102, 0xE7BD,	0x9112, 0xE7BE, 0x9115, 0xFBB8, 0x9119, 0xE7BF, 0x9127, 0xFBB9,
	0x912D, 0x9341, 0x9130, 0xE7C1, 0x9132, 0xE7C0, 0x9149, 0x93D1,	0x914A, 0xE7C2, 0x914B, 0x8F55, 0x914C, 0x8EDE, 0x914D, 0x947A,
	0x914E, 0x9291, 0x9152, 0x8EF0, 0x9154, 0x908C, 0x9156, 0xE7C3,	0x9158, 0xE7C4, 0x9162, 0x907C, 0x9163, 0xE7C5, 0x9165, 0xE7C6,
	0x9169, 0xE7C7, 0x916A, 0x978F, 0x916C, 0x8F56, 0x9172, 0xE7C9,	0x9173, 0xE7C8, 0x9175, 0x8D79, 0x9177, 0x8D93, 0x9178, 0x8E5F,
	0x9182, 0xE7CC, 0x9187, 0x8F86, 0x9189, 0xE7CB, 0x918B, 0xE7CA,	0x918D, 0x91E7, 0x9190, 0x8CED, 0x9192, 0x90C1, 0x9197, 0x94AE,
	0x919C, 0x8F58, 0x91A2, 0xE7CD, 0x91A4, 0x8FDD, 0x91AA, 0xE7D0,	0x91AB, 0xE7CE, 0x91AF, 0xE7CF, 0x91B4, 0xE7D2, 0x91B5, 0xE7D1,
	0x91B8, 0x8FF8, 0x91BA, 0xE7D3, 0x91C0, 0xE7D4, 0x91C1, 0xE7D5,	0x91C6, 0x94CE, 0x91C7, 0x8DD1, 0x91C8, 0x8EDF, 0x91C9, 0xE7D6,
	0x91CB, 0xE7D7, 0x91CC, 0x97A2, 0x91CD, 0x8F64, 0x91CE, 0x96EC,	0x91CF, 0x97CA, 0x91D0, 0xE7D8, 0x91D1, 0x8BE0, 0x91D6, 0xE7D9,
	0x91D7, 0xFBBB, 0x91D8, 0x9342, 0x91DA, 0xFBBA, 0x91DB, 0xE7DC,	0x91DC, 0x8A98, 0x91DD, 0x906A, 0x91DE, 0xFBBC, 0x91DF, 0xE7DA,
	0x91E1, 0xE7DB, 0x91E3, 0x92DE, 0x91E4, 0xFBBF, 0x91E5, 0xFBC0,	0x91E6, 0x9674, 0x91E7, 0x8BFA, 0x91ED, 0xFBBD, 0x91EE, 0xFBBE,
	0x91F5, 0xE7DE, 0x91F6, 0xE7DF, 0x91FC, 0xE7DD, 0x91FF, 0xE7E1,	0x9206, 0xFBC1, 0x920A, 0xFBC3, 0x920D, 0x93DD, 0x920E, 0x8A62,
	0x9210, 0xFBC2, 0x9211, 0xE7E5, 0x9214, 0xE7E2, 0x9215, 0xE7E4,	0x921E, 0xE7E0, 0x9229, 0xE86E, 0x922C, 0xE7E3, 0x9234, 0x97E9,
	0x9237, 0x8CD8, 0x9239, 0xFBCA, 0x923A, 0xFBC4, 0x923C, 0xFBC6,	0x923F, 0xE7ED, 0x9240, 0xFBC5, 0x9244, 0x9353, 0x9245, 0xE7E8,
	0x9248, 0xE7EB, 0x9249, 0xE7E9, 0x924B, 0xE7EE, 0x924E, 0xFBC7,	0x9250, 0xE7EF, 0x9251, 0xFBC9, 0x9257, 0xE7E7, 0x9259, 0xFBC8,
	0x925A, 0xE7F4, 0x925B, 0x8994, 0x925E, 0xE7E6, 0x9262, 0x94AB,	0x9264, 0xE7EA, 0x9266, 0x8FDE, 0x9267, 0xFBCB, 0x9271, 0x8D7A,
	0x9277, 0xFBCD, 0x9278, 0xFBCE, 0x927E, 0x9667, 0x9280, 0x8BE2,	0x9283, 0x8F65, 0x9285, 0x93BA, 0x9288, 0xFA5F, 0x9291, 0x914C,
	0x9293, 0xE7F2, 0x9295, 0xE7EC, 0x9296, 0xE7F1, 0x9298, 0x96C1,	0x929A, 0x92B6, 0x929B, 0xE7F3, 0x929C, 0xE7F0, 0x92A7, 0xFBCC,
	0x92AD, 0x914B, 0x92B7, 0xE7F7, 0x92B9, 0xE7F6, 0x92CF, 0xE7F5,	0x92D0, 0xFBD2, 0x92D2, 0x964E, 0x92D3, 0xFBD6, 0x92D5, 0xFBD4,
	0x92D7, 0xFBD0, 0x92D9, 0xFBD1, 0x92E0, 0xFBD5, 0x92E4, 0x8F9B,	0x92E7, 0xFBCF, 0x92E9, 0xE7F8, 0x92EA, 0x95DD, 0x92ED, 0x8973,
	0x92F2, 0x9565, 0x92F3, 0x9292, 0x92F8, 0x8B98, 0x92F9, 0xFA65,	0x92FA, 0xE7FA, 0x92FB, 0xFBD9, 0x92FC, 0x8D7C, 0x92FF, 0xFBDC,
	0x9302, 0xFBDE, 0x9306, 0x8E4B, 0x930F, 0xE7F9, 0x9310, 0x908D,	0x9318, 0x908E, 0x9319, 0xE840, 0x931A, 0xE842, 0x931D, 0xFBDD,
	0x931E, 0xFBDB, 0x9320, 0x8FF9, 0x9321, 0xFBD8, 0x9322, 0xE841,	0x9323, 0xE843, 0x9325, 0xFBD7, 0x9326, 0x8BD1, 0x9328, 0x9564,
	0x932B, 0x8EE0, 0x932C, 0x9842, 0x932E, 0xE7FC, 0x932F, 0x8DF6,	0x9332, 0x985E, 0x9335, 0xE845, 0x933A, 0xE844, 0x933B, 0xE846,
	0x9344, 0xE7FB, 0x9348, 0xFA5E, 0x934B, 0x93E7, 0x934D, 0x9374,	0x9354, 0x92D5, 0x9356, 0xE84B, 0x9357, 0xFBE0, 0x935B, 0x9262,
	0x935C, 0xE847, 0x9360, 0xE848, 0x936C, 0x8C4C, 0x936E, 0xE84A,	0x9370, 0xFBDF, 0x9375, 0x8CAE, 0x937C, 0xE849, 0x937E, 0x8FDF,
	0x938C, 0x8A99, 0x9394, 0xE84F, 0x9396, 0x8DBD, 0x9397, 0x9199,	0x939A, 0x92C8, 0x93A4, 0xFBE1, 0x93A7, 0x8A5A, 0x93AC, 0xE84D,
	0x93AD, 0xE84E, 0x93AE, 0x92C1, 0x93B0, 0xE84C, 0x93B9, 0xE850,	0x93C3, 0xE856, 0x93C6, 0xFBE2, 0x93C8, 0xE859, 0x93D0, 0xE858,
	0x93D1, 0x934C, 0x93D6, 0xE851, 0x93D7, 0xE852, 0x93D8, 0xE855,	0x93DD, 0xE857, 0x93DE, 0xFBE3, 0x93E1, 0x8BBE, 0x93E4, 0xE85A,
	0x93E5, 0xE854, 0x93E8, 0xE853, 0x93F8, 0xFBE4, 0x9403, 0xE85E,	0x9407, 0xE85F, 0x9410, 0xE860, 0x9413, 0xE85D, 0x9414, 0xE85C,
	0x9418, 0x8FE0, 0x9419, 0x93A8, 0x941A, 0xE85B, 0x9421, 0xE864,	0x942B, 0xE862, 0x9431, 0xFBE5, 0x9435, 0xE863, 0x9436, 0xE861,
	0x9438, 0x91F6, 0x943A, 0xE865, 0x9441, 0xE866, 0x9444, 0xE868,	0x9445, 0xFBE6, 0x9448, 0xFBE7, 0x9451, 0x8AD3, 0x9452, 0xE867,
	0x9453, 0x96F8, 0x945A, 0xE873, 0x945B, 0xE869, 0x945E, 0xE86C,	0x9460, 0xE86A, 0x9462, 0xE86B, 0x946A, 0xE86D, 0x9470, 0xE86F,
	0x9475, 0xE870, 0x9477, 0xE871, 0x947C, 0xE874, 0x947D, 0xE872,	0x947E, 0xE875, 0x947F, 0xE877, 0x9481, 0xE876, 0x9577, 0x92B7,
	0x9580, 0x96E5, 0x9582, 0xE878, 0x9583, 0x914D, 0x9587, 0xE879,	0x9589, 0x95C2, 0x958A, 0xE87A, 0x958B, 0x8A4A, 0x958F, 0x895B,
	0x9591, 0x8AD5, 0x9592, 0xFBE8, 0x9593, 0x8AD4, 0x9594, 0xE87B,	0x9596, 0xE87C, 0x9598, 0xE87D, 0x9599, 0xE87E, 0x95A0, 0xE880,
	0x95A2, 0x8AD6, 0x95A3, 0x8A74, 0x95A4, 0x8D7D, 0x95A5, 0x94B4,	0x95A7, 0xE882, 0x95A8, 0xE881, 0x95AD, 0xE883, 0x95B2, 0x897B,
	0x95B9, 0xE886, 0x95BB, 0xE885, 0x95BC, 0xE884, 0x95BE, 0xE887,	0x95C3, 0xE88A, 0x95C7, 0x88C5, 0x95CA, 0xE888, 0x95CC, 0xE88C,
	0x95CD, 0xE88B, 0x95D4, 0xE88E, 0x95D5, 0xE88D, 0x95D6, 0xE88F,	0x95D8, 0x93AC, 0x95DC, 0xE890, 0x95E1, 0xE891, 0x95E2, 0xE893,
	0x95E5, 0xE892, 0x961C, 0x958C, 0x9621, 0xE894, 0x9628, 0xE895,	0x962A, 0x8DE3, 0x962E, 0xE896, 0x962F, 0xE897, 0x9632, 0x9668,
	0x963B, 0x916A, 0x963F, 0x88A2, 0x9640, 0x91C9, 0x9642, 0xE898,	0x9644, 0x958D, 0x964B, 0xE89B, 0x964C, 0xE899, 0x964D, 0x8D7E,
	0x964F, 0xE89A, 0x9650, 0x8CC0, 0x965B, 0x95C3, 0x965C, 0xE89D,	0x965D, 0xE89F, 0x965E, 0xE89E, 0x965F, 0xE8A0, 0x9662, 0x8940,
	0x9663, 0x9077, 0x9664, 0x8F9C, 0x9665, 0x8AD7, 0x9666, 0xE8A1,	0x966A, 0x9486, 0x966C, 0xE8A3, 0x9670, 0x8941, 0x9672, 0xE8A2,
	0x9673, 0x92C2, 0x9675, 0x97CB, 0x9676, 0x93A9, 0x9677, 0xE89C,	0x9678, 0x97A4, 0x967A, 0x8CAF, 0x967D, 0x977A, 0x9685, 0x8BF7,
	0x9686, 0x97B2, 0x9688, 0x8C47, 0x968A, 0x91E0, 0x968B, 0xE440,	0x968D, 0xE8A4, 0x968E, 0x8A4B, 0x968F, 0x908F, 0x9694, 0x8A75,
	0x9695, 0xE8A6, 0x9697, 0xE8A7, 0x9698, 0xE8A5, 0x9699, 0x8C84,	0x969B, 0x8DDB, 0x969C, 0x8FE1, 0x969D, 0xFBEB, 0x96A0, 0x8942,
	0x96A3, 0x97D7, 0x96A7, 0xE8A9, 0x96A8, 0xE7AC, 0x96AA, 0xE8A8,	0x96AF, 0xFBEC, 0x96B0, 0xE8AC, 0x96B1, 0xE8AA, 0x96B2, 0xE8AB,
	0x96B4, 0xE8AD, 0x96B6, 0xE8AE, 0x96B7, 0x97EA, 0x96B8, 0xE8AF,	0x96B9, 0xE8B0, 0x96BB, 0x90C7, 0x96BC, 0x94B9, 0x96C0, 0x909D,
	0x96C1, 0x8AE5, 0x96C4, 0x9759, 0x96C5, 0x89EB, 0x96C6, 0x8F57,	0x96C7, 0x8CD9, 0x96C9, 0xE8B3, 0x96CB, 0xE8B2, 0x96CC, 0x8E93,
	0x96CD, 0xE8B4, 0x96CE, 0xE8B1, 0x96D1, 0x8E47, 0x96D5, 0xE8B8,	0x96D6, 0xE5AB, 0x96D9, 0x99D4, 0x96DB, 0x9097, 0x96DC, 0xE8B6,
	0x96E2, 0x97A3, 0x96E3, 0x93EF, 0x96E8, 0x894A, 0x96EA, 0x90E1,	0x96EB, 0x8EB4, 0x96F0, 0x95B5, 0x96F2, 0x895F, 0x96F6, 0x97EB,
	0x96F7, 0x978B, 0x96F9, 0xE8B9, 0x96FB, 0x9364, 0x9700, 0x8EF9,	0x9704, 0xE8BA, 0x9706, 0xE8BB, 0x9707, 0x906B, 0x9708, 0xE8BC,
	0x970A, 0x97EC, 0x970D, 0xE8B7, 0x970E, 0xE8BE, 0x970F, 0xE8C0,	0x9711, 0xE8BF, 0x9713, 0xE8BD, 0x9716, 0xE8C1, 0x9719, 0xE8C2,
	0x971C, 0x919A, 0x971E, 0x89E0, 0x9724, 0xE8C3, 0x9727, 0x96B6,	0x972A, 0xE8C4, 0x9730, 0xE8C5, 0x9732, 0x9849, 0x9733, 0xFBED,
	0x9738, 0x9E50, 0x9739, 0xE8C6, 0x973B, 0xFBEE, 0x973D, 0xE8C7,	0x973E, 0xE8C8, 0x9742, 0xE8CC, 0x9743, 0xFBEF, 0x9744, 0xE8C9,
	0x9746, 0xE8CA, 0x9748, 0xE8CB, 0x9749, 0xE8CD, 0x974D, 0xFBF0,	0x974F, 0xFBF1, 0x9751, 0xFBF2, 0x9752, 0x90C2, 0x9755, 0xFBF3,
	0x9756, 0x96F5, 0x9759, 0x90C3, 0x975C, 0xE8CE, 0x975E, 0x94F1,	0x9760, 0xE8CF, 0x9761, 0xEA72, 0x9762, 0x96CA, 0x9764, 0xE8D0,
	0x9766, 0xE8D1, 0x9768, 0xE8D2, 0x9769, 0x8A76, 0x976B, 0xE8D4,	0x976D, 0x9078, 0x9771, 0xE8D5, 0x9774, 0x8C43, 0x9779, 0xE8D6,
	0x977A, 0xE8DA, 0x977C, 0xE8D8, 0x9781, 0xE8D9, 0x9784, 0x8A93,	0x9785, 0xE8D7, 0x9786, 0xE8DB, 0x978B, 0xE8DC, 0x978D, 0x88C6,
	0x978F, 0xE8DD, 0x9790, 0xE8DE, 0x9798, 0x8FE2, 0x979C, 0xE8DF,	0x97A0, 0x8B66, 0x97A3, 0xE8E2, 0x97A6, 0xE8E1, 0x97A8, 0xE8E0,
	0x97AB, 0xE691, 0x97AD, 0x95DA, 0x97B3, 0xE8E3, 0x97B4, 0xE8E4,	0x97C3, 0xE8E5, 0x97C6, 0xE8E6, 0x97C8, 0xE8E7, 0x97CB, 0xE8E8,
	0x97D3, 0x8AD8, 0x97DC, 0xE8E9, 0x97ED, 0xE8EA, 0x97EE, 0x9442,	0x97F2, 0xE8EC, 0x97F3, 0x89B9, 0x97F5, 0xE8EF, 0x97F6, 0xE8EE,
	0x97FB, 0x8943, 0x97FF, 0x8BBF, 0x9801, 0x95C5, 0x9802, 0x92B8,	0x9803, 0x8DA0, 0x9805, 0x8D80, 0x9806, 0x8F87, 0x9808, 0x907B,
	0x980C, 0xE8F1, 0x980F, 0xE8F0, 0x9810, 0x9761, 0x9811, 0x8AE6,	0x9812, 0x94D0, 0x9813, 0x93DA, 0x9817, 0x909C, 0x9818, 0x97CC,
	0x981A, 0x8C7A, 0x9821, 0xE8F4, 0x9824, 0xE8F3, 0x982C, 0x966A,	0x982D, 0x93AA, 0x9834, 0x896F, 0x9837, 0xE8F5, 0x9838, 0xE8F2,
	0x983B, 0x9570, 0x983C, 0x978A, 0x983D, 0xE8F6, 0x9846, 0xE8F7,	0x984B, 0xE8F9, 0x984C, 0x91E8, 0x984D, 0x8A7A, 0x984E, 0x8A7B,
	0x984F, 0xE8F8, 0x9854, 0x8AE7, 0x9855, 0x8CB0, 0x9857, 0xFBF4,	0x9858, 0x8AE8, 0x985B, 0x935E, 0x985E, 0x97DE, 0x9865, 0xFBF5,
	0x9867, 0x8CDA, 0x986B, 0xE8FA, 0x986F, 0xE8FB, 0x9870, 0xE8FC,	0x9871, 0xE940, 0x9873, 0xE942, 0x9874, 0xE941, 0x98A8, 0x9597,
	0x98AA, 0xE943, 0x98AF, 0xE944, 0x98B1, 0xE945, 0x98B6, 0xE946,	0x98C3, 0xE948, 0x98C4, 0xE947, 0x98C6, 0xE949, 0x98DB, 0x94F2,
	0x98DC, 0xE3CA, 0x98DF, 0x9048, 0x98E2, 0x8B51, 0x98E9, 0xE94A,	0x98EB, 0xE94B, 0x98ED, 0x99AA, 0x98EE, 0x9F5A, 0x98EF, 0x94D1,
	0x98F2, 0x88F9, 0x98F4, 0x88B9, 0x98FC, 0x8E94, 0x98FD, 0x964F,	0x98FE, 0x8FFC, 0x9903, 0xE94C, 0x9905, 0x96DD, 0x9909, 0xE94D,
	0x990A, 0x977B, 0x990C, 0x8961, 0x9910, 0x8E60, 0x9912, 0xE94E,	0x9913, 0x89EC, 0x9914, 0xE94F, 0x9918, 0xE950, 0x991D, 0xE952,
	0x991E, 0xE953, 0x9920, 0xE955, 0x9921, 0xE951, 0x9924, 0xE954,	0x9927, 0xFBF8, 0x9928, 0x8AD9, 0x992C, 0xE956, 0x992E, 0xE957,
	0x993D, 0xE958, 0x993E, 0xE959, 0x9942, 0xE95A, 0x9945, 0xE95C,	0x9949, 0xE95B, 0x994B, 0xE95E, 0x994C, 0xE961, 0x9950, 0xE95D,
	0x9951, 0xE95F, 0x9952, 0xE960, 0x9955, 0xE962, 0x9957, 0x8BC0,	0x9996, 0x8EF1, 0x9997, 0xE963, 0x9998, 0xE964, 0x9999, 0x8D81,
	0x999E, 0xFBFA, 0x99A5, 0xE965, 0x99A8, 0x8A5D, 0x99AC, 0x946E,	0x99AD, 0xE966, 0x99AE, 0xE967, 0x99B3, 0x9279, 0x99B4, 0x93E9,
	0x99BC, 0xE968, 0x99C1, 0x949D, 0x99C4, 0x91CA, 0x99C5, 0x8977,	0x99C6, 0x8BEC, 0x99C8, 0x8BED, 0x99D0, 0x9293, 0x99D1, 0xE96D,
	0x99D2, 0x8BEE, 0x99D5, 0x89ED, 0x99D8, 0xE96C, 0x99DB, 0xE96A,	0x99DD, 0xE96B, 0x99DF, 0xE969, 0x99E2, 0xE977, 0x99ED, 0xE96E,
	0x99EE, 0xE96F, 0x99F1, 0xE970, 0x99F2, 0xE971, 0x99F8, 0xE973,	0x99FB, 0xE972, 0x99FF, 0x8F78, 0x9A01, 0xE974, 0x9A05, 0xE976,
	0x9A0E, 0x8B52, 0x9A0F, 0xE975, 0x9A12, 0x919B, 0x9A13, 0x8CB1,	0x9A19, 0xE978, 0x9A28, 0x91CB, 0x9A2B, 0xE979, 0x9A30, 0x93AB,
	0x9A37, 0xE97A, 0x9A3E, 0xE980, 0x9A40, 0xE97D, 0x9A42, 0xE97C,	0x9A43, 0xE97E, 0x9A45, 0xE97B, 0x9A4D, 0xE982, 0x9A4E, 0xFBFB,
	0x9A55, 0xE981, 0x9A57, 0xE984, 0x9A5A, 0x8BC1, 0x9A5B, 0xE983,	0x9A5F, 0xE985, 0x9A62, 0xE986, 0x9A64, 0xE988, 0x9A65, 0xE987,
	0x9A69, 0xE989, 0x9A6A, 0xE98B, 0x9A6B, 0xE98A, 0x9AA8, 0x8D9C,	0x9AAD, 0xE98C, 0x9AB0, 0xE98D, 0x9AB8, 0x8A5B, 0x9ABC, 0xE98E,
	0x9AC0, 0xE98F, 0x9AC4, 0x9091, 0x9ACF, 0xE990, 0x9AD1, 0xE991,	0x9AD3, 0xE992, 0x9AD4, 0xE993, 0x9AD8, 0x8D82, 0x9AD9, 0xFBFC,
	0x9ADC, 0xFC40, 0x9ADE, 0xE994, 0x9ADF, 0xE995, 0x9AE2, 0xE996,	0x9AE3, 0xE997, 0x9AE6, 0xE998, 0x9AEA, 0x94AF, 0x9AEB, 0xE99A,
	0x9AED, 0x9545, 0x9AEE, 0xE99B, 0x9AEF, 0xE999, 0x9AF1, 0xE99D,	0x9AF4, 0xE99C, 0x9AF7, 0xE99E, 0x9AFB, 0xE99F, 0x9B06, 0xE9A0,
	0x9B18, 0xE9A1, 0x9B1A, 0xE9A2, 0x9B1F, 0xE9A3, 0x9B22, 0xE9A4,	0x9B23, 0xE9A5, 0x9B25, 0xE9A6, 0x9B27, 0xE9A7, 0x9B28, 0xE9A8,
	0x9B29, 0xE9A9, 0x9B2A, 0xE9AA, 0x9B2E, 0xE9AB, 0x9B2F, 0xE9AC,	0x9B31, 0x9F54, 0x9B32, 0xE9AD, 0x9B3B, 0xE2F6, 0x9B3C, 0x8B53,
	0x9B41, 0x8A40, 0x9B42, 0x8DB0, 0x9B43, 0xE9AF, 0x9B44, 0xE9AE,	0x9B45, 0x96A3, 0x9B4D, 0xE9B1, 0x9B4E, 0xE9B2, 0x9B4F, 0xE9B0,
	0x9B51, 0xE9B3, 0x9B54, 0x9682, 0x9B58, 0xE9B4, 0x9B5A, 0x8B9B,	0x9B6F, 0x9844, 0x9B72, 0xFC42, 0x9B74, 0xE9B5, 0x9B75, 0xFC41,
	0x9B83, 0xE9B7, 0x9B8E, 0x88BC, 0x9B8F, 0xFC43, 0x9B91, 0xE9B8,	0x9B92, 0x95A9, 0x9B93, 0xE9B6, 0x9B96, 0xE9B9, 0x9B97, 0xE9BA,
	0x9B9F, 0xE9BB, 0x9BA0, 0xE9BC, 0x9BA8, 0xE9BD, 0x9BAA, 0x968E,	0x9BAB, 0x8E4C, 0x9BAD, 0x8DF8, 0x9BAE, 0x914E, 0x9BB1, 0xFC44,
	0x9BB4, 0xE9BE, 0x9BB9, 0xE9C1, 0x9BBB, 0xFC45, 0x9BC0, 0xE9BF,	0x9BC6, 0xE9C2, 0x9BC9, 0x8CEF, 0x9BCA, 0xE9C0, 0x9BCF, 0xE9C3,
	0x9BD1, 0xE9C4, 0x9BD2, 0xE9C5, 0x9BD4, 0xE9C9, 0x9BD6, 0x8E49,	0x9BDB, 0x91E2, 0x9BE1, 0xE9CA, 0x9BE2, 0xE9C7, 0x9BE3, 0xE9C6,
	0x9BE4, 0xE9C8, 0x9BE8, 0x8C7E, 0x9BF0, 0xE9CE, 0x9BF1, 0xE9CD,	0x9BF2, 0xE9CC, 0x9BF5, 0x88B1, 0x9C00, 0xFC46, 0x9C04, 0xE9D8,
	0x9C06, 0xE9D4, 0x9C08, 0xE9D5, 0x9C09, 0xE9D1, 0x9C0A, 0xE9D7,	0x9C0C, 0xE9D3, 0x9C0D, 0x8A82, 0x9C10, 0x986B, 0x9C12, 0xE9D6,
	0x9C13, 0xE9D2, 0x9C14, 0xE9D0, 0x9C15, 0xE9CF, 0x9C1B, 0xE9DA,	0x9C21, 0xE9DD, 0x9C24, 0xE9DC, 0x9C25, 0xE9DB, 0x9C2D, 0x9568,
	0x9C2E, 0xE9D9, 0x9C2F, 0x88F1, 0x9C30, 0xE9DE, 0x9C32, 0xE9E0,	0x9C39, 0x8A8F, 0x9C3A, 0xE9CB, 0x9C3B, 0x8956, 0x9C3E, 0xE9E2,
	0x9C46, 0xE9E1, 0x9C47, 0xE9DF, 0x9C48, 0x924C, 0x9C52, 0x9690,	0x9C57, 0x97D8, 0x9C5A, 0xE9E3, 0x9C60, 0xE9E4, 0x9C67, 0xE9E5,
	0x9C76, 0xE9E6, 0x9C78, 0xE9E7, 0x9CE5, 0x92B9, 0x9CE7, 0xE9E8,	0x9CE9, 0x94B5, 0x9CEB, 0xE9ED, 0x9CEC, 0xE9E9, 0x9CF0, 0xE9EA,
	0x9CF3, 0x9650, 0x9CF4, 0x96C2, 0x9CF6, 0x93CE, 0x9D03, 0xE9EE,	0x9D06, 0xE9EF, 0x9D07, 0x93BC, 0x9D08, 0xE9EC, 0x9D09, 0xE9EB,
	0x9D0E, 0x89A8, 0x9D12, 0xE9F7, 0x9D15, 0xE9F6, 0x9D1B, 0x8995,	0x9D1F, 0xE9F4, 0x9D23, 0xE9F3, 0x9D26, 0xE9F1, 0x9D28, 0x8A9B,
	0x9D2A, 0xE9F0, 0x9D2B, 0x8EB0, 0x9D2C, 0x89A7, 0x9D3B, 0x8D83,	0x9D3E, 0xE9FA, 0x9D3F, 0xE9F9, 0x9D41, 0xE9F8, 0x9D44, 0xE9F5,
	0x9D46, 0xE9FB, 0x9D48, 0xE9FC, 0x9D50, 0xEA44, 0x9D51, 0xEA43,	0x9D59, 0xEA45, 0x9D5C, 0x894C, 0x9D5D, 0xEA40, 0x9D5E, 0xEA41,
	0x9D60, 0x8D94, 0x9D61, 0x96B7, 0x9D64, 0xEA42, 0x9D6B, 0xFC48,	0x9D6C, 0x9651, 0x9D6F, 0xEA4A, 0x9D70, 0xFC47, 0x9D72, 0xEA46,
	0x9D7A, 0xEA4B, 0x9D87, 0xEA48, 0x9D89, 0xEA47, 0x9D8F, 0x8C7B,	0x9D9A, 0xEA4C, 0x9DA4, 0xEA4D, 0x9DA9, 0xEA4E, 0x9DAB, 0xEA49,
	0x9DAF, 0xE9F2, 0x9DB2, 0xEA4F, 0x9DB4, 0x92DF, 0x9DB8, 0xEA53,	0x9DBA, 0xEA54, 0x9DBB, 0xEA52, 0x9DC1, 0xEA51, 0x9DC2, 0xEA57,
	0x9DC4, 0xEA50, 0x9DC6, 0xEA55, 0x9DCF, 0xEA56, 0x9DD3, 0xEA59,	0x9DD9, 0xEA58, 0x9DE6, 0xEA5B, 0x9DED, 0xEA5C, 0x9DEF, 0xEA5D,
	0x9DF2, 0x9868, 0x9DF8, 0xEA5A, 0x9DF9, 0x91E9, 0x9DFA, 0x8DEB,	0x9DFD, 0xEA5E, 0x9E19, 0xFC4A, 0x9E1A, 0xEA5F, 0x9E1B, 0xEA60,
	0x9E1E, 0xEA61, 0x9E75, 0xEA62, 0x9E78, 0x8CB2, 0x9E79, 0xEA63,	0x9E7D, 0xEA64, 0x9E7F, 0x8EAD, 0x9E81, 0xEA65, 0x9E88, 0xEA66,
	0x9E8B, 0xEA67, 0x9E8C, 0xEA68, 0x9E91, 0xEA6B, 0x9E92, 0xEA69,	0x9E93, 0x985B, 0x9E95, 0xEA6A, 0x9E97, 0x97ED, 0x9E9D, 0xEA6C,
	0x9E9F, 0x97D9, 0x9EA5, 0xEA6D, 0x9EA6, 0x949E, 0x9EA9, 0xEA6E,	0x9EAA, 0xEA70, 0x9EAD, 0xEA71, 0x9EB8, 0xEA6F, 0x9EB9, 0x8D8D,
	0x9EBA, 0x96CB, 0x9EBB, 0x9683, 0x9EBC, 0x9BF5, 0x9EBE, 0x9F80,	0x9EBF, 0x969B, 0x9EC4, 0x89A9, 0x9ECC, 0xEA73, 0x9ECD, 0x8B6F,
	0x9ECE, 0xEA74, 0x9ECF, 0xEA75, 0x9ED0, 0xEA76, 0x9ED1, 0xFC4B,	0x9ED2, 0x8D95, 0x9ED4, 0xEA77, 0x9ED8, 0xE0D2, 0x9ED9, 0x96D9,
	0x9EDB, 0x91E1, 0x9EDC, 0xEA78, 0x9EDD, 0xEA7A, 0x9EDE, 0xEA79,	0x9EE0, 0xEA7B, 0x9EE5, 0xEA7C, 0x9EE8, 0xEA7D, 0x9EEF, 0xEA7E,
	0x9EF4, 0xEA80, 0x9EF6, 0xEA81, 0x9EF7, 0xEA82, 0x9EF9, 0xEA83,	0x9EFB, 0xEA84, 0x9EFC, 0xEA85, 0x9EFD, 0xEA86, 0x9F07, 0xEA87,
	0x9F08, 0xEA88, 0x9F0E, 0x9343, 0x9F13, 0x8CDB, 0x9F15, 0xEA8A,	0x9F20, 0x916C, 0x9F21, 0xEA8B, 0x9F2C, 0xEA8C, 0x9F3B, 0x9540,
	0x9F3E, 0xEA8D, 0x9F4A, 0xEA8E, 0x9F4B, 0xE256, 0x9F4E, 0xE6D8,	0x9F4F, 0xE8EB, 0x9F52, 0xEA8F, 0x9F54, 0xEA90, 0x9F5F, 0xEA92,
	0x9F60, 0xEA93, 0x9F61, 0xEA94, 0x9F62, 0x97EE, 0x9F63, 0xEA91,	0x9F66, 0xEA95, 0x9F67, 0xEA96, 0x9F6A, 0xEA98, 0x9F6C, 0xEA97,
	0x9F72, 0xEA9A, 0x9F76, 0xEA9B, 0x9F77, 0xEA99, 0x9F8D, 0x97B4,	0x9F95, 0xEA9C, 0x9F9C, 0xEA9D, 0x9F9D, 0xE273, 0x9FA0, 0xEA9E,
	0xF929, 0xFAE0, 0xF9DC, 0xFBE9, 0xFA0E, 0xFA90, 0xFA0F, 0xFA9B,	0xFA10, 0xFA9C, 0xFA11, 0xFAB1, 0xFA12, 0xFAD8, 0xFA13, 0xFAE8,
	0xFA14, 0xFAEA, 0xFA15, 0xFB58, 0xFA16, 0xFB5E, 0xFA17, 0xFB75,	0xFA18, 0xFB7D, 0xFA19, 0xFB7E, 0xFA1A, 0xFB80, 0xFA1B, 0xFB82,
	0xFA1C, 0xFB86, 0xFA1D, 0xFB89, 0xFA1E, 0xFB92, 0xFA1F, 0xFB9D,	0xFA20, 0xFB9F, 0xFA21, 0xFBA0, 0xFA22, 0xFBA9, 0xFA23, 0xFBB1,
	0xFA24, 0xFBB3, 0xFA25, 0xFBB4, 0xFA26, 0xFBB7, 0xFA27, 0xFBD3,	0xFA28, 0xFBDA, 0xFA29, 0xFBEA, 0xFA2A, 0xFBF6, 0xFA2B, 0xFBF7,
	0xFA2C, 0xFBF9, 0xFA2D, 0xFC49, 0xFF01, 0x8149, 0xFF02, 0xFA57,	0xFF03, 0x8194, 0xFF04, 0x8190, 0xFF05, 0x8193, 0xFF06, 0x8195,
	0xFF07, 0xFA56, 0xFF08, 0x8169, 0xFF09, 0x816A, 0xFF0A, 0x8196,	0xFF0B, 0x817B, 0xFF0C, 0x8143, 0xFF0D, 0x817C, 0xFF0E, 0x8144,
	0xFF0F, 0x815E, 0xFF10, 0x824F, 0xFF11, 0x8250, 0xFF12, 0x8251,	0xFF13, 0x8252, 0xFF14, 0x8253, 0xFF15, 0x8254, 0xFF16, 0x8255,
	0xFF17, 0x8256, 0xFF18, 0x8257, 0xFF19, 0x8258, 0xFF1A, 0x8146,	0xFF1B, 0x8147, 0xFF1C, 0x8183, 0xFF1D, 0x8181, 0xFF1E, 0x8184,
	0xFF1F, 0x8148, 0xFF20, 0x8197, 0xFF21, 0x8260, 0xFF22, 0x8261,	0xFF23, 0x8262, 0xFF24, 0x8263, 0xFF25, 0x8264, 0xFF26, 0x8265,
	0xFF27, 0x8266, 0xFF28, 0x8267, 0xFF29, 0x8268, 0xFF2A, 0x8269,	0xFF2B, 0x826A, 0xFF2C, 0x826B, 0xFF2D, 0x826C, 0xFF2E, 0x826D,
	0xFF2F, 0x826E, 0xFF30, 0x826F, 0xFF31, 0x8270, 0xFF32, 0x8271,	0xFF33, 0x8272, 0xFF34, 0x8273, 0xFF35, 0x8274, 0xFF36, 0x8275,
	0xFF37, 0x8276, 0xFF38, 0x8277, 0xFF39, 0x8278, 0xFF3A, 0x8279,	0xFF3B, 0x816D, 0xFF3C, 0x815F, 0xFF3D, 0x816E, 0xFF3E, 0x814F,
	0xFF3F, 0x8151, 0xFF40, 0x814D, 0xFF41, 0x8281, 0xFF42, 0x8282,	0xFF43, 0x8283, 0xFF44, 0x8284, 0xFF45, 0x8285, 0xFF46, 0x8286,
	0xFF47, 0x8287, 0xFF48, 0x8288, 0xFF49, 0x8289, 0xFF4A, 0x828A,	0xFF4B, 0x828B, 0xFF4C, 0x828C, 0xFF4D, 0x828D, 0xFF4E, 0x828E,
	0xFF4F, 0x828F, 0xFF50, 0x8290, 0xFF51, 0x8291, 0xFF52, 0x8292,	0xFF53, 0x8293, 0xFF54, 0x8294, 0xFF55, 0x8295, 0xFF56, 0x8296,
	0xFF57, 0x8297, 0xFF58, 0x8298, 0xFF59, 0x8299, 0xFF5A, 0x829A,	0xFF5B, 0x816F, 0xFF5C, 0x8162, 0xFF5D, 0x8170, 0xFF5E, 0x8160,
	0xFF61, 0x00A1, 0xFF62, 0x00A2, 0xFF63, 0x00A3, 0xFF64, 0x00A4,	0xFF65, 0x00A5, 0xFF66, 0x00A6, 0xFF67, 0x00A7, 0xFF68, 0x00A8,
	0xFF69, 0x00A9, 0xFF6A, 0x00AA, 0xFF6B, 0x00AB, 0xFF6C, 0x00AC,	0xFF6D, 0x00AD, 0xFF6E, 0x00AE, 0xFF6F, 0x00AF, 0xFF70, 0x00B0,
	0xFF71, 0x00B1, 0xFF72, 0x00B2, 0xFF73, 0x00B3, 0xFF74, 0x00B4,	0xFF75, 0x00B5, 0xFF76, 0x00B6, 0xFF77, 0x00B7, 0xFF78, 0x00B8,
	0xFF79, 0x00B9, 0xFF7A, 0x00BA, 0xFF7B, 0x00BB, 0xFF7C, 0x00BC,	0xFF7D, 0x00BD, 0xFF7E, 0x00BE, 0xFF7F, 0x00BF, 0xFF80, 0x00C0,
	0xFF81, 0x00C1, 0xFF82, 0x00C2, 0xFF83, 0x00C3, 0xFF84, 0x00C4,	0xFF85, 0x00C5, 0xFF86, 0x00C6, 0xFF87, 0x00C7, 0xFF88, 0x00C8,
	0xFF89, 0x00C9, 0xFF8A, 0x00CA, 0xFF8B, 0x00CB, 0xFF8C, 0x00CC,	0xFF8D, 0x00CD, 0xFF8E, 0x00CE, 0xFF8F, 0x00CF, 0xFF90, 0x00D0,
	0xFF91, 0x00D1, 0xFF92, 0x00D2, 0xFF93, 0x00D3, 0xFF94, 0x00D4,	0xFF95, 0x00D5, 0xFF96, 0x00D6, 0xFF97, 0x00D7, 0xFF98, 0x00D8,
	0xFF99, 0x00D9, 0xFF9A, 0x00DA, 0xFF9B, 0x00DB, 0xFF9C, 0x00DC,	0xFF9D, 0x00DD, 0xFF9E, 0x00DE, 0xFF9F, 0x00DF, 0xFFE0, 0x8191,
	0xFFE1, 0x8192, 0xFFE2, 0x81CA, 0xFFE3, 0x8150, 0xFFE4, 0xFA55,	0xFFE5, 0x818F, 0, 0
};

static const WCHAR oem2uni932[] = {	/* Shift_JIS --> Unicode pairs */
	0x00A1, 0xFF61, 0x00A2, 0xFF62, 0x00A3, 0xFF63, 0x00A4, 0xFF64,	0x00A5, 0xFF65, 0x00A6, 0xFF66, 0x00A7, 0xFF67, 0x00A8, 0xFF68,
	0x00A9, 0xFF69, 0x00AA, 0xFF6A, 0x00AB, 0xFF6B, 0x00AC, 0xFF6C,	0x00AD, 0xFF6D, 0x00AE, 0xFF6E, 0x00AF, 0xFF6F, 0x00B0, 0xFF70,
	0x00B1, 0xFF71, 0x00B2, 0xFF72, 0x00B3, 0xFF73, 0x00B4, 0xFF74,	0x00B5, 0xFF75, 0x00B6, 0xFF76, 0x00B7, 0xFF77, 0x00B8, 0xFF78,
	0x00B9, 0xFF79, 0x00BA, 0xFF7A, 0x00BB, 0xFF7B, 0x00BC, 0xFF7C,	0x00BD, 0xFF7D, 0x00BE, 0xFF7E, 0x00BF, 0xFF7F, 0x00C0, 0xFF80,
	0x00C1, 0xFF81, 0x00C2, 0xFF82, 0x00C3, 0xFF83, 0x00C4, 0xFF84,	0x00C5, 0xFF85, 0x00C6, 0xFF86, 0x00C7, 0xFF87, 0x00C8, 0xFF88,
	0x00C9, 0xFF89, 0x00CA, 0xFF8A, 0x00CB, 0xFF8B, 0x00CC, 0xFF8C,	0x00CD, 0xFF8D, 0x00CE, 0xFF8E, 0x00CF, 0xFF8F, 0x00D0, 0xFF90,
	0x00D1, 0xFF91, 0x00D2, 0xFF92, 0x00D3, 0xFF93, 0x00D4, 0xFF94,	0x00D5, 0xFF95, 0x00D6, 0xFF96, 0x00D7, 0xFF97, 0x00D8, 0xFF98,
	0x00D9, 0xFF99, 0x00DA, 0xFF9A, 0x00DB, 0xFF9B, 0x00DC, 0xFF9C,	0x00DD, 0xFF9D, 0x00DE, 0xFF9E, 0x00DF, 0xFF9F, 0x8140, 0x3000,
	0x8141, 0x3001, 0x8142, 0x3002, 0x8143, 0xFF0C, 0x8144, 0xFF0E,	0x8145, 0x30FB, 0x8146, 0xFF1A, 0x8147, 0xFF1B, 0x8148, 0xFF1F,
	0x8149, 0xFF01, 0x814A, 0x309B, 0x814B, 0x309C, 0x814C, 0x00B4,	0x814D, 0xFF40, 0x814E, 0x00A8, 0x814F, 0xFF3E, 0x8150, 0xFFE3,
	0x8151, 0xFF3F, 0x8152, 0x30FD, 0x8153, 0x30FE, 0x8154, 0x309D,	0x8155, 0x309E, 0x8156, 0x3003, 0x8157, 0x4EDD, 0x8158, 0x3005,
	0x8159, 0x3006, 0x815A, 0x3007, 0x815B, 0x30FC, 0x815C, 0x2015,	0x815D, 0x2010, 0x815E, 0xFF0F, 0x815F, 0xFF3C, 0x8160, 0xFF5E,
	0x8161, 0x2225, 0x8162, 0xFF5C, 0x8163, 0x2026, 0x8164, 0x2025,	0x8165, 0x2018, 0x8166, 0x2019, 0x8167, 0x201C, 0x8168, 0x201D,
	0x8169, 0xFF08, 0x816A, 0xFF09, 0x816B, 0x3014, 0x816C, 0x3015,	0x816D, 0xFF3B, 0x816E, 0xFF3D, 0x816F, 0xFF5B, 0x8170, 0xFF5D,
	0x8171, 0x3008, 0x8172, 0x3009, 0x8173, 0x300A, 0x8174, 0x300B,	0x8175, 0x300C, 0x8176, 0x300D, 0x8177, 0x300E, 0x8178, 0x300F,
	0x8179, 0x3010, 0x817A, 0x3011, 0x817B, 0xFF0B, 0x817C, 0xFF0D,	0x817D, 0x00B1, 0x817E, 0x00D7, 0x8180, 0x00F7, 0x8181, 0xFF1D,
	0x8182, 0x2260, 0x8183, 0xFF1C, 0x8184, 0xFF1E, 0x8185, 0x2266,	0x8186, 0x2267, 0x8187, 0x221E, 0x8188, 0x2234, 0x8189, 0x2642,
	0x818A, 0x2640, 0x818B, 0x00B0, 0x818C, 0x2032, 0x818D, 0x2033,	0x818E, 0x2103, 0x818F, 0xFFE5, 0x8190, 0xFF04, 0x8191, 0xFFE0,
	0x8192, 0xFFE1, 0x8193, 0xFF05, 0x8194, 0xFF03, 0x8195, 0xFF06,	0x8196, 0xFF0A, 0x8197, 0xFF20, 0x8198, 0x00A7, 0x8199, 0x2606,
	0x819A, 0x2605, 0x819B, 0x25CB, 0x819C, 0x25CF, 0x819D, 0x25CE,	0x819E, 0x25C7, 0x819F, 0x25C6, 0x81A0, 0x25A1, 0x81A1, 0x25A0,
	0x81A2, 0x25B3, 0x81A3, 0x25B2, 0x81A4, 0x25BD, 0x81A5, 0x25BC,	0x81A6, 0x203B, 0x81A7, 0x3012, 0x81A8, 0x2192, 0x81A9, 0x2190,
	0x81AA, 0x2191, 0x81AB, 0x2193, 0x81AC, 0x3013, 0x81B8, 0x2208,	0x81B9, 0x220B, 0x81BA, 0x2286, 0x81BB, 0x2287, 0x81BC, 0x2282,
	0x81BD, 0x2283, 0x81BE, 0x222A, 0x81BF, 0x2229, 0x81C8, 0x2227,	0x81C9, 0x2228, 0x81CA, 0xFFE2, 0x81CB, 0x21D2, 0x81CC, 0x21D4,
	0x81CD, 0x2200, 0x81CE, 0x2203, 0x81DA, 0x2220, 0x81DB, 0x22A5,	0x81DC, 0x2312, 0x81DD, 0x2202, 0x81DE, 0x2207, 0x81DF, 0x2261,
	0x81E0, 0x2252, 0x81E1, 0x226A, 0x81E2, 0x226B, 0x81E3, 0x221A,	0x81E4, 0x223D, 0x81E5, 0x221D, 0x81E6, 0x2235, 0x81E7, 0x222B,
	0x81E8, 0x222C, 0x81F0, 0x212B, 0x81F1, 0x2030, 0x81F2, 0x266F,	0x81F3, 0x266D, 0x81F4, 0x266A, 0x81F5, 0x2020, 0x81F6, 0x2021,
	0x81F7, 0x00B6, 0x81FC, 0x25EF, 0x824F, 0xFF10, 0x8250, 0xFF11,	0x8251, 0xFF12, 0x8252, 0xFF13, 0x8253, 0xFF14, 0x8254, 0xFF15,
	0x8255, 0xFF16, 0x8256, 0xFF17, 0x8257, 0xFF18, 0x8258, 0xFF19,	0x8260, 0xFF21, 0x8261, 0xFF22, 0x8262, 0xFF23, 0x8263, 0xFF24,
	0x8264, 0xFF25, 0x8265, 0xFF26, 0x8266, 0xFF27, 0x8267, 0xFF28,	0x8268, 0xFF29, 0x8269, 0xFF2A, 0x826A, 0xFF2B, 0x826B, 0xFF2C,
	0x826C, 0xFF2D, 0x826D, 0xFF2E, 0x826E, 0xFF2F, 0x826F, 0xFF30,	0x8270, 0xFF31, 0x8271, 0xFF32, 0x8272, 0xFF33, 0x8273, 0xFF34,
	0x8274, 0xFF35, 0x8275, 0xFF36, 0x8276, 0xFF37, 0x8277, 0xFF38,	0x8278, 0xFF39, 0x8279, 0xFF3A, 0x8281, 0xFF41, 0x8282, 0xFF42,
	0x8283, 0xFF43, 0x8284, 0xFF44, 0x8285, 0xFF45, 0x8286, 0xFF46,	0x8287, 0xFF47, 0x8288, 0xFF48, 0x8289, 0xFF49, 0x828A, 0xFF4A,
	0x828B, 0xFF4B, 0x828C, 0xFF4C, 0x828D, 0xFF4D, 0x828E, 0xFF4E,	0x828F, 0xFF4F, 0x8290, 0xFF50, 0x8291, 0xFF51, 0x8292, 0xFF52,
	0x8293, 0xFF53, 0x8294, 0xFF54, 0x8295, 0xFF55, 0x8296, 0xFF56,	0x8297, 0xFF57, 0x8298, 0xFF58, 0x8299, 0xFF59, 0x829A, 0xFF5A,
	0x829F, 0x3041, 0x82A0, 0x3042, 0x82A1, 0x3043, 0x82A2, 0x3044,	0x82A3, 0x3045, 0x82A4, 0x3046, 0x82A5, 0x3047, 0x82A6, 0x3048,
	0x82A7, 0x3049, 0x82A8, 0x304A, 0x82A9, 0x304B, 0x82AA, 0x304C,	0x82AB, 0x304D, 0x82AC, 0x304E, 0x82AD, 0x304F, 0x82AE, 0x3050,
	0x82AF, 0x3051, 0x82B0, 0x3052, 0x82B1, 0x3053, 0x82B2, 0x3054,	0x82B3, 0x3055, 0x82B4, 0x3056, 0x82B5, 0x3057, 0x82B6, 0x3058,
	0x82B7, 0x3059, 0x82B8, 0x305A, 0x82B9, 0x305B, 0x82BA, 0x305C,	0x82BB, 0x305D, 0x82BC, 0x305E, 0x82BD, 0x305F, 0x82BE, 0x3060,
	0x82BF, 0x3061, 0x82C0, 0x3062, 0x82C1, 0x3063, 0x82C2, 0x3064,	0x82C3, 0x3065, 0x82C4, 0x3066, 0x82C5, 0x3067, 0x82C6, 0x3068,
	0x82C7, 0x3069, 0x82C8, 0x306A, 0x82C9, 0x306B, 0x82CA, 0x306C,	0x82CB, 0x306D, 0x82CC, 0x306E, 0x82CD, 0x306F, 0x82CE, 0x3070,
	0x82CF, 0x3071, 0x82D0, 0x3072, 0x82D1, 0x3073, 0x82D2, 0x3074,	0x82D3, 0x3075, 0x82D4, 0x3076, 0x82D5, 0x3077, 0x82D6, 0x3078,
	0x82D7, 0x3079, 0x82D8, 0x307A, 0x82D9, 0x307B, 0x82DA, 0x307C,	0x82DB, 0x307D, 0x82DC, 0x307E, 0x82DD, 0x307F, 0x82DE, 0x3080,
	0x82DF, 0x3081, 0x82E0, 0x3082, 0x82E1, 0x3083, 0x82E2, 0x3084,	0x82E3, 0x3085, 0x82E4, 0x3086, 0x82E5, 0x3087, 0x82E6, 0x3088,
	0x82E7, 0x3089, 0x82E8, 0x308A, 0x82E9, 0x308B, 0x82EA, 0x308C,	0x82EB, 0x308D, 0x82EC, 0x308E, 0x82ED, 0x308F, 0x82EE, 0x3090,
	0x82EF, 0x3091, 0x82F0, 0x3092, 0x82F1, 0x3093, 0x8340, 0x30A1,	0x8341, 0x30A2, 0x8342, 0x30A3, 0x8343, 0x30A4, 0x8344, 0x30A5,
	0x8345, 0x30A6, 0x8346, 0x30A7, 0x8347, 0x30A8, 0x8348, 0x30A9,	0x8349, 0x30AA, 0x834A, 0x30AB, 0x834B, 0x30AC, 0x834C, 0x30AD,
	0x834D, 0x30AE, 0x834E, 0x30AF, 0x834F, 0x30B0, 0x8350, 0x30B1,	0x8351, 0x30B2, 0x8352, 0x30B3, 0x8353, 0x30B4, 0x8354, 0x30B5,
	0x8355, 0x30B6, 0x8356, 0x30B7, 0x8357, 0x30B8, 0x8358, 0x30B9,	0x8359, 0x30BA, 0x835A, 0x30BB, 0x835B, 0x30BC, 0x835C, 0x30BD,
	0x835D, 0x30BE, 0x835E, 0x30BF, 0x835F, 0x30C0, 0x8360, 0x30C1,	0x8361, 0x30C2, 0x8362, 0x30C3, 0x8363, 0x30C4, 0x8364, 0x30C5,
	0x8365, 0x30C6, 0x8366, 0x30C7, 0x8367, 0x30C8, 0x8368, 0x30C9,	0x8369, 0x30CA, 0x836A, 0x30CB, 0x836B, 0x30CC, 0x836C, 0x30CD,
	0x836D, 0x30CE, 0x836E, 0x30CF, 0x836F, 0x30D0, 0x8370, 0x30D1,	0x8371, 0x30D2, 0x8372, 0x30D3, 0x8373, 0x30D4, 0x8374, 0x30D5,
	0x8375, 0x30D6, 0x8376, 0x30D7, 0x8377, 0x30D8, 0x8378, 0x30D9,	0x8379, 0x30DA, 0x837A, 0x30DB, 0x837B, 0x30DC, 0x837C, 0x30DD,
	0x837D, 0x30DE, 0x837E, 0x30DF, 0x8380, 0x30E0, 0x8381, 0x30E1,	0x8382, 0x30E2, 0x8383, 0x30E3, 0x8384, 0x30E4, 0x8385, 0x30E5,
	0x8386, 0x30E6, 0x8387, 0x30E7, 0x8388, 0x30E8, 0x8389, 0x30E9,	0x838A, 0x30EA, 0x838B, 0x30EB, 0x838C, 0x30EC, 0x838D, 0x30ED,
	0x838E, 0x30EE, 0x838F, 0x30EF, 0x8390, 0x30F0, 0x8391, 0x30F1,	0x8392, 0x30F2, 0x8393, 0x30F3, 0x8394, 0x30F4, 0x8395, 0x30F5,
	0x8396, 0x30F6, 0x839F, 0x0391, 0x83A0, 0x0392, 0x83A1, 0x0393,	0x83A2, 0x0394, 0x83A3, 0x0395, 0x83A4, 0x0396, 0x83A5, 0x0397,
	0x83A6, 0x0398, 0x83A7, 0x0399, 0x83A8, 0x039A, 0x83A9, 0x039B,	0x83AA, 0x039C, 0x83AB, 0x039D, 0x83AC, 0x039E, 0x83AD, 0x039F,
	0x83AE, 0x03A0, 0x83AF, 0x03A1, 0x83B0, 0x03A3, 0x83B1, 0x03A4,	0x83B2, 0x03A5, 0x83B3, 0x03A6, 0x83B4, 0x03A7, 0x83B5, 0x03A8,
	0x83B6, 0x03A9, 0x83BF, 0x03B1, 0x83C0, 0x03B2, 0x83C1, 0x03B3,	0x83C2, 0x03B4, 0x83C3, 0x03B5, 0x83C4, 0x03B6, 0x83C5, 0x03B7,
	0x83C6, 0x03B8, 0x83C7, 0x03B9, 0x83C8, 0x03BA, 0x83C9, 0x03BB,	0x83CA, 0x03BC, 0x83CB, 0x03BD, 0x83CC, 0x03BE, 0x83CD, 0x03BF,
	0x83CE, 0x03C0, 0x83CF, 0x03C1, 0x83D0, 0x03C3, 0x83D1, 0x03C4,	0x83D2, 0x03C5, 0x83D3, 0x03C6, 0x83D4, 0x03C7, 0x83D5, 0x03C8,
	0x83D6, 0x03C9, 0x8440, 0x0410, 0x8441, 0x0411, 0x8442, 0x0412,	0x8443, 0x0413, 0x8444, 0x0414, 0x8445, 0x0415, 0x8446, 0x0401,
	0x8447, 0x0416, 0x8448, 0x0417, 0x8449, 0x0418, 0x844A, 0x0419,	0x844B, 0x041A, 0x844C, 0x041B, 0x844D, 0x041C, 0x844E, 0x041D,
	0x844F, 0x041E, 0x8450, 0x041F, 0x8451, 0x0420, 0x8452, 0x0421,	0x8453, 0x0422, 0x8454, 0x0423, 0x8455, 0x0424, 0x8456, 0x0425,
	0x8457, 0x0426, 0x8458, 0x0427, 0x8459, 0x0428, 0x845A, 0x0429,	0x845B, 0x042A, 0x845C, 0x042B, 0x845D, 0x042C, 0x845E, 0x042D,
	0x845F, 0x042E, 0x8460, 0x042F, 0x8470, 0x0430, 0x8471, 0x0431,	0x8472, 0x0432, 0x8473, 0x0433, 0x8474, 0x0434, 0x8475, 0x0435,
	0x8476, 0x0451, 0x8477, 0x0436, 0x8478, 0x0437, 0x8479, 0x0438,	0x847A, 0x0439, 0x847B, 0x043A, 0x847C, 0x043B, 0x847D, 0x043C,
	0x847E, 0x043D, 0x8480, 0x043E, 0x8481, 0x043F, 0x8482, 0x0440,	0x8483, 0x0441, 0x8484, 0x0442, 0x8485, 0x0443, 0x8486, 0x0444,
	0x8487, 0x0445, 0x8488, 0x0446, 0x8489, 0x0447, 0x848A, 0x0448,	0x848B, 0x0449, 0x848C, 0x044A, 0x848D, 0x044B, 0x848E, 0x044C,
	0x848F, 0x044D, 0x8490, 0x044E, 0x8491, 0x044F, 0x849F, 0x2500,	0x84A0, 0x2502, 0x84A1, 0x250C, 0x84A2, 0x2510, 0x84A3, 0x2518,
	0x84A4, 0x2514, 0x84A5, 0x251C, 0x84A6, 0x252C, 0x84A7, 0x2524,	0x84A8, 0x2534, 0x84A9, 0x253C, 0x84AA, 0x2501, 0x84AB, 0x2503,
	0x84AC, 0x250F, 0x84AD, 0x2513, 0x84AE, 0x251B, 0x84AF, 0x2517,	0x84B0, 0x2523, 0x84B1, 0x2533, 0x84B2, 0x252B, 0x84B3, 0x253B,
	0x84B4, 0x254B, 0x84B5, 0x2520, 0x84B6, 0x252F, 0x84B7, 0x2528,	0x84B8, 0x2537, 0x84B9, 0x253F, 0x84BA, 0x251D, 0x84BB, 0x2530,
	0x84BC, 0x2525, 0x84BD, 0x2538, 0x84BE, 0x2542, 0x8740, 0x2460,	0x8741, 0x2461, 0x8742, 0x2462, 0x8743, 0x2463, 0x8744, 0x2464,
	0x8745, 0x2465, 0x8746, 0x2466, 0x8747, 0x2467, 0x8748, 0x2468,	0x8749, 0x2469, 0x874A, 0x246A, 0x874B, 0x246B, 0x874C, 0x246C,
	0x874D, 0x246D, 0x874E, 0x246E, 0x874F, 0x246F, 0x8750, 0x2470,	0x8751, 0x2471, 0x8752, 0x2472, 0x8753, 0x2473, 0x8754, 0x2160,
	0x8755, 0x2161, 0x8756, 0x2162, 0x8757, 0x2163, 0x8758, 0x2164,	0x8759, 0x2165, 0x875A, 0x2166, 0x875B, 0x2167, 0x875C, 0x2168,
	0x875D, 0x2169, 0x875F, 0x3349, 0x8760, 0x3314, 0x8761, 0x3322,	0x8762, 0x334D, 0x8763, 0x3318, 0x8764, 0x3327, 0x8765, 0x3303,
	0x8766, 0x3336, 0x8767, 0x3351, 0x8768, 0x3357, 0x8769, 0x330D,	0x876A, 0x3326, 0x876B, 0x3323, 0x876C, 0x332B, 0x876D, 0x334A,
	0x876E, 0x333B, 0x876F, 0x339C, 0x8770, 0x339D, 0x8771, 0x339E,	0x8772, 0x338E, 0x8773, 0x338F, 0x8774, 0x33C4, 0x8775, 0x33A1,
	0x877E, 0x337B, 0x8780, 0x301D, 0x8781, 0x301F, 0x8782, 0x2116,	0x8783, 0x33CD, 0x8784, 0x2121, 0x8785, 0x32A4, 0x8786, 0x32A5,
	0x8787, 0x32A6, 0x8788, 0x32A7, 0x8789, 0x32A8, 0x878A, 0x3231,	0x878B, 0x3232, 0x878C, 0x3239, 0x878D, 0x337E, 0x878E, 0x337D,
	0x878F, 0x337C, 0x8793, 0x222E, 0x8794, 0x2211, 0x8798, 0x221F,	0x8799, 0x22BF, 0x889F, 0x4E9C, 0x88A0, 0x5516, 0x88A1, 0x5A03,
	0x88A2, 0x963F, 0x88A3, 0x54C0, 0x88A4, 0x611B, 0x88A5, 0x6328,	0x88A6, 0x59F6, 0x88A7, 0x9022, 0x88A8, 0x8475, 0x88A9, 0x831C,
	0x88AA, 0x7A50, 0x88AB, 0x60AA, 0x88AC, 0x63E1, 0x88AD, 0x6E25,	0x88AE, 0x65ED, 0x88AF, 0x8466, 0x88B0, 0x82A6, 0x88B1, 0x9BF5,
	0x88B2, 0x6893, 0x88B3, 0x5727, 0x88B4, 0x65A1, 0x88B5, 0x6271,	0x88B6, 0x5B9B, 0x88B7, 0x59D0, 0x88B8, 0x867B, 0x88B9, 0x98F4,
	0x88BA, 0x7D62, 0x88BB, 0x7DBE, 0x88BC, 0x9B8E, 0x88BD, 0x6216,	0x88BE, 0x7C9F, 0x88BF, 0x88B7, 0x88C0, 0x5B89, 0x88C1, 0x5EB5,
	0x88C2, 0x6309, 0x88C3, 0x6697, 0x88C4, 0x6848, 0x88C5, 0x95C7,	0x88C6, 0x978D, 0x88C7, 0x674F, 0x88C8, 0x4EE5, 0x88C9, 0x4F0A,
	0x88CA, 0x4F4D, 0x88CB, 0x4F9D, 0x88CC, 0x5049, 0x88CD, 0x56F2,	0x88CE, 0x5937, 0x88CF, 0x59D4, 0x88D0, 0x5A01, 0x88D1, 0x5C09,
	0x88D2, 0x60DF, 0x88D3, 0x610F, 0x88D4, 0x6170, 0x88D5, 0x6613,	0x88D6, 0x6905, 0x88D7, 0x70BA, 0x88D8, 0x754F, 0x88D9, 0x7570,
	0x88DA, 0x79FB, 0x88DB, 0x7DAD, 0x88DC, 0x7DEF, 0x88DD, 0x80C3,	0x88DE, 0x840E, 0x88DF, 0x8863, 0x88E0, 0x8B02, 0x88E1, 0x9055,
	0x88E2, 0x907A, 0x88E3, 0x533B, 0x88E4, 0x4E95, 0x88E5, 0x4EA5,	0x88E6, 0x57DF, 0x88E7, 0x80B2, 0x88E8, 0x90C1, 0x88E9, 0x78EF,
	0x88EA, 0x4E00, 0x88EB, 0x58F1, 0x88EC, 0x6EA2, 0x88ED, 0x9038,	0x88EE, 0x7A32, 0x88EF, 0x8328, 0x88F0, 0x828B, 0x88F1, 0x9C2F,
	0x88F2, 0x5141, 0x88F3, 0x5370, 0x88F4, 0x54BD, 0x88F5, 0x54E1,	0x88F6, 0x56E0, 0x88F7, 0x59FB, 0x88F8, 0x5F15, 0x88F9, 0x98F2,
	0x88FA, 0x6DEB, 0x88FB, 0x80E4, 0x88FC, 0x852D, 0x8940, 0x9662,	0x8941, 0x9670, 0x8942, 0x96A0, 0x8943, 0x97FB, 0x8944, 0x540B,
	0x8945, 0x53F3, 0x8946, 0x5B87, 0x8947, 0x70CF, 0x8948, 0x7FBD,	0x8949, 0x8FC2, 0x894A, 0x96E8, 0x894B, 0x536F, 0x894C, 0x9D5C,
	0x894D, 0x7ABA, 0x894E, 0x4E11, 0x894F, 0x7893, 0x8950, 0x81FC,	0x8951, 0x6E26, 0x8952, 0x5618, 0x8953, 0x5504, 0x8954, 0x6B1D,
	0x8955, 0x851A, 0x8956, 0x9C3B, 0x8957, 0x59E5, 0x8958, 0x53A9,	0x8959, 0x6D66, 0x895A, 0x74DC, 0x895B, 0x958F, 0x895C, 0x5642,
	0x895D, 0x4E91, 0x895E, 0x904B, 0x895F, 0x96F2, 0x8960, 0x834F,	0x8961, 0x990C, 0x8962, 0x53E1, 0x8963, 0x55B6, 0x8964, 0x5B30,
	0x8965, 0x5F71, 0x8966, 0x6620, 0x8967, 0x66F3, 0x8968, 0x6804,	0x8969, 0x6C38, 0x896A, 0x6CF3, 0x896B, 0x6D29, 0x896C, 0x745B,
	0x896D, 0x76C8, 0x896E, 0x7A4E, 0x896F, 0x9834, 0x8970, 0x82F1,	0x8971, 0x885B, 0x8972, 0x8A60, 0x8973, 0x92ED, 0x8974, 0x6DB2,
	0x8975, 0x75AB, 0x8976, 0x76CA, 0x8977, 0x99C5, 0x8978, 0x60A6,	0x8979, 0x8B01, 0x897A, 0x8D8A, 0x897B, 0x95B2, 0x897C, 0x698E,
	0x897D, 0x53AD, 0x897E, 0x5186, 0x8980, 0x5712, 0x8981, 0x5830,	0x8982, 0x5944, 0x8983, 0x5BB4, 0x8984, 0x5EF6, 0x8985, 0x6028,
	0x8986, 0x63A9, 0x8987, 0x63F4, 0x8988, 0x6CBF, 0x8989, 0x6F14,	0x898A, 0x708E, 0x898B, 0x7114, 0x898C, 0x7159, 0x898D, 0x71D5,
	0x898E, 0x733F, 0x898F, 0x7E01, 0x8990, 0x8276, 0x8991, 0x82D1,	0x8992, 0x8597, 0x8993, 0x9060, 0x8994, 0x925B, 0x8995, 0x9D1B,
	0x8996, 0x5869, 0x8997, 0x65BC, 0x8998, 0x6C5A, 0x8999, 0x7525,	0x899A, 0x51F9, 0x899B, 0x592E, 0x899C, 0x5965, 0x899D, 0x5F80,
	0x899E, 0x5FDC, 0x899F, 0x62BC, 0x89A0, 0x65FA, 0x89A1, 0x6A2A,	0x89A2, 0x6B27, 0x89A3, 0x6BB4, 0x89A4, 0x738B, 0x89A5, 0x7FC1,
	0x89A6, 0x8956, 0x89A7, 0x9D2C, 0x89A8, 0x9D0E, 0x89A9, 0x9EC4,	0x89AA, 0x5CA1, 0x89AB, 0x6C96, 0x89AC, 0x837B, 0x89AD, 0x5104,
	0x89AE, 0x5C4B, 0x89AF, 0x61B6, 0x89B0, 0x81C6, 0x89B1, 0x6876,	0x89B2, 0x7261, 0x89B3, 0x4E59, 0x89B4, 0x4FFA, 0x89B5, 0x5378,
	0x89B6, 0x6069, 0x89B7, 0x6E29, 0x89B8, 0x7A4F, 0x89B9, 0x97F3,	0x89BA, 0x4E0B, 0x89BB, 0x5316, 0x89BC, 0x4EEE, 0x89BD, 0x4F55,
	0x89BE, 0x4F3D, 0x89BF, 0x4FA1, 0x89C0, 0x4F73, 0x89C1, 0x52A0,	0x89C2, 0x53EF, 0x89C3, 0x5609, 0x89C4, 0x590F, 0x89C5, 0x5AC1,
	0x89C6, 0x5BB6, 0x89C7, 0x5BE1, 0x89C8, 0x79D1, 0x89C9, 0x6687,	0x89CA, 0x679C, 0x89CB, 0x67B6, 0x89CC, 0x6B4C, 0x89CD, 0x6CB3,
	0x89CE, 0x706B, 0x89CF, 0x73C2, 0x89D0, 0x798D, 0x89D1, 0x79BE,	0x89D2, 0x7A3C, 0x89D3, 0x7B87, 0x89D4, 0x82B1, 0x89D5, 0x82DB,
	0x89D6, 0x8304, 0x89D7, 0x8377, 0x89D8, 0x83EF, 0x89D9, 0x83D3,	0x89DA, 0x8766, 0x89DB, 0x8AB2, 0x89DC, 0x5629, 0x89DD, 0x8CA8,
	0x89DE, 0x8FE6, 0x89DF, 0x904E, 0x89E0, 0x971E, 0x89E1, 0x868A,	0x89E2, 0x4FC4, 0x89E3, 0x5CE8, 0x89E4, 0x6211, 0x89E5, 0x7259,
	0x89E6, 0x753B, 0x89E7, 0x81E5, 0x89E8, 0x82BD, 0x89E9, 0x86FE,	0x89EA, 0x8CC0, 0x89EB, 0x96C5, 0x89EC, 0x9913, 0x89ED, 0x99D5,
	0x89EE, 0x4ECB, 0x89EF, 0x4F1A, 0x89F0, 0x89E3, 0x89F1, 0x56DE,	0x89F2, 0x584A, 0x89F3, 0x58CA, 0x89F4, 0x5EFB, 0x89F5, 0x5FEB,
	0x89F6, 0x602A, 0x89F7, 0x6094, 0x89F8, 0x6062, 0x89F9, 0x61D0,	0x89FA, 0x6212, 0x89FB, 0x62D0, 0x89FC, 0x6539, 0x8A40, 0x9B41,
	0x8A41, 0x6666, 0x8A42, 0x68B0, 0x8A43, 0x6D77, 0x8A44, 0x7070,	0x8A45, 0x754C, 0x8A46, 0x7686, 0x8A47, 0x7D75, 0x8A48, 0x82A5,
	0x8A49, 0x87F9, 0x8A4A, 0x958B, 0x8A4B, 0x968E, 0x8A4C, 0x8C9D,	0x8A4D, 0x51F1, 0x8A4E, 0x52BE, 0x8A4F, 0x5916, 0x8A50, 0x54B3,
	0x8A51, 0x5BB3, 0x8A52, 0x5D16, 0x8A53, 0x6168, 0x8A54, 0x6982,	0x8A55, 0x6DAF, 0x8A56, 0x788D, 0x8A57, 0x84CB, 0x8A58, 0x8857,
	0x8A59, 0x8A72, 0x8A5A, 0x93A7, 0x8A5B, 0x9AB8, 0x8A5C, 0x6D6C,	0x8A5D, 0x99A8, 0x8A5E, 0x86D9, 0x8A5F, 0x57A3, 0x8A60, 0x67FF,
	0x8A61, 0x86CE, 0x8A62, 0x920E, 0x8A63, 0x5283, 0x8A64, 0x5687,	0x8A65, 0x5404, 0x8A66, 0x5ED3, 0x8A67, 0x62E1, 0x8A68, 0x64B9,
	0x8A69, 0x683C, 0x8A6A, 0x6838, 0x8A6B, 0x6BBB, 0x8A6C, 0x7372,	0x8A6D, 0x78BA, 0x8A6E, 0x7A6B, 0x8A6F, 0x899A, 0x8A70, 0x89D2,
	0x8A71, 0x8D6B, 0x8A72, 0x8F03, 0x8A73, 0x90ED, 0x8A74, 0x95A3,	0x8A75, 0x9694, 0x8A76, 0x9769, 0x8A77, 0x5B66, 0x8A78, 0x5CB3,
	0x8A79, 0x697D, 0x8A7A, 0x984D, 0x8A7B, 0x984E, 0x8A7C, 0x639B,	0x8A7D, 0x7B20, 0x8A7E, 0x6A2B, 0x8A80, 0x6A7F, 0x8A81, 0x68B6,
	0x8A82, 0x9C0D, 0x8A83, 0x6F5F, 0x8A84, 0x5272, 0x8A85, 0x559D,	0x8A86, 0x6070, 0x8A87, 0x62EC, 0x8A88, 0x6D3B, 0x8A89, 0x6E07,
	0x8A8A, 0x6ED1, 0x8A8B, 0x845B, 0x8A8C, 0x8910, 0x8A8D, 0x8F44,	0x8A8E, 0x4E14, 0x8A8F, 0x9C39, 0x8A90, 0x53F6, 0x8A91, 0x691B,
	0x8A92, 0x6A3A, 0x8A93, 0x9784, 0x8A94, 0x682A, 0x8A95, 0x515C,	0x8A96, 0x7AC3, 0x8A97, 0x84B2, 0x8A98, 0x91DC, 0x8A99, 0x938C,
	0x8A9A, 0x565B, 0x8A9B, 0x9D28, 0x8A9C, 0x6822, 0x8A9D, 0x8305,	0x8A9E, 0x8431, 0x8A9F, 0x7CA5, 0x8AA0, 0x5208, 0x8AA1, 0x82C5,
	0x8AA2, 0x74E6, 0x8AA3, 0x4E7E, 0x8AA4, 0x4F83, 0x8AA5, 0x51A0,	0x8AA6, 0x5BD2, 0x8AA7, 0x520A, 0x8AA8, 0x52D8, 0x8AA9, 0x52E7,
	0x8AAA, 0x5DFB, 0x8AAB, 0x559A, 0x8AAC, 0x582A, 0x8AAD, 0x59E6,	0x8AAE, 0x5B8C, 0x8AAF, 0x5B98, 0x8AB0, 0x5BDB, 0x8AB1, 0x5E72,
	0x8AB2, 0x5E79, 0x8AB3, 0x60A3, 0x8AB4, 0x611F, 0x8AB5, 0x6163,	0x8AB6, 0x61BE, 0x8AB7, 0x63DB, 0x8AB8, 0x6562, 0x8AB9, 0x67D1,
	0x8ABA, 0x6853, 0x8ABB, 0x68FA, 0x8ABC, 0x6B3E, 0x8ABD, 0x6B53,	0x8ABE, 0x6C57, 0x8ABF, 0x6F22, 0x8AC0, 0x6F97, 0x8AC1, 0x6F45,
	0x8AC2, 0x74B0, 0x8AC3, 0x7518, 0x8AC4, 0x76E3, 0x8AC5, 0x770B,	0x8AC6, 0x7AFF, 0x8AC7, 0x7BA1, 0x8AC8, 0x7C21, 0x8AC9, 0x7DE9,
	0x8ACA, 0x7F36, 0x8ACB, 0x7FF0, 0x8ACC, 0x809D, 0x8ACD, 0x8266,	0x8ACE, 0x839E, 0x8ACF, 0x89B3, 0x8AD0, 0x8ACC, 0x8AD1, 0x8CAB,
	0x8AD2, 0x9084, 0x8AD3, 0x9451, 0x8AD4, 0x9593, 0x8AD5, 0x9591,	0x8AD6, 0x95A2, 0x8AD7, 0x9665, 0x8AD8, 0x97D3, 0x8AD9, 0x9928,
	0x8ADA, 0x8218, 0x8ADB, 0x4E38, 0x8ADC, 0x542B, 0x8ADD, 0x5CB8,	0x8ADE, 0x5DCC, 0x8ADF, 0x73A9, 0x8AE0, 0x764C, 0x8AE1, 0x773C,
	0x8AE2, 0x5CA9, 0x8AE3, 0x7FEB, 0x8AE4, 0x8D0B, 0x8AE5, 0x96C1,	0x8AE6, 0x9811, 0x8AE7, 0x9854, 0x8AE8, 0x9858, 0x8AE9, 0x4F01,
	0x8AEA, 0x4F0E, 0x8AEB, 0x5371, 0x8AEC, 0x559C, 0x8AED, 0x5668,	0x8AEE, 0x57FA, 0x8AEF, 0x5947, 0x8AF0, 0x5B09, 0x8AF1, 0x5BC4,
	0x8AF2, 0x5C90, 0x8AF3, 0x5E0C, 0x8AF4, 0x5E7E, 0x8AF5, 0x5FCC,	0x8AF6, 0x63EE, 0x8AF7, 0x673A, 0x8AF8, 0x65D7, 0x8AF9, 0x65E2,
	0x8AFA, 0x671F, 0x8AFB, 0x68CB, 0x8AFC, 0x68C4, 0x8B40, 0x6A5F,	0x8B41, 0x5E30, 0x8B42, 0x6BC5, 0x8B43, 0x6C17, 0x8B44, 0x6C7D,
	0x8B45, 0x757F, 0x8B46, 0x7948, 0x8B47, 0x5B63, 0x8B48, 0x7A00,	0x8B49, 0x7D00, 0x8B4A, 0x5FBD, 0x8B4B, 0x898F, 0x8B4C, 0x8A18,
	0x8B4D, 0x8CB4, 0x8B4E, 0x8D77, 0x8B4F, 0x8ECC, 0x8B50, 0x8F1D,	0x8B51, 0x98E2, 0x8B52, 0x9A0E, 0x8B53, 0x9B3C, 0x8B54, 0x4E80,
	0x8B55, 0x507D, 0x8B56, 0x5100, 0x8B57, 0x5993, 0x8B58, 0x5B9C,	0x8B59, 0x622F, 0x8B5A, 0x6280, 0x8B5B, 0x64EC, 0x8B5C, 0x6B3A,
	0x8B5D, 0x72A0, 0x8B5E, 0x7591, 0x8B5F, 0x7947, 0x8B60, 0x7FA9,	0x8B61, 0x87FB, 0x8B62, 0x8ABC, 0x8B63, 0x8B70, 0x8B64, 0x63AC,
	0x8B65, 0x83CA, 0x8B66, 0x97A0, 0x8B67, 0x5409, 0x8B68, 0x5403,	0x8B69, 0x55AB, 0x8B6A, 0x6854, 0x8B6B, 0x6A58, 0x8B6C, 0x8A70,
	0x8B6D, 0x7827, 0x8B6E, 0x6775, 0x8B6F, 0x9ECD, 0x8B70, 0x5374,	0x8B71, 0x5BA2, 0x8B72, 0x811A, 0x8B73, 0x8650, 0x8B74, 0x9006,
	0x8B75, 0x4E18, 0x8B76, 0x4E45, 0x8B77, 0x4EC7, 0x8B78, 0x4F11,	0x8B79, 0x53CA, 0x8B7A, 0x5438, 0x8B7B, 0x5BAE, 0x8B7C, 0x5F13,
	0x8B7D, 0x6025, 0x8B7E, 0x6551, 0x8B80, 0x673D, 0x8B81, 0x6C42,	0x8B82, 0x6C72, 0x8B83, 0x6CE3, 0x8B84, 0x7078, 0x8B85, 0x7403,
	0x8B86, 0x7A76, 0x8B87, 0x7AAE, 0x8B88, 0x7B08, 0x8B89, 0x7D1A,	0x8B8A, 0x7CFE, 0x8B8B, 0x7D66, 0x8B8C, 0x65E7, 0x8B8D, 0x725B,
	0x8B8E, 0x53BB, 0x8B8F, 0x5C45, 0x8B90, 0x5DE8, 0x8B91, 0x62D2,	0x8B92, 0x62E0, 0x8B93, 0x6319, 0x8B94, 0x6E20, 0x8B95, 0x865A,
	0x8B96, 0x8A31, 0x8B97, 0x8DDD, 0x8B98, 0x92F8, 0x8B99, 0x6F01,	0x8B9A, 0x79A6, 0x8B9B, 0x9B5A, 0x8B9C, 0x4EA8, 0x8B9D, 0x4EAB,
	0x8B9E, 0x4EAC, 0x8B9F, 0x4F9B, 0x8BA0, 0x4FA0, 0x8BA1, 0x50D1,	0x8BA2, 0x5147, 0x8BA3, 0x7AF6, 0x8BA4, 0x5171, 0x8BA5, 0x51F6,
	0x8BA6, 0x5354, 0x8BA7, 0x5321, 0x8BA8, 0x537F, 0x8BA9, 0x53EB,	0x8BAA, 0x55AC, 0x8BAB, 0x5883, 0x8BAC, 0x5CE1, 0x8BAD, 0x5F37,
	0x8BAE, 0x5F4A, 0x8BAF, 0x602F, 0x8BB0, 0x6050, 0x8BB1, 0x606D,	0x8BB2, 0x631F, 0x8BB3, 0x6559, 0x8BB4, 0x6A4B, 0x8BB5, 0x6CC1,
	0x8BB6, 0x72C2, 0x8BB7, 0x72ED, 0x8BB8, 0x77EF, 0x8BB9, 0x80F8,	0x8BBA, 0x8105, 0x8BBB, 0x8208, 0x8BBC, 0x854E, 0x8BBD, 0x90F7,
	0x8BBE, 0x93E1, 0x8BBF, 0x97FF, 0x8BC0, 0x9957, 0x8BC1, 0x9A5A,	0x8BC2, 0x4EF0, 0x8BC3, 0x51DD, 0x8BC4, 0x5C2D, 0x8BC5, 0x6681,
	0x8BC6, 0x696D, 0x8BC7, 0x5C40, 0x8BC8, 0x66F2, 0x8BC9, 0x6975,	0x8BCA, 0x7389, 0x8BCB, 0x6850, 0x8BCC, 0x7C81, 0x8BCD, 0x50C5,
	0x8BCE, 0x52E4, 0x8BCF, 0x5747, 0x8BD0, 0x5DFE, 0x8BD1, 0x9326,	0x8BD2, 0x65A4, 0x8BD3, 0x6B23, 0x8BD4, 0x6B3D, 0x8BD5, 0x7434,
	0x8BD6, 0x7981, 0x8BD7, 0x79BD, 0x8BD8, 0x7B4B, 0x8BD9, 0x7DCA,	0x8BDA, 0x82B9, 0x8BDB, 0x83CC, 0x8BDC, 0x887F, 0x8BDD, 0x895F,
	0x8BDE, 0x8B39, 0x8BDF, 0x8FD1, 0x8BE0, 0x91D1, 0x8BE1, 0x541F,	0x8BE2, 0x9280, 0x8BE3, 0x4E5D, 0x8BE4, 0x5036, 0x8BE5, 0x53E5,
	0x8BE6, 0x533A, 0x8BE7, 0x72D7, 0x8BE8, 0x7396, 0x8BE9, 0x77E9,	0x8BEA, 0x82E6, 0x8BEB, 0x8EAF, 0x8BEC, 0x99C6, 0x8BED, 0x99C8,
	0x8BEE, 0x99D2, 0x8BEF, 0x5177, 0x8BF0, 0x611A, 0x8BF1, 0x865E,	0x8BF2, 0x55B0, 0x8BF3, 0x7A7A, 0x8BF4, 0x5076, 0x8BF5, 0x5BD3,
	0x8BF6, 0x9047, 0x8BF7, 0x9685, 0x8BF8, 0x4E32, 0x8BF9, 0x6ADB,	0x8BFA, 0x91E7, 0x8BFB, 0x5C51, 0x8BFC, 0x5C48, 0x8C40, 0x6398,
	0x8C41, 0x7A9F, 0x8C42, 0x6C93, 0x8C43, 0x9774, 0x8C44, 0x8F61,	0x8C45, 0x7AAA, 0x8C46, 0x718A, 0x8C47, 0x9688, 0x8C48, 0x7C82,
	0x8C49, 0x6817, 0x8C4A, 0x7E70, 0x8C4B, 0x6851, 0x8C4C, 0x936C,	0x8C4D, 0x52F2, 0x8C4E, 0x541B, 0x8C4F, 0x85AB, 0x8C50, 0x8A13,
	0x8C51, 0x7FA4, 0x8C52, 0x8ECD, 0x8C53, 0x90E1, 0x8C54, 0x5366,	0x8C55, 0x8888, 0x8C56, 0x7941, 0x8C57, 0x4FC2, 0x8C58, 0x50BE,
	0x8C59, 0x5211, 0x8C5A, 0x5144, 0x8C5B, 0x5553, 0x8C5C, 0x572D,	0x8C5D, 0x73EA, 0x8C5E, 0x578B, 0x8C5F, 0x5951, 0x8C60, 0x5F62,
	0x8C61, 0x5F84, 0x8C62, 0x6075, 0x8C63, 0x6176, 0x8C64, 0x6167,	0x8C65, 0x61A9, 0x8C66, 0x63B2, 0x8C67, 0x643A, 0x8C68, 0x656C,
	0x8C69, 0x666F, 0x8C6A, 0x6842, 0x8C6B, 0x6E13, 0x8C6C, 0x7566,	0x8C6D, 0x7A3D, 0x8C6E, 0x7CFB, 0x8C6F, 0x7D4C, 0x8C70, 0x7D99,
	0x8C71, 0x7E4B, 0x8C72, 0x7F6B, 0x8C73, 0x830E, 0x8C74, 0x834A,	0x8C75, 0x86CD, 0x8C76, 0x8A08, 0x8C77, 0x8A63, 0x8C78, 0x8B66,
	0x8C79, 0x8EFD, 0x8C7A, 0x981A, 0x8C7B, 0x9D8F, 0x8C7C, 0x82B8,	0x8C7D, 0x8FCE, 0x8C7E, 0x9BE8, 0x8C80, 0x5287, 0x8C81, 0x621F,
	0x8C82, 0x6483, 0x8C83, 0x6FC0, 0x8C84, 0x9699, 0x8C85, 0x6841,	0x8C86, 0x5091, 0x8C87, 0x6B20, 0x8C88, 0x6C7A, 0x8C89, 0x6F54,
	0x8C8A, 0x7A74, 0x8C8B, 0x7D50, 0x8C8C, 0x8840, 0x8C8D, 0x8A23,	0x8C8E, 0x6708, 0x8C8F, 0x4EF6, 0x8C90, 0x5039, 0x8C91, 0x5026,
	0x8C92, 0x5065, 0x8C93, 0x517C, 0x8C94, 0x5238, 0x8C95, 0x5263,	0x8C96, 0x55A7, 0x8C97, 0x570F, 0x8C98, 0x5805, 0x8C99, 0x5ACC,
	0x8C9A, 0x5EFA, 0x8C9B, 0x61B2, 0x8C9C, 0x61F8, 0x8C9D, 0x62F3,	0x8C9E, 0x6372, 0x8C9F, 0x691C, 0x8CA0, 0x6A29, 0x8CA1, 0x727D,
	0x8CA2, 0x72AC, 0x8CA3, 0x732E, 0x8CA4, 0x7814, 0x8CA5, 0x786F,	0x8CA6, 0x7D79, 0x8CA7, 0x770C, 0x8CA8, 0x80A9, 0x8CA9, 0x898B,
	0x8CAA, 0x8B19, 0x8CAB, 0x8CE2, 0x8CAC, 0x8ED2, 0x8CAD, 0x9063,	0x8CAE, 0x9375, 0x8CAF, 0x967A, 0x8CB0, 0x9855, 0x8CB1, 0x9A13,
	0x8CB2, 0x9E78, 0x8CB3, 0x5143, 0x8CB4, 0x539F, 0x8CB5, 0x53B3,	0x8CB6, 0x5E7B, 0x8CB7, 0x5F26, 0x8CB8, 0x6E1B, 0x8CB9, 0x6E90,
	0x8CBA, 0x7384, 0x8CBB, 0x73FE, 0x8CBC, 0x7D43, 0x8CBD, 0x8237,	0x8CBE, 0x8A00, 0x8CBF, 0x8AFA, 0x8CC0, 0x9650, 0x8CC1, 0x4E4E,
	0x8CC2, 0x500B, 0x8CC3, 0x53E4, 0x8CC4, 0x547C, 0x8CC5, 0x56FA,	0x8CC6, 0x59D1, 0x8CC7, 0x5B64, 0x8CC8, 0x5DF1, 0x8CC9, 0x5EAB,
	0x8CCA, 0x5F27, 0x8CCB, 0x6238, 0x8CCC, 0x6545, 0x8CCD, 0x67AF,	0x8CCE, 0x6E56, 0x8CCF, 0x72D0, 0x8CD0, 0x7CCA, 0x8CD1, 0x88B4,
	0x8CD2, 0x80A1, 0x8CD3, 0x80E1, 0x8CD4, 0x83F0, 0x8CD5, 0x864E,	0x8CD6, 0x8A87, 0x8CD7, 0x8DE8, 0x8CD8, 0x9237, 0x8CD9, 0x96C7,
	0x8CDA, 0x9867, 0x8CDB, 0x9F13, 0x8CDC, 0x4E94, 0x8CDD, 0x4E92,	0x8CDE, 0x4F0D, 0x8CDF, 0x5348, 0x8CE0, 0x5449, 0x8CE1, 0x543E,
	0x8CE2, 0x5A2F, 0x8CE3, 0x5F8C, 0x8CE4, 0x5FA1, 0x8CE5, 0x609F,	0x8CE6, 0x68A7, 0x8CE7, 0x6A8E, 0x8CE8, 0x745A, 0x8CE9, 0x7881,
	0x8CEA, 0x8A9E, 0x8CEB, 0x8AA4, 0x8CEC, 0x8B77, 0x8CED, 0x9190,	0x8CEE, 0x4E5E, 0x8CEF, 0x9BC9, 0x8CF0, 0x4EA4, 0x8CF1, 0x4F7C,
	0x8CF2, 0x4FAF, 0x8CF3, 0x5019, 0x8CF4, 0x5016, 0x8CF5, 0x5149,	0x8CF6, 0x516C, 0x8CF7, 0x529F, 0x8CF8, 0x52B9, 0x8CF9, 0x52FE,
	0x8CFA, 0x539A, 0x8CFB, 0x53E3, 0x8CFC, 0x5411, 0x8D40, 0x540E,	0x8D41, 0x5589, 0x8D42, 0x5751, 0x8D43, 0x57A2, 0x8D44, 0x597D,
	0x8D45, 0x5B54, 0x8D46, 0x5B5D, 0x8D47, 0x5B8F, 0x8D48, 0x5DE5,	0x8D49, 0x5DE7, 0x8D4A, 0x5DF7, 0x8D4B, 0x5E78, 0x8D4C, 0x5E83,
	0x8D4D, 0x5E9A, 0x8D4E, 0x5EB7, 0x8D4F, 0x5F18, 0x8D50, 0x6052,	0x8D51, 0x614C, 0x8D52, 0x6297, 0x8D53, 0x62D8, 0x8D54, 0x63A7,
	0x8D55, 0x653B, 0x8D56, 0x6602, 0x8D57, 0x6643, 0x8D58, 0x66F4,	0x8D59, 0x676D, 0x8D5A, 0x6821, 0x8D5B, 0x6897, 0x8D5C, 0x69CB,
	0x8D5D, 0x6C5F, 0x8D5E, 0x6D2A, 0x8D5F, 0x6D69, 0x8D60, 0x6E2F,	0x8D61, 0x6E9D, 0x8D62, 0x7532, 0x8D63, 0x7687, 0x8D64, 0x786C,
	0x8D65, 0x7A3F, 0x8D66, 0x7CE0, 0x8D67, 0x7D05, 0x8D68, 0x7D18,	0x8D69, 0x7D5E, 0x8D6A, 0x7DB1, 0x8D6B, 0x8015, 0x8D6C, 0x8003,
	0x8D6D, 0x80AF, 0x8D6E, 0x80B1, 0x8D6F, 0x8154, 0x8D70, 0x818F,	0x8D71, 0x822A, 0x8D72, 0x8352, 0x8D73, 0x884C, 0x8D74, 0x8861,
	0x8D75, 0x8B1B, 0x8D76, 0x8CA2, 0x8D77, 0x8CFC, 0x8D78, 0x90CA,	0x8D79, 0x9175, 0x8D7A, 0x9271, 0x8D7B, 0x783F, 0x8D7C, 0x92FC,
	0x8D7D, 0x95A4, 0x8D7E, 0x964D, 0x8D80, 0x9805, 0x8D81, 0x9999,	0x8D82, 0x9AD8, 0x8D83, 0x9D3B, 0x8D84, 0x525B, 0x8D85, 0x52AB,
	0x8D86, 0x53F7, 0x8D87, 0x5408, 0x8D88, 0x58D5, 0x8D89, 0x62F7,	0x8D8A, 0x6FE0, 0x8D8B, 0x8C6A, 0x8D8C, 0x8F5F, 0x8D8D, 0x9EB9,
	0x8D8E, 0x514B, 0x8D8F, 0x523B, 0x8D90, 0x544A, 0x8D91, 0x56FD,	0x8D92, 0x7A40, 0x8D93, 0x9177, 0x8D94, 0x9D60, 0x8D95, 0x9ED2,
	0x8D96, 0x7344, 0x8D97, 0x6F09, 0x8D98, 0x8170, 0x8D99, 0x7511,	0x8D9A, 0x5FFD, 0x8D9B, 0x60DA, 0x8D9C, 0x9AA8, 0x8D9D, 0x72DB,
	0x8D9E, 0x8FBC, 0x8D9F, 0x6B64, 0x8DA0, 0x9803, 0x8DA1, 0x4ECA,	0x8DA2, 0x56F0, 0x8DA3, 0x5764, 0x8DA4, 0x58BE, 0x8DA5, 0x5A5A,
	0x8DA6, 0x6068, 0x8DA7, 0x61C7, 0x8DA8, 0x660F, 0x8DA9, 0x6606,	0x8DAA, 0x6839, 0x8DAB, 0x68B1, 0x8DAC, 0x6DF7, 0x8DAD, 0x75D5,
	0x8DAE, 0x7D3A, 0x8DAF, 0x826E, 0x8DB0, 0x9B42, 0x8DB1, 0x4E9B,	0x8DB2, 0x4F50, 0x8DB3, 0x53C9, 0x8DB4, 0x5506, 0x8DB5, 0x5D6F,
	0x8DB6, 0x5DE6, 0x8DB7, 0x5DEE, 0x8DB8, 0x67FB, 0x8DB9, 0x6C99,	0x8DBA, 0x7473, 0x8DBB, 0x7802, 0x8DBC, 0x8A50, 0x8DBD, 0x9396,
	0x8DBE, 0x88DF, 0x8DBF, 0x5750, 0x8DC0, 0x5EA7, 0x8DC1, 0x632B,	0x8DC2, 0x50B5, 0x8DC3, 0x50AC, 0x8DC4, 0x518D, 0x8DC5, 0x6700,
	0x8DC6, 0x54C9, 0x8DC7, 0x585E, 0x8DC8, 0x59BB, 0x8DC9, 0x5BB0,	0x8DCA, 0x5F69, 0x8DCB, 0x624D, 0x8DCC, 0x63A1, 0x8DCD, 0x683D,
	0x8DCE, 0x6B73, 0x8DCF, 0x6E08, 0x8DD0, 0x707D, 0x8DD1, 0x91C7,	0x8DD2, 0x7280, 0x8DD3, 0x7815, 0x8DD4, 0x7826, 0x8DD5, 0x796D,
	0x8DD6, 0x658E, 0x8DD7, 0x7D30, 0x8DD8, 0x83DC, 0x8DD9, 0x88C1,	0x8DDA, 0x8F09, 0x8DDB, 0x969B, 0x8DDC, 0x5264, 0x8DDD, 0x5728,
	0x8DDE, 0x6750, 0x8DDF, 0x7F6A, 0x8DE0, 0x8CA1, 0x8DE1, 0x51B4,	0x8DE2, 0x5742, 0x8DE3, 0x962A, 0x8DE4, 0x583A, 0x8DE5, 0x698A,
	0x8DE6, 0x80B4, 0x8DE7, 0x54B2, 0x8DE8, 0x5D0E, 0x8DE9, 0x57FC,	0x8DEA, 0x7895, 0x8DEB, 0x9DFA, 0x8DEC, 0x4F5C, 0x8DED, 0x524A,
	0x8DEE, 0x548B, 0x8DEF, 0x643E, 0x8DF0, 0x6628, 0x8DF1, 0x6714,	0x8DF2, 0x67F5, 0x8DF3, 0x7A84, 0x8DF4, 0x7B56, 0x8DF5, 0x7D22,
	0x8DF6, 0x932F, 0x8DF7, 0x685C, 0x8DF8, 0x9BAD, 0x8DF9, 0x7B39,	0x8DFA, 0x5319, 0x8DFB, 0x518A, 0x8DFC, 0x5237, 0x8E40, 0x5BDF,
	0x8E41, 0x62F6, 0x8E42, 0x64AE, 0x8E43, 0x64E6, 0x8E44, 0x672D,	0x8E45, 0x6BBA, 0x8E46, 0x85A9, 0x8E47, 0x96D1, 0x8E48, 0x7690,
	0x8E49, 0x9BD6, 0x8E4A, 0x634C, 0x8E4B, 0x9306, 0x8E4C, 0x9BAB,	0x8E4D, 0x76BF, 0x8E4E, 0x6652, 0x8E4F, 0x4E09, 0x8E50, 0x5098,
	0x8E51, 0x53C2, 0x8E52, 0x5C71, 0x8E53, 0x60E8, 0x8E54, 0x6492,	0x8E55, 0x6563, 0x8E56, 0x685F, 0x8E57, 0x71E6, 0x8E58, 0x73CA,
	0x8E59, 0x7523, 0x8E5A, 0x7B97, 0x8E5B, 0x7E82, 0x8E5C, 0x8695,	0x8E5D, 0x8B83, 0x8E5E, 0x8CDB, 0x8E5F, 0x9178, 0x8E60, 0x9910,
	0x8E61, 0x65AC, 0x8E62, 0x66AB, 0x8E63, 0x6B8B, 0x8E64, 0x4ED5,	0x8E65, 0x4ED4, 0x8E66, 0x4F3A, 0x8E67, 0x4F7F, 0x8E68, 0x523A,
	0x8E69, 0x53F8, 0x8E6A, 0x53F2, 0x8E6B, 0x55E3, 0x8E6C, 0x56DB,	0x8E6D, 0x58EB, 0x8E6E, 0x59CB, 0x8E6F, 0x59C9, 0x8E70, 0x59FF,
	0x8E71, 0x5B50, 0x8E72, 0x5C4D, 0x8E73, 0x5E02, 0x8E74, 0x5E2B,	0x8E75, 0x5FD7, 0x8E76, 0x601D, 0x8E77, 0x6307, 0x8E78, 0x652F,
	0x8E79, 0x5B5C, 0x8E7A, 0x65AF, 0x8E7B, 0x65BD, 0x8E7C, 0x65E8,	0x8E7D, 0x679D, 0x8E7E, 0x6B62, 0x8E80, 0x6B7B, 0x8E81, 0x6C0F,
	0x8E82, 0x7345, 0x8E83, 0x7949, 0x8E84, 0x79C1, 0x8E85, 0x7CF8,	0x8E86, 0x7D19, 0x8E87, 0x7D2B, 0x8E88, 0x80A2, 0x8E89, 0x8102,
	0x8E8A, 0x81F3, 0x8E8B, 0x8996, 0x8E8C, 0x8A5E, 0x8E8D, 0x8A69,	0x8E8E, 0x8A66, 0x8E8F, 0x8A8C, 0x8E90, 0x8AEE, 0x8E91, 0x8CC7,
	0x8E92, 0x8CDC, 0x8E93, 0x96CC, 0x8E94, 0x98FC, 0x8E95, 0x6B6F,	0x8E96, 0x4E8B, 0x8E97, 0x4F3C, 0x8E98, 0x4F8D, 0x8E99, 0x5150,
	0x8E9A, 0x5B57, 0x8E9B, 0x5BFA, 0x8E9C, 0x6148, 0x8E9D, 0x6301,	0x8E9E, 0x6642, 0x8E9F, 0x6B21, 0x8EA0, 0x6ECB, 0x8EA1, 0x6CBB,
	0x8EA2, 0x723E, 0x8EA3, 0x74BD, 0x8EA4, 0x75D4, 0x8EA5, 0x78C1,	0x8EA6, 0x793A, 0x8EA7, 0x800C, 0x8EA8, 0x8033, 0x8EA9, 0x81EA,
	0x8EAA, 0x8494, 0x8EAB, 0x8F9E, 0x8EAC, 0x6C50, 0x8EAD, 0x9E7F,	0x8EAE, 0x5F0F, 0x8EAF, 0x8B58, 0x8EB0, 0x9D2B, 0x8EB1, 0x7AFA,
	0x8EB2, 0x8EF8, 0x8EB3, 0x5B8D, 0x8EB4, 0x96EB, 0x8EB5, 0x4E03,	0x8EB6, 0x53F1, 0x8EB7, 0x57F7, 0x8EB8, 0x5931, 0x8EB9, 0x5AC9,
	0x8EBA, 0x5BA4, 0x8EBB, 0x6089, 0x8EBC, 0x6E7F, 0x8EBD, 0x6F06,	0x8EBE, 0x75BE, 0x8EBF, 0x8CEA, 0x8EC0, 0x5B9F, 0x8EC1, 0x8500,
	0x8EC2, 0x7BE0, 0x8EC3, 0x5072, 0x8EC4, 0x67F4, 0x8EC5, 0x829D,	0x8EC6, 0x5C61, 0x8EC7, 0x854A, 0x8EC8, 0x7E1E, 0x8EC9, 0x820E,
	0x8ECA, 0x5199, 0x8ECB, 0x5C04, 0x8ECC, 0x6368, 0x8ECD, 0x8D66,	0x8ECE, 0x659C, 0x8ECF, 0x716E, 0x8ED0, 0x793E, 0x8ED1, 0x7D17,
	0x8ED2, 0x8005, 0x8ED3, 0x8B1D, 0x8ED4, 0x8ECA, 0x8ED5, 0x906E,	0x8ED6, 0x86C7, 0x8ED7, 0x90AA, 0x8ED8, 0x501F, 0x8ED9, 0x52FA,
	0x8EDA, 0x5C3A, 0x8EDB, 0x6753, 0x8EDC, 0x707C, 0x8EDD, 0x7235,	0x8EDE, 0x914C, 0x8EDF, 0x91C8, 0x8EE0, 0x932B, 0x8EE1, 0x82E5,
	0x8EE2, 0x5BC2, 0x8EE3, 0x5F31, 0x8EE4, 0x60F9, 0x8EE5, 0x4E3B,	0x8EE6, 0x53D6, 0x8EE7, 0x5B88, 0x8EE8, 0x624B, 0x8EE9, 0x6731,
	0x8EEA, 0x6B8A, 0x8EEB, 0x72E9, 0x8EEC, 0x73E0, 0x8EED, 0x7A2E,	0x8EEE, 0x816B, 0x8EEF, 0x8DA3, 0x8EF0, 0x9152, 0x8EF1, 0x9996,
	0x8EF2, 0x5112, 0x8EF3, 0x53D7, 0x8EF4, 0x546A, 0x8EF5, 0x5BFF,	0x8EF6, 0x6388, 0x8EF7, 0x6A39, 0x8EF8, 0x7DAC, 0x8EF9, 0x9700,
	0x8EFA, 0x56DA, 0x8EFB, 0x53CE, 0x8EFC, 0x5468, 0x8F40, 0x5B97,	0x8F41, 0x5C31, 0x8F42, 0x5DDE, 0x8F43, 0x4FEE, 0x8F44, 0x6101,
	0x8F45, 0x62FE, 0x8F46, 0x6D32, 0x8F47, 0x79C0, 0x8F48, 0x79CB,	0x8F49, 0x7D42, 0x8F4A, 0x7E4D, 0x8F4B, 0x7FD2, 0x8F4C, 0x81ED,
	0x8F4D, 0x821F, 0x8F4E, 0x8490, 0x8F4F, 0x8846, 0x8F50, 0x8972,	0x8F51, 0x8B90, 0x8F52, 0x8E74, 0x8F53, 0x8F2F, 0x8F54, 0x9031,
	0x8F55, 0x914B, 0x8F56, 0x916C, 0x8F57, 0x96C6, 0x8F58, 0x919C,	0x8F59, 0x4EC0, 0x8F5A, 0x4F4F, 0x8F5B, 0x5145, 0x8F5C, 0x5341,
	0x8F5D, 0x5F93, 0x8F5E, 0x620E, 0x8F5F, 0x67D4, 0x8F60, 0x6C41,	0x8F61, 0x6E0B, 0x8F62, 0x7363, 0x8F63, 0x7E26, 0x8F64, 0x91CD,
	0x8F65, 0x9283, 0x8F66, 0x53D4, 0x8F67, 0x5919, 0x8F68, 0x5BBF,	0x8F69, 0x6DD1, 0x8F6A, 0x795D, 0x8F6B, 0x7E2E, 0x8F6C, 0x7C9B,
	0x8F6D, 0x587E, 0x8F6E, 0x719F, 0x8F6F, 0x51FA, 0x8F70, 0x8853,	0x8F71, 0x8FF0, 0x8F72, 0x4FCA, 0x8F73, 0x5CFB, 0x8F74, 0x6625,
	0x8F75, 0x77AC, 0x8F76, 0x7AE3, 0x8F77, 0x821C, 0x8F78, 0x99FF,	0x8F79, 0x51C6, 0x8F7A, 0x5FAA, 0x8F7B, 0x65EC, 0x8F7C, 0x696F,
	0x8F7D, 0x6B89, 0x8F7E, 0x6DF3, 0x8F80, 0x6E96, 0x8F81, 0x6F64,	0x8F82, 0x76FE, 0x8F83, 0x7D14, 0x8F84, 0x5DE1, 0x8F85, 0x9075,
	0x8F86, 0x9187, 0x8F87, 0x9806, 0x8F88, 0x51E6, 0x8F89, 0x521D,	0x8F8A, 0x6240, 0x8F8B, 0x6691, 0x8F8C, 0x66D9, 0x8F8D, 0x6E1A,
	0x8F8E, 0x5EB6, 0x8F8F, 0x7DD2, 0x8F90, 0x7F72, 0x8F91, 0x66F8,	0x8F92, 0x85AF, 0x8F93, 0x85F7, 0x8F94, 0x8AF8, 0x8F95, 0x52A9,
	0x8F96, 0x53D9, 0x8F97, 0x5973, 0x8F98, 0x5E8F, 0x8F99, 0x5F90,	0x8F9A, 0x6055, 0x8F9B, 0x92E4, 0x8F9C, 0x9664, 0x8F9D, 0x50B7,
	0x8F9E, 0x511F, 0x8F9F, 0x52DD, 0x8FA0, 0x5320, 0x8FA1, 0x5347,	0x8FA2, 0x53EC, 0x8FA3, 0x54E8, 0x8FA4, 0x5546, 0x8FA5, 0x5531,
	0x8FA6, 0x5617, 0x8FA7, 0x5968, 0x8FA8, 0x59BE, 0x8FA9, 0x5A3C,	0x8FAA, 0x5BB5, 0x8FAB, 0x5C06, 0x8FAC, 0x5C0F, 0x8FAD, 0x5C11,
	0x8FAE, 0x5C1A, 0x8FAF, 0x5E84, 0x8FB0, 0x5E8A, 0x8FB1, 0x5EE0,	0x8FB2, 0x5F70, 0x8FB3, 0x627F, 0x8FB4, 0x6284, 0x8FB5, 0x62DB,
	0x8FB6, 0x638C, 0x8FB7, 0x6377, 0x8FB8, 0x6607, 0x8FB9, 0x660C,	0x8FBA, 0x662D, 0x8FBB, 0x6676, 0x8FBC, 0x677E, 0x8FBD, 0x68A2,
	0x8FBE, 0x6A1F, 0x8FBF, 0x6A35, 0x8FC0, 0x6CBC, 0x8FC1, 0x6D88,	0x8FC2, 0x6E09, 0x8FC3, 0x6E58, 0x8FC4, 0x713C, 0x8FC5, 0x7126,
	0x8FC6, 0x7167, 0x8FC7, 0x75C7, 0x8FC8, 0x7701, 0x8FC9, 0x785D,	0x8FCA, 0x7901, 0x8FCB, 0x7965, 0x8FCC, 0x79F0, 0x8FCD, 0x7AE0,
	0x8FCE, 0x7B11, 0x8FCF, 0x7CA7, 0x8FD0, 0x7D39, 0x8FD1, 0x8096,	0x8FD2, 0x83D6, 0x8FD3, 0x848B, 0x8FD4, 0x8549, 0x8FD5, 0x885D,
	0x8FD6, 0x88F3, 0x8FD7, 0x8A1F, 0x8FD8, 0x8A3C, 0x8FD9, 0x8A54,	0x8FDA, 0x8A73, 0x8FDB, 0x8C61, 0x8FDC, 0x8CDE, 0x8FDD, 0x91A4,
	0x8FDE, 0x9266, 0x8FDF, 0x937E, 0x8FE0, 0x9418, 0x8FE1, 0x969C,	0x8FE2, 0x9798, 0x8FE3, 0x4E0A, 0x8FE4, 0x4E08, 0x8FE5, 0x4E1E,
	0x8FE6, 0x4E57, 0x8FE7, 0x5197, 0x8FE8, 0x5270, 0x8FE9, 0x57CE,	0x8FEA, 0x5834, 0x8FEB, 0x58CC, 0x8FEC, 0x5B22, 0x8FED, 0x5E38,
	0x8FEE, 0x60C5, 0x8FEF, 0x64FE, 0x8FF0, 0x6761, 0x8FF1, 0x6756,	0x8FF2, 0x6D44, 0x8FF3, 0x72B6, 0x8FF4, 0x7573, 0x8FF5, 0x7A63,
	0x8FF6, 0x84B8, 0x8FF7, 0x8B72, 0x8FF8, 0x91B8, 0x8FF9, 0x9320,	0x8FFA, 0x5631, 0x8FFB, 0x57F4, 0x8FFC, 0x98FE, 0x9040, 0x62ED,
	0x9041, 0x690D, 0x9042, 0x6B96, 0x9043, 0x71ED, 0x9044, 0x7E54,	0x9045, 0x8077, 0x9046, 0x8272, 0x9047, 0x89E6, 0x9048, 0x98DF,
	0x9049, 0x8755, 0x904A, 0x8FB1, 0x904B, 0x5C3B, 0x904C, 0x4F38,	0x904D, 0x4FE1, 0x904E, 0x4FB5, 0x904F, 0x5507, 0x9050, 0x5A20,
	0x9051, 0x5BDD, 0x9052, 0x5BE9, 0x9053, 0x5FC3, 0x9054, 0x614E,	0x9055, 0x632F, 0x9056, 0x65B0, 0x9057, 0x664B, 0x9058, 0x68EE,
	0x9059, 0x699B, 0x905A, 0x6D78, 0x905B, 0x6DF1, 0x905C, 0x7533,	0x905D, 0x75B9, 0x905E, 0x771F, 0x905F, 0x795E, 0x9060, 0x79E6,
	0x9061, 0x7D33, 0x9062, 0x81E3, 0x9063, 0x82AF, 0x9064, 0x85AA,	0x9065, 0x89AA, 0x9066, 0x8A3A, 0x9067, 0x8EAB, 0x9068, 0x8F9B,
	0x9069, 0x9032, 0x906A, 0x91DD, 0x906B, 0x9707, 0x906C, 0x4EBA,	0x906D, 0x4EC1, 0x906E, 0x5203, 0x906F, 0x5875, 0x9070, 0x58EC,
	0x9071, 0x5C0B, 0x9072, 0x751A, 0x9073, 0x5C3D, 0x9074, 0x814E,	0x9075, 0x8A0A, 0x9076, 0x8FC5, 0x9077, 0x9663, 0x9078, 0x976D,
	0x9079, 0x7B25, 0x907A, 0x8ACF, 0x907B, 0x9808, 0x907C, 0x9162,	0x907D, 0x56F3, 0x907E, 0x53A8, 0x9080, 0x9017, 0x9081, 0x5439,
	0x9082, 0x5782, 0x9083, 0x5E25, 0x9084, 0x63A8, 0x9085, 0x6C34,	0x9086, 0x708A, 0x9087, 0x7761, 0x9088, 0x7C8B, 0x9089, 0x7FE0,
	0x908A, 0x8870, 0x908B, 0x9042, 0x908C, 0x9154, 0x908D, 0x9310,	0x908E, 0x9318, 0x908F, 0x968F, 0x9090, 0x745E, 0x9091, 0x9AC4,
	0x9092, 0x5D07, 0x9093, 0x5D69, 0x9094, 0x6570, 0x9095, 0x67A2,	0x9096, 0x8DA8, 0x9097, 0x96DB, 0x9098, 0x636E, 0x9099, 0x6749,
	0x909A, 0x6919, 0x909B, 0x83C5, 0x909C, 0x9817, 0x909D, 0x96C0,	0x909E, 0x88FE, 0x909F, 0x6F84, 0x90A0, 0x647A, 0x90A1, 0x5BF8,
	0x90A2, 0x4E16, 0x90A3, 0x702C, 0x90A4, 0x755D, 0x90A5, 0x662F,	0x90A6, 0x51C4, 0x90A7, 0x5236, 0x90A8, 0x52E2, 0x90A9, 0x59D3,
	0x90AA, 0x5F81, 0x90AB, 0x6027, 0x90AC, 0x6210, 0x90AD, 0x653F,	0x90AE, 0x6574, 0x90AF, 0x661F, 0x90B0, 0x6674, 0x90B1, 0x68F2,
	0x90B2, 0x6816, 0x90B3, 0x6B63, 0x90B4, 0x6E05, 0x90B5, 0x7272,	0x90B6, 0x751F, 0x90B7, 0x76DB, 0x90B8, 0x7CBE, 0x90B9, 0x8056,
	0x90BA, 0x58F0, 0x90BB, 0x88FD, 0x90BC, 0x897F, 0x90BD, 0x8AA0,	0x90BE, 0x8A93, 0x90BF, 0x8ACB, 0x90C0, 0x901D, 0x90C1, 0x9192,
	0x90C2, 0x9752, 0x90C3, 0x9759, 0x90C4, 0x6589, 0x90C5, 0x7A0E,	0x90C6, 0x8106, 0x90C7, 0x96BB, 0x90C8, 0x5E2D, 0x90C9, 0x60DC,
	0x90CA, 0x621A, 0x90CB, 0x65A5, 0x90CC, 0x6614, 0x90CD, 0x6790,	0x90CE, 0x77F3, 0x90CF, 0x7A4D, 0x90D0, 0x7C4D, 0x90D1, 0x7E3E,
	0x90D2, 0x810A, 0x90D3, 0x8CAC, 0x90D4, 0x8D64, 0x90D5, 0x8DE1,	0x90D6, 0x8E5F, 0x90D7, 0x78A9, 0x90D8, 0x5207, 0x90D9, 0x62D9,
	0x90DA, 0x63A5, 0x90DB, 0x6442, 0x90DC, 0x6298, 0x90DD, 0x8A2D,	0x90DE, 0x7A83, 0x90DF, 0x7BC0, 0x90E0, 0x8AAC, 0x90E1, 0x96EA,
	0x90E2, 0x7D76, 0x90E3, 0x820C, 0x90E4, 0x8749, 0x90E5, 0x4ED9,	0x90E6, 0x5148, 0x90E7, 0x5343, 0x90E8, 0x5360, 0x90E9, 0x5BA3,
	0x90EA, 0x5C02, 0x90EB, 0x5C16, 0x90EC, 0x5DDD, 0x90ED, 0x6226,	0x90EE, 0x6247, 0x90EF, 0x64B0, 0x90F0, 0x6813, 0x90F1, 0x6834,
	0x90F2, 0x6CC9, 0x90F3, 0x6D45, 0x90F4, 0x6D17, 0x90F5, 0x67D3,	0x90F6, 0x6F5C, 0x90F7, 0x714E, 0x90F8, 0x717D, 0x90F9, 0x65CB,
	0x90FA, 0x7A7F, 0x90FB, 0x7BAD, 0x90FC, 0x7DDA, 0x9140, 0x7E4A,	0x9141, 0x7FA8, 0x9142, 0x817A, 0x9143, 0x821B, 0x9144, 0x8239,
	0x9145, 0x85A6, 0x9146, 0x8A6E, 0x9147, 0x8CCE, 0x9148, 0x8DF5,	0x9149, 0x9078, 0x914A, 0x9077, 0x914B, 0x92AD, 0x914C, 0x9291,
	0x914D, 0x9583, 0x914E, 0x9BAE, 0x914F, 0x524D, 0x9150, 0x5584,	0x9151, 0x6F38, 0x9152, 0x7136, 0x9153, 0x5168, 0x9154, 0x7985,
	0x9155, 0x7E55, 0x9156, 0x81B3, 0x9157, 0x7CCE, 0x9158, 0x564C,	0x9159, 0x5851, 0x915A, 0x5CA8, 0x915B, 0x63AA, 0x915C, 0x66FE,
	0x915D, 0x66FD, 0x915E, 0x695A, 0x915F, 0x72D9, 0x9160, 0x758F,	0x9161, 0x758E, 0x9162, 0x790E, 0x9163, 0x7956, 0x9164, 0x79DF,
	0x9165, 0x7C97, 0x9166, 0x7D20, 0x9167, 0x7D44, 0x9168, 0x8607,	0x9169, 0x8A34, 0x916A, 0x963B, 0x916B, 0x9061, 0x916C, 0x9F20,
	0x916D, 0x50E7, 0x916E, 0x5275, 0x916F, 0x53CC, 0x9170, 0x53E2,	0x9171, 0x5009, 0x9172, 0x55AA, 0x9173, 0x58EE, 0x9174, 0x594F,
	0x9175, 0x723D, 0x9176, 0x5B8B, 0x9177, 0x5C64, 0x9178, 0x531D,	0x9179, 0x60E3, 0x917A, 0x60F3, 0x917B, 0x635C, 0x917C, 0x6383,
	0x917D, 0x633F, 0x917E, 0x63BB, 0x9180, 0x64CD, 0x9181, 0x65E9,	0x9182, 0x66F9, 0x9183, 0x5DE3, 0x9184, 0x69CD, 0x9185, 0x69FD,
	0x9186, 0x6F15, 0x9187, 0x71E5, 0x9188, 0x4E89, 0x9189, 0x75E9,	0x918A, 0x76F8, 0x918B, 0x7A93, 0x918C, 0x7CDF, 0x918D, 0x7DCF,
	0x918E, 0x7D9C, 0x918F, 0x8061, 0x9190, 0x8349, 0x9191, 0x8358,	0x9192, 0x846C, 0x9193, 0x84BC, 0x9194, 0x85FB, 0x9195, 0x88C5,
	0x9196, 0x8D70, 0x9197, 0x9001, 0x9198, 0x906D, 0x9199, 0x9397,	0x919A, 0x971C, 0x919B, 0x9A12, 0x919C, 0x50CF, 0x919D, 0x5897,
	0x919E, 0x618E, 0x919F, 0x81D3, 0x91A0, 0x8535, 0x91A1, 0x8D08,	0x91A2, 0x9020, 0x91A3, 0x4FC3, 0x91A4, 0x5074, 0x91A5, 0x5247,
	0x91A6, 0x5373, 0x91A7, 0x606F, 0x91A8, 0x6349, 0x91A9, 0x675F,	0x91AA, 0x6E2C, 0x91AB, 0x8DB3, 0x91AC, 0x901F, 0x91AD, 0x4FD7,
	0x91AE, 0x5C5E, 0x91AF, 0x8CCA, 0x91B0, 0x65CF, 0x91B1, 0x7D9A,	0x91B2, 0x5352, 0x91B3, 0x8896, 0x91B4, 0x5176, 0x91B5, 0x63C3,
	0x91B6, 0x5B58, 0x91B7, 0x5B6B, 0x91B8, 0x5C0A, 0x91B9, 0x640D,	0x91BA, 0x6751, 0x91BB, 0x905C, 0x91BC, 0x4ED6, 0x91BD, 0x591A,
	0x91BE, 0x592A, 0x91BF, 0x6C70, 0x91C0, 0x8A51, 0x91C1, 0x553E,	0x91C2, 0x5815, 0x91C3, 0x59A5, 0x91C4, 0x60F0, 0x91C5, 0x6253,
	0x91C6, 0x67C1, 0x91C7, 0x8235, 0x91C8, 0x6955, 0x91C9, 0x9640,	0x91CA, 0x99C4, 0x91CB, 0x9A28, 0x91CC, 0x4F53, 0x91CD, 0x5806,
	0x91CE, 0x5BFE, 0x91CF, 0x8010, 0x91D0, 0x5CB1, 0x91D1, 0x5E2F,	0x91D2, 0x5F85, 0x91D3, 0x6020, 0x91D4, 0x614B, 0x91D5, 0x6234,
	0x91D6, 0x66FF, 0x91D7, 0x6CF0, 0x91D8, 0x6EDE, 0x91D9, 0x80CE,	0x91DA, 0x817F, 0x91DB, 0x82D4, 0x91DC, 0x888B, 0x91DD, 0x8CB8,
	0x91DE, 0x9000, 0x91DF, 0x902E, 0x91E0, 0x968A, 0x91E1, 0x9EDB,	0x91E2, 0x9BDB, 0x91E3, 0x4EE3, 0x91E4, 0x53F0, 0x91E5, 0x5927,
	0x91E6, 0x7B2C, 0x91E7, 0x918D, 0x91E8, 0x984C, 0x91E9, 0x9DF9,	0x91EA, 0x6EDD, 0x91EB, 0x7027, 0x91EC, 0x5353, 0x91ED, 0x5544,
	0x91EE, 0x5B85, 0x91EF, 0x6258, 0x91F0, 0x629E, 0x91F1, 0x62D3,	0x91F2, 0x6CA2, 0x91F3, 0x6FEF, 0x91F4, 0x7422, 0x91F5, 0x8A17,
	0x91F6, 0x9438, 0x91F7, 0x6FC1, 0x91F8, 0x8AFE, 0x91F9, 0x8338,	0x91FA, 0x51E7, 0x91FB, 0x86F8, 0x91FC, 0x53EA, 0x9240, 0x53E9,
	0x9241, 0x4F46, 0x9242, 0x9054, 0x9243, 0x8FB0, 0x9244, 0x596A,	0x9245, 0x8131, 0x9246, 0x5DFD, 0x9247, 0x7AEA, 0x9248, 0x8FBF,
	0x9249, 0x68DA, 0x924A, 0x8C37, 0x924B, 0x72F8, 0x924C, 0x9C48,	0x924D, 0x6A3D, 0x924E, 0x8AB0, 0x924F, 0x4E39, 0x9250, 0x5358,
	0x9251, 0x5606, 0x9252, 0x5766, 0x9253, 0x62C5, 0x9254, 0x63A2,	0x9255, 0x65E6, 0x9256, 0x6B4E, 0x9257, 0x6DE1, 0x9258, 0x6E5B,
	0x9259, 0x70AD, 0x925A, 0x77ED, 0x925B, 0x7AEF, 0x925C, 0x7BAA,	0x925D, 0x7DBB, 0x925E, 0x803D, 0x925F, 0x80C6, 0x9260, 0x86CB,
	0x9261, 0x8A95, 0x9262, 0x935B, 0x9263, 0x56E3, 0x9264, 0x58C7,	0x9265, 0x5F3E, 0x9266, 0x65AD, 0x9267, 0x6696, 0x9268, 0x6A80,
	0x9269, 0x6BB5, 0x926A, 0x7537, 0x926B, 0x8AC7, 0x926C, 0x5024,	0x926D, 0x77E5, 0x926E, 0x5730, 0x926F, 0x5F1B, 0x9270, 0x6065,
	0x9271, 0x667A, 0x9272, 0x6C60, 0x9273, 0x75F4, 0x9274, 0x7A1A,	0x9275, 0x7F6E, 0x9276, 0x81F4, 0x9277, 0x8718, 0x9278, 0x9045,
	0x9279, 0x99B3, 0x927A, 0x7BC9, 0x927B, 0x755C, 0x927C, 0x7AF9,	0x927D, 0x7B51, 0x927E, 0x84C4, 0x9280, 0x9010, 0x9281, 0x79E9,
	0x9282, 0x7A92, 0x9283, 0x8336, 0x9284, 0x5AE1, 0x9285, 0x7740,	0x9286, 0x4E2D, 0x9287, 0x4EF2, 0x9288, 0x5B99, 0x9289, 0x5FE0,
	0x928A, 0x62BD, 0x928B, 0x663C, 0x928C, 0x67F1, 0x928D, 0x6CE8,	0x928E, 0x866B, 0x928F, 0x8877, 0x9290, 0x8A3B, 0x9291, 0x914E,
	0x9292, 0x92F3, 0x9293, 0x99D0, 0x9294, 0x6A17, 0x9295, 0x7026,	0x9296, 0x732A, 0x9297, 0x82E7, 0x9298, 0x8457, 0x9299, 0x8CAF,
	0x929A, 0x4E01, 0x929B, 0x5146, 0x929C, 0x51CB, 0x929D, 0x558B,	0x929E, 0x5BF5, 0x929F, 0x5E16, 0x92A0, 0x5E33, 0x92A1, 0x5E81,
	0x92A2, 0x5F14, 0x92A3, 0x5F35, 0x92A4, 0x5F6B, 0x92A5, 0x5FB4,	0x92A6, 0x61F2, 0x92A7, 0x6311, 0x92A8, 0x66A2, 0x92A9, 0x671D,
	0x92AA, 0x6F6E, 0x92AB, 0x7252, 0x92AC, 0x753A, 0x92AD, 0x773A,	0x92AE, 0x8074, 0x92AF, 0x8139, 0x92B0, 0x8178, 0x92B1, 0x8776,
	0x92B2, 0x8ABF, 0x92B3, 0x8ADC, 0x92B4, 0x8D85, 0x92B5, 0x8DF3,	0x92B6, 0x929A, 0x92B7, 0x9577, 0x92B8, 0x9802, 0x92B9, 0x9CE5,
	0x92BA, 0x52C5, 0x92BB, 0x6357, 0x92BC, 0x76F4, 0x92BD, 0x6715,	0x92BE, 0x6C88, 0x92BF, 0x73CD, 0x92C0, 0x8CC3, 0x92C1, 0x93AE,
	0x92C2, 0x9673, 0x92C3, 0x6D25, 0x92C4, 0x589C, 0x92C5, 0x690E,	0x92C6, 0x69CC, 0x92C7, 0x8FFD, 0x92C8, 0x939A, 0x92C9, 0x75DB,
	0x92CA, 0x901A, 0x92CB, 0x585A, 0x92CC, 0x6802, 0x92CD, 0x63B4,	0x92CE, 0x69FB, 0x92CF, 0x4F43, 0x92D0, 0x6F2C, 0x92D1, 0x67D8,
	0x92D2, 0x8FBB, 0x92D3, 0x8526, 0x92D4, 0x7DB4, 0x92D5, 0x9354,	0x92D6, 0x693F, 0x92D7, 0x6F70, 0x92D8, 0x576A, 0x92D9, 0x58F7,
	0x92DA, 0x5B2C, 0x92DB, 0x7D2C, 0x92DC, 0x722A, 0x92DD, 0x540A,	0x92DE, 0x91E3, 0x92DF, 0x9DB4, 0x92E0, 0x4EAD, 0x92E1, 0x4F4E,
	0x92E2, 0x505C, 0x92E3, 0x5075, 0x92E4, 0x5243, 0x92E5, 0x8C9E,	0x92E6, 0x5448, 0x92E7, 0x5824, 0x92E8, 0x5B9A, 0x92E9, 0x5E1D,
	0x92EA, 0x5E95, 0x92EB, 0x5EAD, 0x92EC, 0x5EF7, 0x92ED, 0x5F1F,	0x92EE, 0x608C, 0x92EF, 0x62B5, 0x92F0, 0x633A, 0x92F1, 0x63D0,
	0x92F2, 0x68AF, 0x92F3, 0x6C40, 0x92F4, 0x7887, 0x92F5, 0x798E,	0x92F6, 0x7A0B, 0x92F7, 0x7DE0, 0x92F8, 0x8247, 0x92F9, 0x8A02,
	0x92FA, 0x8AE6, 0x92FB, 0x8E44, 0x92FC, 0x9013, 0x9340, 0x90B8,	0x9341, 0x912D, 0x9342, 0x91D8, 0x9343, 0x9F0E, 0x9344, 0x6CE5,
	0x9345, 0x6458, 0x9346, 0x64E2, 0x9347, 0x6575, 0x9348, 0x6EF4,	0x9349, 0x7684, 0x934A, 0x7B1B, 0x934B, 0x9069, 0x934C, 0x93D1,
	0x934D, 0x6EBA, 0x934E, 0x54F2, 0x934F, 0x5FB9, 0x9350, 0x64A4,	0x9351, 0x8F4D, 0x9352, 0x8FED, 0x9353, 0x9244, 0x9354, 0x5178,
	0x9355, 0x586B, 0x9356, 0x5929, 0x9357, 0x5C55, 0x9358, 0x5E97,	0x9359, 0x6DFB, 0x935A, 0x7E8F, 0x935B, 0x751C, 0x935C, 0x8CBC,
	0x935D, 0x8EE2, 0x935E, 0x985B, 0x935F, 0x70B9, 0x9360, 0x4F1D,	0x9361, 0x6BBF, 0x9362, 0x6FB1, 0x9363, 0x7530, 0x9364, 0x96FB,
	0x9365, 0x514E, 0x9366, 0x5410, 0x9367, 0x5835, 0x9368, 0x5857,	0x9369, 0x59AC, 0x936A, 0x5C60, 0x936B, 0x5F92, 0x936C, 0x6597,
	0x936D, 0x675C, 0x936E, 0x6E21, 0x936F, 0x767B, 0x9370, 0x83DF,	0x9371, 0x8CED, 0x9372, 0x9014, 0x9373, 0x90FD, 0x9374, 0x934D,
	0x9375, 0x7825, 0x9376, 0x783A, 0x9377, 0x52AA, 0x9378, 0x5EA6,	0x9379, 0x571F, 0x937A, 0x5974, 0x937B, 0x6012, 0x937C, 0x5012,
	0x937D, 0x515A, 0x937E, 0x51AC, 0x9380, 0x51CD, 0x9381, 0x5200,	0x9382, 0x5510, 0x9383, 0x5854, 0x9384, 0x5858, 0x9385, 0x5957,
	0x9386, 0x5B95, 0x9387, 0x5CF6, 0x9388, 0x5D8B, 0x9389, 0x60BC,	0x938A, 0x6295, 0x938B, 0x642D, 0x938C, 0x6771, 0x938D, 0x6843,
	0x938E, 0x68BC, 0x938F, 0x68DF, 0x9390, 0x76D7, 0x9391, 0x6DD8,	0x9392, 0x6E6F, 0x9393, 0x6D9B, 0x9394, 0x706F, 0x9395, 0x71C8,
	0x9396, 0x5F53, 0x9397, 0x75D8, 0x9398, 0x7977, 0x9399, 0x7B49,	0x939A, 0x7B54, 0x939B, 0x7B52, 0x939C, 0x7CD6, 0x939D, 0x7D71,
	0x939E, 0x5230, 0x939F, 0x8463, 0x93A0, 0x8569, 0x93A1, 0x85E4,	0x93A2, 0x8A0E, 0x93A3, 0x8B04, 0x93A4, 0x8C46, 0x93A5, 0x8E0F,
	0x93A6, 0x9003, 0x93A7, 0x900F, 0x93A8, 0x9419, 0x93A9, 0x9676,	0x93AA, 0x982D, 0x93AB, 0x9A30, 0x93AC, 0x95D8, 0x93AD, 0x50CD,
	0x93AE, 0x52D5, 0x93AF, 0x540C, 0x93B0, 0x5802, 0x93B1, 0x5C0E,	0x93B2, 0x61A7, 0x93B3, 0x649E, 0x93B4, 0x6D1E, 0x93B5, 0x77B3,
	0x93B6, 0x7AE5, 0x93B7, 0x80F4, 0x93B8, 0x8404, 0x93B9, 0x9053,	0x93BA, 0x9285, 0x93BB, 0x5CE0, 0x93BC, 0x9D07, 0x93BD, 0x533F,
	0x93BE, 0x5F97, 0x93BF, 0x5FB3, 0x93C0, 0x6D9C, 0x93C1, 0x7279,	0x93C2, 0x7763, 0x93C3, 0x79BF, 0x93C4, 0x7BE4, 0x93C5, 0x6BD2,
	0x93C6, 0x72EC, 0x93C7, 0x8AAD, 0x93C8, 0x6803, 0x93C9, 0x6A61,	0x93CA, 0x51F8, 0x93CB, 0x7A81, 0x93CC, 0x6934, 0x93CD, 0x5C4A,
	0x93CE, 0x9CF6, 0x93CF, 0x82EB, 0x93D0, 0x5BC5, 0x93D1, 0x9149,	0x93D2, 0x701E, 0x93D3, 0x5678, 0x93D4, 0x5C6F, 0x93D5, 0x60C7,
	0x93D6, 0x6566, 0x93D7, 0x6C8C, 0x93D8, 0x8C5A, 0x93D9, 0x9041,	0x93DA, 0x9813, 0x93DB, 0x5451, 0x93DC, 0x66C7, 0x93DD, 0x920D,
	0x93DE, 0x5948, 0x93DF, 0x90A3, 0x93E0, 0x5185, 0x93E1, 0x4E4D,	0x93E2, 0x51EA, 0x93E3, 0x8599, 0x93E4, 0x8B0E, 0x93E5, 0x7058,
	0x93E6, 0x637A, 0x93E7, 0x934B, 0x93E8, 0x6962, 0x93E9, 0x99B4,	0x93EA, 0x7E04, 0x93EB, 0x7577, 0x93EC, 0x5357, 0x93ED, 0x6960,
	0x93EE, 0x8EDF, 0x93EF, 0x96E3, 0x93F0, 0x6C5D, 0x93F1, 0x4E8C,	0x93F2, 0x5C3C, 0x93F3, 0x5F10, 0x93F4, 0x8FE9, 0x93F5, 0x5302,
	0x93F6, 0x8CD1, 0x93F7, 0x8089, 0x93F8, 0x8679, 0x93F9, 0x5EFF,	0x93FA, 0x65E5, 0x93FB, 0x4E73, 0x93FC, 0x5165, 0x9440, 0x5982,
	0x9441, 0x5C3F, 0x9442, 0x97EE, 0x9443, 0x4EFB, 0x9444, 0x598A,	0x9445, 0x5FCD, 0x9446, 0x8A8D, 0x9447, 0x6FE1, 0x9448, 0x79B0,
	0x9449, 0x7962, 0x944A, 0x5BE7, 0x944B, 0x8471, 0x944C, 0x732B,	0x944D, 0x71B1, 0x944E, 0x5E74, 0x944F, 0x5FF5, 0x9450, 0x637B,
	0x9451, 0x649A, 0x9452, 0x71C3, 0x9453, 0x7C98, 0x9454, 0x4E43,	0x9455, 0x5EFC, 0x9456, 0x4E4B, 0x9457, 0x57DC, 0x9458, 0x56A2,
	0x9459, 0x60A9, 0x945A, 0x6FC3, 0x945B, 0x7D0D, 0x945C, 0x80FD,	0x945D, 0x8133, 0x945E, 0x81BF, 0x945F, 0x8FB2, 0x9460, 0x8997,
	0x9461, 0x86A4, 0x9462, 0x5DF4, 0x9463, 0x628A, 0x9464, 0x64AD,	0x9465, 0x8987, 0x9466, 0x6777, 0x9467, 0x6CE2, 0x9468, 0x6D3E,
	0x9469, 0x7436, 0x946A, 0x7834, 0x946B, 0x5A46, 0x946C, 0x7F75,	0x946D, 0x82AD, 0x946E, 0x99AC, 0x946F, 0x4FF3, 0x9470, 0x5EC3,
	0x9471, 0x62DD, 0x9472, 0x6392, 0x9473, 0x6557, 0x9474, 0x676F,	0x9475, 0x76C3, 0x9476, 0x724C, 0x9477, 0x80CC, 0x9478, 0x80BA,
	0x9479, 0x8F29, 0x947A, 0x914D, 0x947B, 0x500D, 0x947C, 0x57F9,	0x947D, 0x5A92, 0x947E, 0x6885, 0x9480, 0x6973, 0x9481, 0x7164,
	0x9482, 0x72FD, 0x9483, 0x8CB7, 0x9484, 0x58F2, 0x9485, 0x8CE0,	0x9486, 0x966A, 0x9487, 0x9019, 0x9488, 0x877F, 0x9489, 0x79E4,
	0x948A, 0x77E7, 0x948B, 0x8429, 0x948C, 0x4F2F, 0x948D, 0x5265,	0x948E, 0x535A, 0x948F, 0x62CD, 0x9490, 0x67CF, 0x9491, 0x6CCA,
	0x9492, 0x767D, 0x9493, 0x7B94, 0x9494, 0x7C95, 0x9495, 0x8236,	0x9496, 0x8584, 0x9497, 0x8FEB, 0x9498, 0x66DD, 0x9499, 0x6F20,
	0x949A, 0x7206, 0x949B, 0x7E1B, 0x949C, 0x83AB, 0x949D, 0x99C1,	0x949E, 0x9EA6, 0x949F, 0x51FD, 0x94A0, 0x7BB1, 0x94A1, 0x7872,
	0x94A2, 0x7BB8, 0x94A3, 0x8087, 0x94A4, 0x7B48, 0x94A5, 0x6AE8,	0x94A6, 0x5E61, 0x94A7, 0x808C, 0x94A8, 0x7551, 0x94A9, 0x7560,
	0x94AA, 0x516B, 0x94AB, 0x9262, 0x94AC, 0x6E8C, 0x94AD, 0x767A,	0x94AE, 0x9197, 0x94AF, 0x9AEA, 0x94B0, 0x4F10, 0x94B1, 0x7F70,
	0x94B2, 0x629C, 0x94B3, 0x7B4F, 0x94B4, 0x95A5, 0x94B5, 0x9CE9,	0x94B6, 0x567A, 0x94B7, 0x5859, 0x94B8, 0x86E4, 0x94B9, 0x96BC,
	0x94BA, 0x4F34, 0x94BB, 0x5224, 0x94BC, 0x534A, 0x94BD, 0x53CD,	0x94BE, 0x53DB, 0x94BF, 0x5E06, 0x94C0, 0x642C, 0x94C1, 0x6591,
	0x94C2, 0x677F, 0x94C3, 0x6C3E, 0x94C4, 0x6C4E, 0x94C5, 0x7248,	0x94C6, 0x72AF, 0x94C7, 0x73ED, 0x94C8, 0x7554, 0x94C9, 0x7E41,
	0x94CA, 0x822C, 0x94CB, 0x85E9, 0x94CC, 0x8CA9, 0x94CD, 0x7BC4,	0x94CE, 0x91C6, 0x94CF, 0x7169, 0x94D0, 0x9812, 0x94D1, 0x98EF,
	0x94D2, 0x633D, 0x94D3, 0x6669, 0x94D4, 0x756A, 0x94D5, 0x76E4,	0x94D6, 0x78D0, 0x94D7, 0x8543, 0x94D8, 0x86EE, 0x94D9, 0x532A,
	0x94DA, 0x5351, 0x94DB, 0x5426, 0x94DC, 0x5983, 0x94DD, 0x5E87,	0x94DE, 0x5F7C, 0x94DF, 0x60B2, 0x94E0, 0x6249, 0x94E1, 0x6279,
	0x94E2, 0x62AB, 0x94E3, 0x6590, 0x94E4, 0x6BD4, 0x94E5, 0x6CCC,	0x94E6, 0x75B2, 0x94E7, 0x76AE, 0x94E8, 0x7891, 0x94E9, 0x79D8,
	0x94EA, 0x7DCB, 0x94EB, 0x7F77, 0x94EC, 0x80A5, 0x94ED, 0x88AB,	0x94EE, 0x8AB9, 0x94EF, 0x8CBB, 0x94F0, 0x907F, 0x94F1, 0x975E,
	0x94F2, 0x98DB, 0x94F3, 0x6A0B, 0x94F4, 0x7C38, 0x94F5, 0x5099,	0x94F6, 0x5C3E, 0x94F7, 0x5FAE, 0x94F8, 0x6787, 0x94F9, 0x6BD8,
	0x94FA, 0x7435, 0x94FB, 0x7709, 0x94FC, 0x7F8E, 0x9540, 0x9F3B,	0x9541, 0x67CA, 0x9542, 0x7A17, 0x9543, 0x5339, 0x9544, 0x758B,
	0x9545, 0x9AED, 0x9546, 0x5F66, 0x9547, 0x819D, 0x9548, 0x83F1,	0x9549, 0x8098, 0x954A, 0x5F3C, 0x954B, 0x5FC5, 0x954C, 0x7562,
	0x954D, 0x7B46, 0x954E, 0x903C, 0x954F, 0x6867, 0x9550, 0x59EB,	0x9551, 0x5A9B, 0x9552, 0x7D10, 0x9553, 0x767E, 0x9554, 0x8B2C,
	0x9555, 0x4FF5, 0x9556, 0x5F6A, 0x9557, 0x6A19, 0x9558, 0x6C37,	0x9559, 0x6F02, 0x955A, 0x74E2, 0x955B, 0x7968, 0x955C, 0x8868,
	0x955D, 0x8A55, 0x955E, 0x8C79, 0x955F, 0x5EDF, 0x9560, 0x63CF,	0x9561, 0x75C5, 0x9562, 0x79D2, 0x9563, 0x82D7, 0x9564, 0x9328,
	0x9565, 0x92F2, 0x9566, 0x849C, 0x9567, 0x86ED, 0x9568, 0x9C2D,	0x9569, 0x54C1, 0x956A, 0x5F6C, 0x956B, 0x658C, 0x956C, 0x6D5C,
	0x956D, 0x7015, 0x956E, 0x8CA7, 0x956F, 0x8CD3, 0x9570, 0x983B,	0x9571, 0x654F, 0x9572, 0x74F6, 0x9573, 0x4E0D, 0x9574, 0x4ED8,
	0x9575, 0x57E0, 0x9576, 0x592B, 0x9577, 0x5A66, 0x9578, 0x5BCC,	0x9579, 0x51A8, 0x957A, 0x5E03, 0x957B, 0x5E9C, 0x957C, 0x6016,
	0x957D, 0x6276, 0x957E, 0x6577, 0x9580, 0x65A7, 0x9581, 0x666E,	0x9582, 0x6D6E, 0x9583, 0x7236, 0x9584, 0x7B26, 0x9585, 0x8150,
	0x9586, 0x819A, 0x9587, 0x8299, 0x9588, 0x8B5C, 0x9589, 0x8CA0,	0x958A, 0x8CE6, 0x958B, 0x8D74, 0x958C, 0x961C, 0x958D, 0x9644,
	0x958E, 0x4FAE, 0x958F, 0x64AB, 0x9590, 0x6B66, 0x9591, 0x821E,	0x9592, 0x8461, 0x9593, 0x856A, 0x9594, 0x90E8, 0x9595, 0x5C01,
	0x9596, 0x6953, 0x9597, 0x98A8, 0x9598, 0x847A, 0x9599, 0x8557,	0x959A, 0x4F0F, 0x959B, 0x526F, 0x959C, 0x5FA9, 0x959D, 0x5E45,
	0x959E, 0x670D, 0x959F, 0x798F, 0x95A0, 0x8179, 0x95A1, 0x8907,	0x95A2, 0x8986, 0x95A3, 0x6DF5, 0x95A4, 0x5F17, 0x95A5, 0x6255,
	0x95A6, 0x6CB8, 0x95A7, 0x4ECF, 0x95A8, 0x7269, 0x95A9, 0x9B92,	0x95AA, 0x5206, 0x95AB, 0x543B, 0x95AC, 0x5674, 0x95AD, 0x58B3,
	0x95AE, 0x61A4, 0x95AF, 0x626E, 0x95B0, 0x711A, 0x95B1, 0x596E,	0x95B2, 0x7C89, 0x95B3, 0x7CDE, 0x95B4, 0x7D1B, 0x95B5, 0x96F0,
	0x95B6, 0x6587, 0x95B7, 0x805E, 0x95B8, 0x4E19, 0x95B9, 0x4F75,	0x95BA, 0x5175, 0x95BB, 0x5840, 0x95BC, 0x5E63, 0x95BD, 0x5E73,
	0x95BE, 0x5F0A, 0x95BF, 0x67C4, 0x95C0, 0x4E26, 0x95C1, 0x853D,	0x95C2, 0x9589, 0x95C3, 0x965B, 0x95C4, 0x7C73, 0x95C5, 0x9801,
	0x95C6, 0x50FB, 0x95C7, 0x58C1, 0x95C8, 0x7656, 0x95C9, 0x78A7,	0x95CA, 0x5225, 0x95CB, 0x77A5, 0x95CC, 0x8511, 0x95CD, 0x7B86,
	0x95CE, 0x504F, 0x95CF, 0x5909, 0x95D0, 0x7247, 0x95D1, 0x7BC7,	0x95D2, 0x7DE8, 0x95D3, 0x8FBA, 0x95D4, 0x8FD4, 0x95D5, 0x904D,
	0x95D6, 0x4FBF, 0x95D7, 0x52C9, 0x95D8, 0x5A29, 0x95D9, 0x5F01,	0x95DA, 0x97AD, 0x95DB, 0x4FDD, 0x95DC, 0x8217, 0x95DD, 0x92EA,
	0x95DE, 0x5703, 0x95DF, 0x6355, 0x95E0, 0x6B69, 0x95E1, 0x752B,	0x95E2, 0x88DC, 0x95E3, 0x8F14, 0x95E4, 0x7A42, 0x95E5, 0x52DF,
	0x95E6, 0x5893, 0x95E7, 0x6155, 0x95E8, 0x620A, 0x95E9, 0x66AE,	0x95EA, 0x6BCD, 0x95EB, 0x7C3F, 0x95EC, 0x83E9, 0x95ED, 0x5023,
	0x95EE, 0x4FF8, 0x95EF, 0x5305, 0x95F0, 0x5446, 0x95F1, 0x5831,	0x95F2, 0x5949, 0x95F3, 0x5B9D, 0x95F4, 0x5CF0, 0x95F5, 0x5CEF,
	0x95F6, 0x5D29, 0x95F7, 0x5E96, 0x95F8, 0x62B1, 0x95F9, 0x6367,	0x95FA, 0x653E, 0x95FB, 0x65B9, 0x95FC, 0x670B, 0x9640, 0x6CD5,
	0x9641, 0x6CE1, 0x9642, 0x70F9, 0x9643, 0x7832, 0x9644, 0x7E2B,	0x9645, 0x80DE, 0x9646, 0x82B3, 0x9647, 0x840C, 0x9648, 0x84EC,
	0x9649, 0x8702, 0x964A, 0x8912, 0x964B, 0x8A2A, 0x964C, 0x8C4A,	0x964D, 0x90A6, 0x964E, 0x92D2, 0x964F, 0x98FD, 0x9650, 0x9CF3,
	0x9651, 0x9D6C, 0x9652, 0x4E4F, 0x9653, 0x4EA1, 0x9654, 0x508D,	0x9655, 0x5256, 0x9656, 0x574A, 0x9657, 0x59A8, 0x9658, 0x5E3D,
	0x9659, 0x5FD8, 0x965A, 0x5FD9, 0x965B, 0x623F, 0x965C, 0x66B4,	0x965D, 0x671B, 0x965E, 0x67D0, 0x965F, 0x68D2, 0x9660, 0x5192,
	0x9661, 0x7D21, 0x9662, 0x80AA, 0x9663, 0x81A8, 0x9664, 0x8B00,	0x9665, 0x8C8C, 0x9666, 0x8CBF, 0x9667, 0x927E, 0x9668, 0x9632,
	0x9669, 0x5420, 0x966A, 0x982C, 0x966B, 0x5317, 0x966C, 0x50D5,	0x966D, 0x535C, 0x966E, 0x58A8, 0x966F, 0x64B2, 0x9670, 0x6734,
	0x9671, 0x7267, 0x9672, 0x7766, 0x9673, 0x7A46, 0x9674, 0x91E6,	0x9675, 0x52C3, 0x9676, 0x6CA1, 0x9677, 0x6B86, 0x9678, 0x5800,
	0x9679, 0x5E4C, 0x967A, 0x5954, 0x967B, 0x672C, 0x967C, 0x7FFB,	0x967D, 0x51E1, 0x967E, 0x76C6, 0x9680, 0x6469, 0x9681, 0x78E8,
	0x9682, 0x9B54, 0x9683, 0x9EBB, 0x9684, 0x57CB, 0x9685, 0x59B9,	0x9686, 0x6627, 0x9687, 0x679A, 0x9688, 0x6BCE, 0x9689, 0x54E9,
	0x968A, 0x69D9, 0x968B, 0x5E55, 0x968C, 0x819C, 0x968D, 0x6795,	0x968E, 0x9BAA, 0x968F, 0x67FE, 0x9690, 0x9C52, 0x9691, 0x685D,
	0x9692, 0x4EA6, 0x9693, 0x4FE3, 0x9694, 0x53C8, 0x9695, 0x62B9,	0x9696, 0x672B, 0x9697, 0x6CAB, 0x9698, 0x8FC4, 0x9699, 0x4FAD,
	0x969A, 0x7E6D, 0x969B, 0x9EBF, 0x969C, 0x4E07, 0x969D, 0x6162,	0x969E, 0x6E80, 0x969F, 0x6F2B, 0x96A0, 0x8513, 0x96A1, 0x5473,
	0x96A2, 0x672A, 0x96A3, 0x9B45, 0x96A4, 0x5DF3, 0x96A5, 0x7B95,	0x96A6, 0x5CAC, 0x96A7, 0x5BC6, 0x96A8, 0x871C, 0x96A9, 0x6E4A,
	0x96AA, 0x84D1, 0x96AB, 0x7A14, 0x96AC, 0x8108, 0x96AD, 0x5999,	0x96AE, 0x7C8D, 0x96AF, 0x6C11, 0x96B0, 0x7720, 0x96B1, 0x52D9,
	0x96B2, 0x5922, 0x96B3, 0x7121, 0x96B4, 0x725F, 0x96B5, 0x77DB,	0x96B6, 0x9727, 0x96B7, 0x9D61, 0x96B8, 0x690B, 0x96B9, 0x5A7F,
	0x96BA, 0x5A18, 0x96BB, 0x51A5, 0x96BC, 0x540D, 0x96BD, 0x547D,	0x96BE, 0x660E, 0x96BF, 0x76DF, 0x96C0, 0x8FF7, 0x96C1, 0x9298,
	0x96C2, 0x9CF4, 0x96C3, 0x59EA, 0x96C4, 0x725D, 0x96C5, 0x6EC5,	0x96C6, 0x514D, 0x96C7, 0x68C9, 0x96C8, 0x7DBF, 0x96C9, 0x7DEC,
	0x96CA, 0x9762, 0x96CB, 0x9EBA, 0x96CC, 0x6478, 0x96CD, 0x6A21,	0x96CE, 0x8302, 0x96CF, 0x5984, 0x96D0, 0x5B5F, 0x96D1, 0x6BDB,
	0x96D2, 0x731B, 0x96D3, 0x76F2, 0x96D4, 0x7DB2, 0x96D5, 0x8017,	0x96D6, 0x8499, 0x96D7, 0x5132, 0x96D8, 0x6728, 0x96D9, 0x9ED9,
	0x96DA, 0x76EE, 0x96DB, 0x6762, 0x96DC, 0x52FF, 0x96DD, 0x9905,	0x96DE, 0x5C24, 0x96DF, 0x623B, 0x96E0, 0x7C7E, 0x96E1, 0x8CB0,
	0x96E2, 0x554F, 0x96E3, 0x60B6, 0x96E4, 0x7D0B, 0x96E5, 0x9580,	0x96E6, 0x5301, 0x96E7, 0x4E5F, 0x96E8, 0x51B6, 0x96E9, 0x591C,
	0x96EA, 0x723A, 0x96EB, 0x8036, 0x96EC, 0x91CE, 0x96ED, 0x5F25,	0x96EE, 0x77E2, 0x96EF, 0x5384, 0x96F0, 0x5F79, 0x96F1, 0x7D04,
	0x96F2, 0x85AC, 0x96F3, 0x8A33, 0x96F4, 0x8E8D, 0x96F5, 0x9756,	0x96F6, 0x67F3, 0x96F7, 0x85AE, 0x96F8, 0x9453, 0x96F9, 0x6109,
	0x96FA, 0x6108, 0x96FB, 0x6CB9, 0x96FC, 0x7652, 0x9740, 0x8AED,	0x9741, 0x8F38, 0x9742, 0x552F, 0x9743, 0x4F51, 0x9744, 0x512A,
	0x9745, 0x52C7, 0x9746, 0x53CB, 0x9747, 0x5BA5, 0x9748, 0x5E7D,	0x9749, 0x60A0, 0x974A, 0x6182, 0x974B, 0x63D6, 0x974C, 0x6709,
	0x974D, 0x67DA, 0x974E, 0x6E67, 0x974F, 0x6D8C, 0x9750, 0x7336,	0x9751, 0x7337, 0x9752, 0x7531, 0x9753, 0x7950, 0x9754, 0x88D5,
	0x9755, 0x8A98, 0x9756, 0x904A, 0x9757, 0x9091, 0x9758, 0x90F5,	0x9759, 0x96C4, 0x975A, 0x878D, 0x975B, 0x5915, 0x975C, 0x4E88,
	0x975D, 0x4F59, 0x975E, 0x4E0E, 0x975F, 0x8A89, 0x9760, 0x8F3F,	0x9761, 0x9810, 0x9762, 0x50AD, 0x9763, 0x5E7C, 0x9764, 0x5996,
	0x9765, 0x5BB9, 0x9766, 0x5EB8, 0x9767, 0x63DA, 0x9768, 0x63FA,	0x9769, 0x64C1, 0x976A, 0x66DC, 0x976B, 0x694A, 0x976C, 0x69D8,
	0x976D, 0x6D0B, 0x976E, 0x6EB6, 0x976F, 0x7194, 0x9770, 0x7528,	0x9771, 0x7AAF, 0x9772, 0x7F8A, 0x9773, 0x8000, 0x9774, 0x8449,
	0x9775, 0x84C9, 0x9776, 0x8981, 0x9777, 0x8B21, 0x9778, 0x8E0A,	0x9779, 0x9065, 0x977A, 0x967D, 0x977B, 0x990A, 0x977C, 0x617E,
	0x977D, 0x6291, 0x977E, 0x6B32, 0x9780, 0x6C83, 0x9781, 0x6D74,	0x9782, 0x7FCC, 0x9783, 0x7FFC, 0x9784, 0x6DC0, 0x9785, 0x7F85,
	0x9786, 0x87BA, 0x9787, 0x88F8, 0x9788, 0x6765, 0x9789, 0x83B1,	0x978A, 0x983C, 0x978B, 0x96F7, 0x978C, 0x6D1B, 0x978D, 0x7D61,
	0x978E, 0x843D, 0x978F, 0x916A, 0x9790, 0x4E71, 0x9791, 0x5375,	0x9792, 0x5D50, 0x9793, 0x6B04, 0x9794, 0x6FEB, 0x9795, 0x85CD,
	0x9796, 0x862D, 0x9797, 0x89A7, 0x9798, 0x5229, 0x9799, 0x540F,	0x979A, 0x5C65, 0x979B, 0x674E, 0x979C, 0x68A8, 0x979D, 0x7406,
	0x979E, 0x7483, 0x979F, 0x75E2, 0x97A0, 0x88CF, 0x97A1, 0x88E1,	0x97A2, 0x91CC, 0x97A3, 0x96E2, 0x97A4, 0x9678, 0x97A5, 0x5F8B,
	0x97A6, 0x7387, 0x97A7, 0x7ACB, 0x97A8, 0x844E, 0x97A9, 0x63A0,	0x97AA, 0x7565, 0x97AB, 0x5289, 0x97AC, 0x6D41, 0x97AD, 0x6E9C,
	0x97AE, 0x7409, 0x97AF, 0x7559, 0x97B0, 0x786B, 0x97B1, 0x7C92,	0x97B2, 0x9686, 0x97B3, 0x7ADC, 0x97B4, 0x9F8D, 0x97B5, 0x4FB6,
	0x97B6, 0x616E, 0x97B7, 0x65C5, 0x97B8, 0x865C, 0x97B9, 0x4E86,	0x97BA, 0x4EAE, 0x97BB, 0x50DA, 0x97BC, 0x4E21, 0x97BD, 0x51CC,
	0x97BE, 0x5BEE, 0x97BF, 0x6599, 0x97C0, 0x6881, 0x97C1, 0x6DBC,	0x97C2, 0x731F, 0x97C3, 0x7642, 0x97C4, 0x77AD, 0x97C5, 0x7A1C,
	0x97C6, 0x7CE7, 0x97C7, 0x826F, 0x97C8, 0x8AD2, 0x97C9, 0x907C,	0x97CA, 0x91CF, 0x97CB, 0x9675, 0x97CC, 0x9818, 0x97CD, 0x529B,
	0x97CE, 0x7DD1, 0x97CF, 0x502B, 0x97D0, 0x5398, 0x97D1, 0x6797,	0x97D2, 0x6DCB, 0x97D3, 0x71D0, 0x97D4, 0x7433, 0x97D5, 0x81E8,
	0x97D6, 0x8F2A, 0x97D7, 0x96A3, 0x97D8, 0x9C57, 0x97D9, 0x9E9F,	0x97DA, 0x7460, 0x97DB, 0x5841, 0x97DC, 0x6D99, 0x97DD, 0x7D2F,
	0x97DE, 0x985E, 0x97DF, 0x4EE4, 0x97E0, 0x4F36, 0x97E1, 0x4F8B,	0x97E2, 0x51B7, 0x97E3, 0x52B1, 0x97E4, 0x5DBA, 0x97E5, 0x601C,
	0x97E6, 0x73B2, 0x97E7, 0x793C, 0x97E8, 0x82D3, 0x97E9, 0x9234,	0x97EA, 0x96B7, 0x97EB, 0x96F6, 0x97EC, 0x970A, 0x97ED, 0x9E97,
	0x97EE, 0x9F62, 0x97EF, 0x66A6, 0x97F0, 0x6B74, 0x97F1, 0x5217,	0x97F2, 0x52A3, 0x97F3, 0x70C8, 0x97F4, 0x88C2, 0x97F5, 0x5EC9,
	0x97F6, 0x604B, 0x97F7, 0x6190, 0x97F8, 0x6F23, 0x97F9, 0x7149,	0x97FA, 0x7C3E, 0x97FB, 0x7DF4, 0x97FC, 0x806F, 0x9840, 0x84EE,
	0x9841, 0x9023, 0x9842, 0x932C, 0x9843, 0x5442, 0x9844, 0x9B6F,	0x9845, 0x6AD3, 0x9846, 0x7089, 0x9847, 0x8CC2, 0x9848, 0x8DEF,
	0x9849, 0x9732, 0x984A, 0x52B4, 0x984B, 0x5A41, 0x984C, 0x5ECA,	0x984D, 0x5F04, 0x984E, 0x6717, 0x984F, 0x697C, 0x9850, 0x6994,
	0x9851, 0x6D6A, 0x9852, 0x6F0F, 0x9853, 0x7262, 0x9854, 0x72FC,	0x9855, 0x7BED, 0x9856, 0x8001, 0x9857, 0x807E, 0x9858, 0x874B,
	0x9859, 0x90CE, 0x985A, 0x516D, 0x985B, 0x9E93, 0x985C, 0x7984,	0x985D, 0x808B, 0x985E, 0x9332, 0x985F, 0x8AD6, 0x9860, 0x502D,
	0x9861, 0x548C, 0x9862, 0x8A71, 0x9863, 0x6B6A, 0x9864, 0x8CC4,	0x9865, 0x8107, 0x9866, 0x60D1, 0x9867, 0x67A0, 0x9868, 0x9DF2,
	0x9869, 0x4E99, 0x986A, 0x4E98, 0x986B, 0x9C10, 0x986C, 0x8A6B,	0x986D, 0x85C1, 0x986E, 0x8568, 0x986F, 0x6900, 0x9870, 0x6E7E,
	0x9871, 0x7897, 0x9872, 0x8155, 0x989F, 0x5F0C, 0x98A0, 0x4E10,	0x98A1, 0x4E15, 0x98A2, 0x4E2A, 0x98A3, 0x4E31, 0x98A4, 0x4E36,
	0x98A5, 0x4E3C, 0x98A6, 0x4E3F, 0x98A7, 0x4E42, 0x98A8, 0x4E56,	0x98A9, 0x4E58, 0x98AA, 0x4E82, 0x98AB, 0x4E85, 0x98AC, 0x8C6B,
	0x98AD, 0x4E8A, 0x98AE, 0x8212, 0x98AF, 0x5F0D, 0x98B0, 0x4E8E,	0x98B1, 0x4E9E, 0x98B2, 0x4E9F, 0x98B3, 0x4EA0, 0x98B4, 0x4EA2,
	0x98B5, 0x4EB0, 0x98B6, 0x4EB3, 0x98B7, 0x4EB6, 0x98B8, 0x4ECE,	0x98B9, 0x4ECD, 0x98BA, 0x4EC4, 0x98BB, 0x4EC6, 0x98BC, 0x4EC2,
	0x98BD, 0x4ED7, 0x98BE, 0x4EDE, 0x98BF, 0x4EED, 0x98C0, 0x4EDF,	0x98C1, 0x4EF7, 0x98C2, 0x4F09, 0x98C3, 0x4F5A, 0x98C4, 0x4F30,
	0x98C5, 0x4F5B, 0x98C6, 0x4F5D, 0x98C7, 0x4F57, 0x98C8, 0x4F47,	0x98C9, 0x4F76, 0x98CA, 0x4F88, 0x98CB, 0x4F8F, 0x98CC, 0x4F98,
	0x98CD, 0x4F7B, 0x98CE, 0x4F69, 0x98CF, 0x4F70, 0x98D0, 0x4F91,	0x98D1, 0x4F6F, 0x98D2, 0x4F86, 0x98D3, 0x4F96, 0x98D4, 0x5118,
	0x98D5, 0x4FD4, 0x98D6, 0x4FDF, 0x98D7, 0x4FCE, 0x98D8, 0x4FD8,	0x98D9, 0x4FDB, 0x98DA, 0x4FD1, 0x98DB, 0x4FDA, 0x98DC, 0x4FD0,
	0x98DD, 0x4FE4, 0x98DE, 0x4FE5, 0x98DF, 0x501A, 0x98E0, 0x5028,	0x98E1, 0x5014, 0x98E2, 0x502A, 0x98E3, 0x5025, 0x98E4, 0x5005,
	0x98E5, 0x4F1C, 0x98E6, 0x4FF6, 0x98E7, 0x5021, 0x98E8, 0x5029,	0x98E9, 0x502C, 0x98EA, 0x4FFE, 0x98EB, 0x4FEF, 0x98EC, 0x5011,
	0x98ED, 0x5006, 0x98EE, 0x5043, 0x98EF, 0x5047, 0x98F0, 0x6703,	0x98F1, 0x5055, 0x98F2, 0x5050, 0x98F3, 0x5048, 0x98F4, 0x505A,
	0x98F5, 0x5056, 0x98F6, 0x506C, 0x98F7, 0x5078, 0x98F8, 0x5080,	0x98F9, 0x509A, 0x98FA, 0x5085, 0x98FB, 0x50B4, 0x98FC, 0x50B2,
	0x9940, 0x50C9, 0x9941, 0x50CA, 0x9942, 0x50B3, 0x9943, 0x50C2,	0x9944, 0x50D6, 0x9945, 0x50DE, 0x9946, 0x50E5, 0x9947, 0x50ED,
	0x9948, 0x50E3, 0x9949, 0x50EE, 0x994A, 0x50F9, 0x994B, 0x50F5,	0x994C, 0x5109, 0x994D, 0x5101, 0x994E, 0x5102, 0x994F, 0x5116,
	0x9950, 0x5115, 0x9951, 0x5114, 0x9952, 0x511A, 0x9953, 0x5121,	0x9954, 0x513A, 0x9955, 0x5137, 0x9956, 0x513C, 0x9957, 0x513B,
	0x9958, 0x513F, 0x9959, 0x5140, 0x995A, 0x5152, 0x995B, 0x514C,	0x995C, 0x5154, 0x995D, 0x5162, 0x995E, 0x7AF8, 0x995F, 0x5169,
	0x9960, 0x516A, 0x9961, 0x516E, 0x9962, 0x5180, 0x9963, 0x5182,	0x9964, 0x56D8, 0x9965, 0x518C, 0x9966, 0x5189, 0x9967, 0x518F,
	0x9968, 0x5191, 0x9969, 0x5193, 0x996A, 0x5195, 0x996B, 0x5196,	0x996C, 0x51A4, 0x996D, 0x51A6, 0x996E, 0x51A2, 0x996F, 0x51A9,
	0x9970, 0x51AA, 0x9971, 0x51AB, 0x9972, 0x51B3, 0x9973, 0x51B1,	0x9974, 0x51B2, 0x9975, 0x51B0, 0x9976, 0x51B5, 0x9977, 0x51BD,
	0x9978, 0x51C5, 0x9979, 0x51C9, 0x997A, 0x51DB, 0x997B, 0x51E0,	0x997C, 0x8655, 0x997D, 0x51E9, 0x997E, 0x51ED, 0x9980, 0x51F0,
	0x9981, 0x51F5, 0x9982, 0x51FE, 0x9983, 0x5204, 0x9984, 0x520B,	0x9985, 0x5214, 0x9986, 0x520E, 0x9987, 0x5227, 0x9988, 0x522A,
	0x9989, 0x522E, 0x998A, 0x5233, 0x998B, 0x5239, 0x998C, 0x524F,	0x998D, 0x5244, 0x998E, 0x524B, 0x998F, 0x524C, 0x9990, 0x525E,
	0x9991, 0x5254, 0x9992, 0x526A, 0x9993, 0x5274, 0x9994, 0x5269,	0x9995, 0x5273, 0x9996, 0x527F, 0x9997, 0x527D, 0x9998, 0x528D,
	0x9999, 0x5294, 0x999A, 0x5292, 0x999B, 0x5271, 0x999C, 0x5288,	0x999D, 0x5291, 0x999E, 0x8FA8, 0x999F, 0x8FA7, 0x99A0, 0x52AC,
	0x99A1, 0x52AD, 0x99A2, 0x52BC, 0x99A3, 0x52B5, 0x99A4, 0x52C1,	0x99A5, 0x52CD, 0x99A6, 0x52D7, 0x99A7, 0x52DE, 0x99A8, 0x52E3,
	0x99A9, 0x52E6, 0x99AA, 0x98ED, 0x99AB, 0x52E0, 0x99AC, 0x52F3,	0x99AD, 0x52F5, 0x99AE, 0x52F8, 0x99AF, 0x52F9, 0x99B0, 0x5306,
	0x99B1, 0x5308, 0x99B2, 0x7538, 0x99B3, 0x530D, 0x99B4, 0x5310,	0x99B5, 0x530F, 0x99B6, 0x5315, 0x99B7, 0x531A, 0x99B8, 0x5323,
	0x99B9, 0x532F, 0x99BA, 0x5331, 0x99BB, 0x5333, 0x99BC, 0x5338,	0x99BD, 0x5340, 0x99BE, 0x5346, 0x99BF, 0x5345, 0x99C0, 0x4E17,
	0x99C1, 0x5349, 0x99C2, 0x534D, 0x99C3, 0x51D6, 0x99C4, 0x535E,	0x99C5, 0x5369, 0x99C6, 0x536E, 0x99C7, 0x5918, 0x99C8, 0x537B,
	0x99C9, 0x5377, 0x99CA, 0x5382, 0x99CB, 0x5396, 0x99CC, 0x53A0,	0x99CD, 0x53A6, 0x99CE, 0x53A5, 0x99CF, 0x53AE, 0x99D0, 0x53B0,
	0x99D1, 0x53B6, 0x99D2, 0x53C3, 0x99D3, 0x7C12, 0x99D4, 0x96D9,	0x99D5, 0x53DF, 0x99D6, 0x66FC, 0x99D7, 0x71EE, 0x99D8, 0x53EE,
	0x99D9, 0x53E8, 0x99DA, 0x53ED, 0x99DB, 0x53FA, 0x99DC, 0x5401,	0x99DD, 0x543D, 0x99DE, 0x5440, 0x99DF, 0x542C, 0x99E0, 0x542D,
	0x99E1, 0x543C, 0x99E2, 0x542E, 0x99E3, 0x5436, 0x99E4, 0x5429,	0x99E5, 0x541D, 0x99E6, 0x544E, 0x99E7, 0x548F, 0x99E8, 0x5475,
	0x99E9, 0x548E, 0x99EA, 0x545F, 0x99EB, 0x5471, 0x99EC, 0x5477,	0x99ED, 0x5470, 0x99EE, 0x5492, 0x99EF, 0x547B, 0x99F0, 0x5480,
	0x99F1, 0x5476, 0x99F2, 0x5484, 0x99F3, 0x5490, 0x99F4, 0x5486,	0x99F5, 0x54C7, 0x99F6, 0x54A2, 0x99F7, 0x54B8, 0x99F8, 0x54A5,
	0x99F9, 0x54AC, 0x99FA, 0x54C4, 0x99FB, 0x54C8, 0x99FC, 0x54A8,	0x9A40, 0x54AB, 0x9A41, 0x54C2, 0x9A42, 0x54A4, 0x9A43, 0x54BE,
	0x9A44, 0x54BC, 0x9A45, 0x54D8, 0x9A46, 0x54E5, 0x9A47, 0x54E6,	0x9A48, 0x550F, 0x9A49, 0x5514, 0x9A4A, 0x54FD, 0x9A4B, 0x54EE,
	0x9A4C, 0x54ED, 0x9A4D, 0x54FA, 0x9A4E, 0x54E2, 0x9A4F, 0x5539,	0x9A50, 0x5540, 0x9A51, 0x5563, 0x9A52, 0x554C, 0x9A53, 0x552E,
	0x9A54, 0x555C, 0x9A55, 0x5545, 0x9A56, 0x5556, 0x9A57, 0x5557,	0x9A58, 0x5538, 0x9A59, 0x5533, 0x9A5A, 0x555D, 0x9A5B, 0x5599,
	0x9A5C, 0x5580, 0x9A5D, 0x54AF, 0x9A5E, 0x558A, 0x9A5F, 0x559F,	0x9A60, 0x557B, 0x9A61, 0x557E, 0x9A62, 0x5598, 0x9A63, 0x559E,
	0x9A64, 0x55AE, 0x9A65, 0x557C, 0x9A66, 0x5583, 0x9A67, 0x55A9,	0x9A68, 0x5587, 0x9A69, 0x55A8, 0x9A6A, 0x55DA, 0x9A6B, 0x55C5,
	0x9A6C, 0x55DF, 0x9A6D, 0x55C4, 0x9A6E, 0x55DC, 0x9A6F, 0x55E4,	0x9A70, 0x55D4, 0x9A71, 0x5614, 0x9A72, 0x55F7, 0x9A73, 0x5616,
	0x9A74, 0x55FE, 0x9A75, 0x55FD, 0x9A76, 0x561B, 0x9A77, 0x55F9,	0x9A78, 0x564E, 0x9A79, 0x5650, 0x9A7A, 0x71DF, 0x9A7B, 0x5634,
	0x9A7C, 0x5636, 0x9A7D, 0x5632, 0x9A7E, 0x5638, 0x9A80, 0x566B,	0x9A81, 0x5664, 0x9A82, 0x562F, 0x9A83, 0x566C, 0x9A84, 0x566A,
	0x9A85, 0x5686, 0x9A86, 0x5680, 0x9A87, 0x568A, 0x9A88, 0x56A0,	0x9A89, 0x5694, 0x9A8A, 0x568F, 0x9A8B, 0x56A5, 0x9A8C, 0x56AE,
	0x9A8D, 0x56B6, 0x9A8E, 0x56B4, 0x9A8F, 0x56C2, 0x9A90, 0x56BC,	0x9A91, 0x56C1, 0x9A92, 0x56C3, 0x9A93, 0x56C0, 0x9A94, 0x56C8,
	0x9A95, 0x56CE, 0x9A96, 0x56D1, 0x9A97, 0x56D3, 0x9A98, 0x56D7,	0x9A99, 0x56EE, 0x9A9A, 0x56F9, 0x9A9B, 0x5700, 0x9A9C, 0x56FF,
	0x9A9D, 0x5704, 0x9A9E, 0x5709, 0x9A9F, 0x5708, 0x9AA0, 0x570B,	0x9AA1, 0x570D, 0x9AA2, 0x5713, 0x9AA3, 0x5718, 0x9AA4, 0x5716,
	0x9AA5, 0x55C7, 0x9AA6, 0x571C, 0x9AA7, 0x5726, 0x9AA8, 0x5737,	0x9AA9, 0x5738, 0x9AAA, 0x574E, 0x9AAB, 0x573B, 0x9AAC, 0x5740,
	0x9AAD, 0x574F, 0x9AAE, 0x5769, 0x9AAF, 0x57C0, 0x9AB0, 0x5788,	0x9AB1, 0x5761, 0x9AB2, 0x577F, 0x9AB3, 0x5789, 0x9AB4, 0x5793,
	0x9AB5, 0x57A0, 0x9AB6, 0x57B3, 0x9AB7, 0x57A4, 0x9AB8, 0x57AA,	0x9AB9, 0x57B0, 0x9ABA, 0x57C3, 0x9ABB, 0x57C6, 0x9ABC, 0x57D4,
	0x9ABD, 0x57D2, 0x9ABE, 0x57D3, 0x9ABF, 0x580A, 0x9AC0, 0x57D6,	0x9AC1, 0x57E3, 0x9AC2, 0x580B, 0x9AC3, 0x5819, 0x9AC4, 0x581D,
	0x9AC5, 0x5872, 0x9AC6, 0x5821, 0x9AC7, 0x5862, 0x9AC8, 0x584B,	0x9AC9, 0x5870, 0x9ACA, 0x6BC0, 0x9ACB, 0x5852, 0x9ACC, 0x583D,
	0x9ACD, 0x5879, 0x9ACE, 0x5885, 0x9ACF, 0x58B9, 0x9AD0, 0x589F,	0x9AD1, 0x58AB, 0x9AD2, 0x58BA, 0x9AD3, 0x58DE, 0x9AD4, 0x58BB,
	0x9AD5, 0x58B8, 0x9AD6, 0x58AE, 0x9AD7, 0x58C5, 0x9AD8, 0x58D3,	0x9AD9, 0x58D1, 0x9ADA, 0x58D7, 0x9ADB, 0x58D9, 0x9ADC, 0x58D8,
	0x9ADD, 0x58E5, 0x9ADE, 0x58DC, 0x9ADF, 0x58E4, 0x9AE0, 0x58DF,	0x9AE1, 0x58EF, 0x9AE2, 0x58FA, 0x9AE3, 0x58F9, 0x9AE4, 0x58FB,
	0x9AE5, 0x58FC, 0x9AE6, 0x58FD, 0x9AE7, 0x5902, 0x9AE8, 0x590A,	0x9AE9, 0x5910, 0x9AEA, 0x591B, 0x9AEB, 0x68A6, 0x9AEC, 0x5925,
	0x9AED, 0x592C, 0x9AEE, 0x592D, 0x9AEF, 0x5932, 0x9AF0, 0x5938,	0x9AF1, 0x593E, 0x9AF2, 0x7AD2, 0x9AF3, 0x5955, 0x9AF4, 0x5950,
	0x9AF5, 0x594E, 0x9AF6, 0x595A, 0x9AF7, 0x5958, 0x9AF8, 0x5962,	0x9AF9, 0x5960, 0x9AFA, 0x5967, 0x9AFB, 0x596C, 0x9AFC, 0x5969,
	0x9B40, 0x5978, 0x9B41, 0x5981, 0x9B42, 0x599D, 0x9B43, 0x4F5E,	0x9B44, 0x4FAB, 0x9B45, 0x59A3, 0x9B46, 0x59B2, 0x9B47, 0x59C6,
	0x9B48, 0x59E8, 0x9B49, 0x59DC, 0x9B4A, 0x598D, 0x9B4B, 0x59D9,	0x9B4C, 0x59DA, 0x9B4D, 0x5A25, 0x9B4E, 0x5A1F, 0x9B4F, 0x5A11,
	0x9B50, 0x5A1C, 0x9B51, 0x5A09, 0x9B52, 0x5A1A, 0x9B53, 0x5A40,	0x9B54, 0x5A6C, 0x9B55, 0x5A49, 0x9B56, 0x5A35, 0x9B57, 0x5A36,
	0x9B58, 0x5A62, 0x9B59, 0x5A6A, 0x9B5A, 0x5A9A, 0x9B5B, 0x5ABC,	0x9B5C, 0x5ABE, 0x9B5D, 0x5ACB, 0x9B5E, 0x5AC2, 0x9B5F, 0x5ABD,
	0x9B60, 0x5AE3, 0x9B61, 0x5AD7, 0x9B62, 0x5AE6, 0x9B63, 0x5AE9,	0x9B64, 0x5AD6, 0x9B65, 0x5AFA, 0x9B66, 0x5AFB, 0x9B67, 0x5B0C,
	0x9B68, 0x5B0B, 0x9B69, 0x5B16, 0x9B6A, 0x5B32, 0x9B6B, 0x5AD0,	0x9B6C, 0x5B2A, 0x9B6D, 0x5B36, 0x9B6E, 0x5B3E, 0x9B6F, 0x5B43,
	0x9B70, 0x5B45, 0x9B71, 0x5B40, 0x9B72, 0x5B51, 0x9B73, 0x5B55,	0x9B74, 0x5B5A, 0x9B75, 0x5B5B, 0x9B76, 0x5B65, 0x9B77, 0x5B69,
	0x9B78, 0x5B70, 0x9B79, 0x5B73, 0x9B7A, 0x5B75, 0x9B7B, 0x5B78,	0x9B7C, 0x6588, 0x9B7D, 0x5B7A, 0x9B7E, 0x5B80, 0x9B80, 0x5B83,
	0x9B81, 0x5BA6, 0x9B82, 0x5BB8, 0x9B83, 0x5BC3, 0x9B84, 0x5BC7,	0x9B85, 0x5BC9, 0x9B86, 0x5BD4, 0x9B87, 0x5BD0, 0x9B88, 0x5BE4,
	0x9B89, 0x5BE6, 0x9B8A, 0x5BE2, 0x9B8B, 0x5BDE, 0x9B8C, 0x5BE5,	0x9B8D, 0x5BEB, 0x9B8E, 0x5BF0, 0x9B8F, 0x5BF6, 0x9B90, 0x5BF3,
	0x9B91, 0x5C05, 0x9B92, 0x5C07, 0x9B93, 0x5C08, 0x9B94, 0x5C0D,	0x9B95, 0x5C13, 0x9B96, 0x5C20, 0x9B97, 0x5C22, 0x9B98, 0x5C28,
	0x9B99, 0x5C38, 0x9B9A, 0x5C39, 0x9B9B, 0x5C41, 0x9B9C, 0x5C46,	0x9B9D, 0x5C4E, 0x9B9E, 0x5C53, 0x9B9F, 0x5C50, 0x9BA0, 0x5C4F,
	0x9BA1, 0x5B71, 0x9BA2, 0x5C6C, 0x9BA3, 0x5C6E, 0x9BA4, 0x4E62,	0x9BA5, 0x5C76, 0x9BA6, 0x5C79, 0x9BA7, 0x5C8C, 0x9BA8, 0x5C91,
	0x9BA9, 0x5C94, 0x9BAA, 0x599B, 0x9BAB, 0x5CAB, 0x9BAC, 0x5CBB,	0x9BAD, 0x5CB6, 0x9BAE, 0x5CBC, 0x9BAF, 0x5CB7, 0x9BB0, 0x5CC5,
	0x9BB1, 0x5CBE, 0x9BB2, 0x5CC7, 0x9BB3, 0x5CD9, 0x9BB4, 0x5CE9,	0x9BB5, 0x5CFD, 0x9BB6, 0x5CFA, 0x9BB7, 0x5CED, 0x9BB8, 0x5D8C,
	0x9BB9, 0x5CEA, 0x9BBA, 0x5D0B, 0x9BBB, 0x5D15, 0x9BBC, 0x5D17,	0x9BBD, 0x5D5C, 0x9BBE, 0x5D1F, 0x9BBF, 0x5D1B, 0x9BC0, 0x5D11,
	0x9BC1, 0x5D14, 0x9BC2, 0x5D22, 0x9BC3, 0x5D1A, 0x9BC4, 0x5D19,	0x9BC5, 0x5D18, 0x9BC6, 0x5D4C, 0x9BC7, 0x5D52, 0x9BC8, 0x5D4E,
	0x9BC9, 0x5D4B, 0x9BCA, 0x5D6C, 0x9BCB, 0x5D73, 0x9BCC, 0x5D76,	0x9BCD, 0x5D87, 0x9BCE, 0x5D84, 0x9BCF, 0x5D82, 0x9BD0, 0x5DA2,
	0x9BD1, 0x5D9D, 0x9BD2, 0x5DAC, 0x9BD3, 0x5DAE, 0x9BD4, 0x5DBD,	0x9BD5, 0x5D90, 0x9BD6, 0x5DB7, 0x9BD7, 0x5DBC, 0x9BD8, 0x5DC9,
	0x9BD9, 0x5DCD, 0x9BDA, 0x5DD3, 0x9BDB, 0x5DD2, 0x9BDC, 0x5DD6,	0x9BDD, 0x5DDB, 0x9BDE, 0x5DEB, 0x9BDF, 0x5DF2, 0x9BE0, 0x5DF5,
	0x9BE1, 0x5E0B, 0x9BE2, 0x5E1A, 0x9BE3, 0x5E19, 0x9BE4, 0x5E11,	0x9BE5, 0x5E1B, 0x9BE6, 0x5E36, 0x9BE7, 0x5E37, 0x9BE8, 0x5E44,
	0x9BE9, 0x5E43, 0x9BEA, 0x5E40, 0x9BEB, 0x5E4E, 0x9BEC, 0x5E57,	0x9BED, 0x5E54, 0x9BEE, 0x5E5F, 0x9BEF, 0x5E62, 0x9BF0, 0x5E64,
	0x9BF1, 0x5E47, 0x9BF2, 0x5E75, 0x9BF3, 0x5E76, 0x9BF4, 0x5E7A,	0x9BF5, 0x9EBC, 0x9BF6, 0x5E7F, 0x9BF7, 0x5EA0, 0x9BF8, 0x5EC1,
	0x9BF9, 0x5EC2, 0x9BFA, 0x5EC8, 0x9BFB, 0x5ED0, 0x9BFC, 0x5ECF,	0x9C40, 0x5ED6, 0x9C41, 0x5EE3, 0x9C42, 0x5EDD, 0x9C43, 0x5EDA,
	0x9C44, 0x5EDB, 0x9C45, 0x5EE2, 0x9C46, 0x5EE1, 0x9C47, 0x5EE8,	0x9C48, 0x5EE9, 0x9C49, 0x5EEC, 0x9C4A, 0x5EF1, 0x9C4B, 0x5EF3,
	0x9C4C, 0x5EF0, 0x9C4D, 0x5EF4, 0x9C4E, 0x5EF8, 0x9C4F, 0x5EFE,	0x9C50, 0x5F03, 0x9C51, 0x5F09, 0x9C52, 0x5F5D, 0x9C53, 0x5F5C,
	0x9C54, 0x5F0B, 0x9C55, 0x5F11, 0x9C56, 0x5F16, 0x9C57, 0x5F29,	0x9C58, 0x5F2D, 0x9C59, 0x5F38, 0x9C5A, 0x5F41, 0x9C5B, 0x5F48,
	0x9C5C, 0x5F4C, 0x9C5D, 0x5F4E, 0x9C5E, 0x5F2F, 0x9C5F, 0x5F51,	0x9C60, 0x5F56, 0x9C61, 0x5F57, 0x9C62, 0x5F59, 0x9C63, 0x5F61,
	0x9C64, 0x5F6D, 0x9C65, 0x5F73, 0x9C66, 0x5F77, 0x9C67, 0x5F83,	0x9C68, 0x5F82, 0x9C69, 0x5F7F, 0x9C6A, 0x5F8A, 0x9C6B, 0x5F88,
	0x9C6C, 0x5F91, 0x9C6D, 0x5F87, 0x9C6E, 0x5F9E, 0x9C6F, 0x5F99,	0x9C70, 0x5F98, 0x9C71, 0x5FA0, 0x9C72, 0x5FA8, 0x9C73, 0x5FAD,
	0x9C74, 0x5FBC, 0x9C75, 0x5FD6, 0x9C76, 0x5FFB, 0x9C77, 0x5FE4,	0x9C78, 0x5FF8, 0x9C79, 0x5FF1, 0x9C7A, 0x5FDD, 0x9C7B, 0x60B3,
	0x9C7C, 0x5FFF, 0x9C7D, 0x6021, 0x9C7E, 0x6060, 0x9C80, 0x6019,	0x9C81, 0x6010, 0x9C82, 0x6029, 0x9C83, 0x600E, 0x9C84, 0x6031,
	0x9C85, 0x601B, 0x9C86, 0x6015, 0x9C87, 0x602B, 0x9C88, 0x6026,	0x9C89, 0x600F, 0x9C8A, 0x603A, 0x9C8B, 0x605A, 0x9C8C, 0x6041,
	0x9C8D, 0x606A, 0x9C8E, 0x6077, 0x9C8F, 0x605F, 0x9C90, 0x604A,	0x9C91, 0x6046, 0x9C92, 0x604D, 0x9C93, 0x6063, 0x9C94, 0x6043,
	0x9C95, 0x6064, 0x9C96, 0x6042, 0x9C97, 0x606C, 0x9C98, 0x606B,	0x9C99, 0x6059, 0x9C9A, 0x6081, 0x9C9B, 0x608D, 0x9C9C, 0x60E7,
	0x9C9D, 0x6083, 0x9C9E, 0x609A, 0x9C9F, 0x6084, 0x9CA0, 0x609B,	0x9CA1, 0x6096, 0x9CA2, 0x6097, 0x9CA3, 0x6092, 0x9CA4, 0x60A7,
	0x9CA5, 0x608B, 0x9CA6, 0x60E1, 0x9CA7, 0x60B8, 0x9CA8, 0x60E0,	0x9CA9, 0x60D3, 0x9CAA, 0x60B4, 0x9CAB, 0x5FF0, 0x9CAC, 0x60BD,
	0x9CAD, 0x60C6, 0x9CAE, 0x60B5, 0x9CAF, 0x60D8, 0x9CB0, 0x614D,	0x9CB1, 0x6115, 0x9CB2, 0x6106, 0x9CB3, 0x60F6, 0x9CB4, 0x60F7,
	0x9CB5, 0x6100, 0x9CB6, 0x60F4, 0x9CB7, 0x60FA, 0x9CB8, 0x6103,	0x9CB9, 0x6121, 0x9CBA, 0x60FB, 0x9CBB, 0x60F1, 0x9CBC, 0x610D,
	0x9CBD, 0x610E, 0x9CBE, 0x6147, 0x9CBF, 0x613E, 0x9CC0, 0x6128,	0x9CC1, 0x6127, 0x9CC2, 0x614A, 0x9CC3, 0x613F, 0x9CC4, 0x613C,
	0x9CC5, 0x612C, 0x9CC6, 0x6134, 0x9CC7, 0x613D, 0x9CC8, 0x6142,	0x9CC9, 0x6144, 0x9CCA, 0x6173, 0x9CCB, 0x6177, 0x9CCC, 0x6158,
	0x9CCD, 0x6159, 0x9CCE, 0x615A, 0x9CCF, 0x616B, 0x9CD0, 0x6174,	0x9CD1, 0x616F, 0x9CD2, 0x6165, 0x9CD3, 0x6171, 0x9CD4, 0x615F,
	0x9CD5, 0x615D, 0x9CD6, 0x6153, 0x9CD7, 0x6175, 0x9CD8, 0x6199,	0x9CD9, 0x6196, 0x9CDA, 0x6187, 0x9CDB, 0x61AC, 0x9CDC, 0x6194,
	0x9CDD, 0x619A, 0x9CDE, 0x618A, 0x9CDF, 0x6191, 0x9CE0, 0x61AB,	0x9CE1, 0x61AE, 0x9CE2, 0x61CC, 0x9CE3, 0x61CA, 0x9CE4, 0x61C9,
	0x9CE5, 0x61F7, 0x9CE6, 0x61C8, 0x9CE7, 0x61C3, 0x9CE8, 0x61C6,	0x9CE9, 0x61BA, 0x9CEA, 0x61CB, 0x9CEB, 0x7F79, 0x9CEC, 0x61CD,
	0x9CED, 0x61E6, 0x9CEE, 0x61E3, 0x9CEF, 0x61F6, 0x9CF0, 0x61FA,	0x9CF1, 0x61F4, 0x9CF2, 0x61FF, 0x9CF3, 0x61FD, 0x9CF4, 0x61FC,
	0x9CF5, 0x61FE, 0x9CF6, 0x6200, 0x9CF7, 0x6208, 0x9CF8, 0x6209,	0x9CF9, 0x620D, 0x9CFA, 0x620C, 0x9CFB, 0x6214, 0x9CFC, 0x621B,
	0x9D40, 0x621E, 0x9D41, 0x6221, 0x9D42, 0x622A, 0x9D43, 0x622E,	0x9D44, 0x6230, 0x9D45, 0x6232, 0x9D46, 0x6233, 0x9D47, 0x6241,
	0x9D48, 0x624E, 0x9D49, 0x625E, 0x9D4A, 0x6263, 0x9D4B, 0x625B,	0x9D4C, 0x6260, 0x9D4D, 0x6268, 0x9D4E, 0x627C, 0x9D4F, 0x6282,
	0x9D50, 0x6289, 0x9D51, 0x627E, 0x9D52, 0x6292, 0x9D53, 0x6293,	0x9D54, 0x6296, 0x9D55, 0x62D4, 0x9D56, 0x6283, 0x9D57, 0x6294,
	0x9D58, 0x62D7, 0x9D59, 0x62D1, 0x9D5A, 0x62BB, 0x9D5B, 0x62CF,	0x9D5C, 0x62FF, 0x9D5D, 0x62C6, 0x9D5E, 0x64D4, 0x9D5F, 0x62C8,
	0x9D60, 0x62DC, 0x9D61, 0x62CC, 0x9D62, 0x62CA, 0x9D63, 0x62C2,	0x9D64, 0x62C7, 0x9D65, 0x629B, 0x9D66, 0x62C9, 0x9D67, 0x630C,
	0x9D68, 0x62EE, 0x9D69, 0x62F1, 0x9D6A, 0x6327, 0x9D6B, 0x6302,	0x9D6C, 0x6308, 0x9D6D, 0x62EF, 0x9D6E, 0x62F5, 0x9D6F, 0x6350,
	0x9D70, 0x633E, 0x9D71, 0x634D, 0x9D72, 0x641C, 0x9D73, 0x634F,	0x9D74, 0x6396, 0x9D75, 0x638E, 0x9D76, 0x6380, 0x9D77, 0x63AB,
	0x9D78, 0x6376, 0x9D79, 0x63A3, 0x9D7A, 0x638F, 0x9D7B, 0x6389,	0x9D7C, 0x639F, 0x9D7D, 0x63B5, 0x9D7E, 0x636B, 0x9D80, 0x6369,
	0x9D81, 0x63BE, 0x9D82, 0x63E9, 0x9D83, 0x63C0, 0x9D84, 0x63C6,	0x9D85, 0x63E3, 0x9D86, 0x63C9, 0x9D87, 0x63D2, 0x9D88, 0x63F6,
	0x9D89, 0x63C4, 0x9D8A, 0x6416, 0x9D8B, 0x6434, 0x9D8C, 0x6406,	0x9D8D, 0x6413, 0x9D8E, 0x6426, 0x9D8F, 0x6436, 0x9D90, 0x651D,
	0x9D91, 0x6417, 0x9D92, 0x6428, 0x9D93, 0x640F, 0x9D94, 0x6467,	0x9D95, 0x646F, 0x9D96, 0x6476, 0x9D97, 0x644E, 0x9D98, 0x652A,
	0x9D99, 0x6495, 0x9D9A, 0x6493, 0x9D9B, 0x64A5, 0x9D9C, 0x64A9,	0x9D9D, 0x6488, 0x9D9E, 0x64BC, 0x9D9F, 0x64DA, 0x9DA0, 0x64D2,
	0x9DA1, 0x64C5, 0x9DA2, 0x64C7, 0x9DA3, 0x64BB, 0x9DA4, 0x64D8,	0x9DA5, 0x64C2, 0x9DA6, 0x64F1, 0x9DA7, 0x64E7, 0x9DA8, 0x8209,
	0x9DA9, 0x64E0, 0x9DAA, 0x64E1, 0x9DAB, 0x62AC, 0x9DAC, 0x64E3,	0x9DAD, 0x64EF, 0x9DAE, 0x652C, 0x9DAF, 0x64F6, 0x9DB0, 0x64F4,
	0x9DB1, 0x64F2, 0x9DB2, 0x64FA, 0x9DB3, 0x6500, 0x9DB4, 0x64FD,	0x9DB5, 0x6518, 0x9DB6, 0x651C, 0x9DB7, 0x6505, 0x9DB8, 0x6524,
	0x9DB9, 0x6523, 0x9DBA, 0x652B, 0x9DBB, 0x6534, 0x9DBC, 0x6535,	0x9DBD, 0x6537, 0x9DBE, 0x6536, 0x9DBF, 0x6538, 0x9DC0, 0x754B,
	0x9DC1, 0x6548, 0x9DC2, 0x6556, 0x9DC3, 0x6555, 0x9DC4, 0x654D,	0x9DC5, 0x6558, 0x9DC6, 0x655E, 0x9DC7, 0x655D, 0x9DC8, 0x6572,
	0x9DC9, 0x6578, 0x9DCA, 0x6582, 0x9DCB, 0x6583, 0x9DCC, 0x8B8A,	0x9DCD, 0x659B, 0x9DCE, 0x659F, 0x9DCF, 0x65AB, 0x9DD0, 0x65B7,
	0x9DD1, 0x65C3, 0x9DD2, 0x65C6, 0x9DD3, 0x65C1, 0x9DD4, 0x65C4,	0x9DD5, 0x65CC, 0x9DD6, 0x65D2, 0x9DD7, 0x65DB, 0x9DD8, 0x65D9,
	0x9DD9, 0x65E0, 0x9DDA, 0x65E1, 0x9DDB, 0x65F1, 0x9DDC, 0x6772,	0x9DDD, 0x660A, 0x9DDE, 0x6603, 0x9DDF, 0x65FB, 0x9DE0, 0x6773,
	0x9DE1, 0x6635, 0x9DE2, 0x6636, 0x9DE3, 0x6634, 0x9DE4, 0x661C,	0x9DE5, 0x664F, 0x9DE6, 0x6644, 0x9DE7, 0x6649, 0x9DE8, 0x6641,
	0x9DE9, 0x665E, 0x9DEA, 0x665D, 0x9DEB, 0x6664, 0x9DEC, 0x6667,	0x9DED, 0x6668, 0x9DEE, 0x665F, 0x9DEF, 0x6662, 0x9DF0, 0x6670,
	0x9DF1, 0x6683, 0x9DF2, 0x6688, 0x9DF3, 0x668E, 0x9DF4, 0x6689,	0x9DF5, 0x6684, 0x9DF6, 0x6698, 0x9DF7, 0x669D, 0x9DF8, 0x66C1,
	0x9DF9, 0x66B9, 0x9DFA, 0x66C9, 0x9DFB, 0x66BE, 0x9DFC, 0x66BC,	0x9E40, 0x66C4, 0x9E41, 0x66B8, 0x9E42, 0x66D6, 0x9E43, 0x66DA,
	0x9E44, 0x66E0, 0x9E45, 0x663F, 0x9E46, 0x66E6, 0x9E47, 0x66E9,	0x9E48, 0x66F0, 0x9E49, 0x66F5, 0x9E4A, 0x66F7, 0x9E4B, 0x670F,
	0x9E4C, 0x6716, 0x9E4D, 0x671E, 0x9E4E, 0x6726, 0x9E4F, 0x6727,	0x9E50, 0x9738, 0x9E51, 0x672E, 0x9E52, 0x673F, 0x9E53, 0x6736,
	0x9E54, 0x6741, 0x9E55, 0x6738, 0x9E56, 0x6737, 0x9E57, 0x6746,	0x9E58, 0x675E, 0x9E59, 0x6760, 0x9E5A, 0x6759, 0x9E5B, 0x6763,
	0x9E5C, 0x6764, 0x9E5D, 0x6789, 0x9E5E, 0x6770, 0x9E5F, 0x67A9,	0x9E60, 0x677C, 0x9E61, 0x676A, 0x9E62, 0x678C, 0x9E63, 0x678B,
	0x9E64, 0x67A6, 0x9E65, 0x67A1, 0x9E66, 0x6785, 0x9E67, 0x67B7,	0x9E68, 0x67EF, 0x9E69, 0x67B4, 0x9E6A, 0x67EC, 0x9E6B, 0x67B3,
	0x9E6C, 0x67E9, 0x9E6D, 0x67B8, 0x9E6E, 0x67E4, 0x9E6F, 0x67DE,	0x9E70, 0x67DD, 0x9E71, 0x67E2, 0x9E72, 0x67EE, 0x9E73, 0x67B9,
	0x9E74, 0x67CE, 0x9E75, 0x67C6, 0x9E76, 0x67E7, 0x9E77, 0x6A9C,	0x9E78, 0x681E, 0x9E79, 0x6846, 0x9E7A, 0x6829, 0x9E7B, 0x6840,
	0x9E7C, 0x684D, 0x9E7D, 0x6832, 0x9E7E, 0x684E, 0x9E80, 0x68B3,	0x9E81, 0x682B, 0x9E82, 0x6859, 0x9E83, 0x6863, 0x9E84, 0x6877,
	0x9E85, 0x687F, 0x9E86, 0x689F, 0x9E87, 0x688F, 0x9E88, 0x68AD,	0x9E89, 0x6894, 0x9E8A, 0x689D, 0x9E8B, 0x689B, 0x9E8C, 0x6883,
	0x9E8D, 0x6AAE, 0x9E8E, 0x68B9, 0x9E8F, 0x6874, 0x9E90, 0x68B5,	0x9E91, 0x68A0, 0x9E92, 0x68BA, 0x9E93, 0x690F, 0x9E94, 0x688D,
	0x9E95, 0x687E, 0x9E96, 0x6901, 0x9E97, 0x68CA, 0x9E98, 0x6908,	0x9E99, 0x68D8, 0x9E9A, 0x6922, 0x9E9B, 0x6926, 0x9E9C, 0x68E1,
	0x9E9D, 0x690C, 0x9E9E, 0x68CD, 0x9E9F, 0x68D4, 0x9EA0, 0x68E7,	0x9EA1, 0x68D5, 0x9EA2, 0x6936, 0x9EA3, 0x6912, 0x9EA4, 0x6904,
	0x9EA5, 0x68D7, 0x9EA6, 0x68E3, 0x9EA7, 0x6925, 0x9EA8, 0x68F9,	0x9EA9, 0x68E0, 0x9EAA, 0x68EF, 0x9EAB, 0x6928, 0x9EAC, 0x692A,
	0x9EAD, 0x691A, 0x9EAE, 0x6923, 0x9EAF, 0x6921, 0x9EB0, 0x68C6,	0x9EB1, 0x6979, 0x9EB2, 0x6977, 0x9EB3, 0x695C, 0x9EB4, 0x6978,
	0x9EB5, 0x696B, 0x9EB6, 0x6954, 0x9EB7, 0x697E, 0x9EB8, 0x696E,	0x9EB9, 0x6939, 0x9EBA, 0x6974, 0x9EBB, 0x693D, 0x9EBC, 0x6959,
	0x9EBD, 0x6930, 0x9EBE, 0x6961, 0x9EBF, 0x695E, 0x9EC0, 0x695D,	0x9EC1, 0x6981, 0x9EC2, 0x696A, 0x9EC3, 0x69B2, 0x9EC4, 0x69AE,
	0x9EC5, 0x69D0, 0x9EC6, 0x69BF, 0x9EC7, 0x69C1, 0x9EC8, 0x69D3,	0x9EC9, 0x69BE, 0x9ECA, 0x69CE, 0x9ECB, 0x5BE8, 0x9ECC, 0x69CA,
	0x9ECD, 0x69DD, 0x9ECE, 0x69BB, 0x9ECF, 0x69C3, 0x9ED0, 0x69A7,	0x9ED1, 0x6A2E, 0x9ED2, 0x6991, 0x9ED3, 0x69A0, 0x9ED4, 0x699C,
	0x9ED5, 0x6995, 0x9ED6, 0x69B4, 0x9ED7, 0x69DE, 0x9ED8, 0x69E8,	0x9ED9, 0x6A02, 0x9EDA, 0x6A1B, 0x9EDB, 0x69FF, 0x9EDC, 0x6B0A,
	0x9EDD, 0x69F9, 0x9EDE, 0x69F2, 0x9EDF, 0x69E7, 0x9EE0, 0x6A05,	0x9EE1, 0x69B1, 0x9EE2, 0x6A1E, 0x9EE3, 0x69ED, 0x9EE4, 0x6A14,
	0x9EE5, 0x69EB, 0x9EE6, 0x6A0A, 0x9EE7, 0x6A12, 0x9EE8, 0x6AC1,	0x9EE9, 0x6A23, 0x9EEA, 0x6A13, 0x9EEB, 0x6A44, 0x9EEC, 0x6A0C,
	0x9EED, 0x6A72, 0x9EEE, 0x6A36, 0x9EEF, 0x6A78, 0x9EF0, 0x6A47,	0x9EF1, 0x6A62, 0x9EF2, 0x6A59, 0x9EF3, 0x6A66, 0x9EF4, 0x6A48,
	0x9EF5, 0x6A38, 0x9EF6, 0x6A22, 0x9EF7, 0x6A90, 0x9EF8, 0x6A8D,	0x9EF9, 0x6AA0, 0x9EFA, 0x6A84, 0x9EFB, 0x6AA2, 0x9EFC, 0x6AA3,
	0x9F40, 0x6A97, 0x9F41, 0x8617, 0x9F42, 0x6ABB, 0x9F43, 0x6AC3,	0x9F44, 0x6AC2, 0x9F45, 0x6AB8, 0x9F46, 0x6AB3, 0x9F47, 0x6AAC,
	0x9F48, 0x6ADE, 0x9F49, 0x6AD1, 0x9F4A, 0x6ADF, 0x9F4B, 0x6AAA,	0x9F4C, 0x6ADA, 0x9F4D, 0x6AEA, 0x9F4E, 0x6AFB, 0x9F4F, 0x6B05,
	0x9F50, 0x8616, 0x9F51, 0x6AFA, 0x9F52, 0x6B12, 0x9F53, 0x6B16,	0x9F54, 0x9B31, 0x9F55, 0x6B1F, 0x9F56, 0x6B38, 0x9F57, 0x6B37,
	0x9F58, 0x76DC, 0x9F59, 0x6B39, 0x9F5A, 0x98EE, 0x9F5B, 0x6B47,	0x9F5C, 0x6B43, 0x9F5D, 0x6B49, 0x9F5E, 0x6B50, 0x9F5F, 0x6B59,
	0x9F60, 0x6B54, 0x9F61, 0x6B5B, 0x9F62, 0x6B5F, 0x9F63, 0x6B61,	0x9F64, 0x6B78, 0x9F65, 0x6B79, 0x9F66, 0x6B7F, 0x9F67, 0x6B80,
	0x9F68, 0x6B84, 0x9F69, 0x6B83, 0x9F6A, 0x6B8D, 0x9F6B, 0x6B98,	0x9F6C, 0x6B95, 0x9F6D, 0x6B9E, 0x9F6E, 0x6BA4, 0x9F6F, 0x6BAA,
	0x9F70, 0x6BAB, 0x9F71, 0x6BAF, 0x9F72, 0x6BB2, 0x9F73, 0x6BB1,	0x9F74, 0x6BB3, 0x9F75, 0x6BB7, 0x9F76, 0x6BBC, 0x9F77, 0x6BC6,
	0x9F78, 0x6BCB, 0x9F79, 0x6BD3, 0x9F7A, 0x6BDF, 0x9F7B, 0x6BEC,	0x9F7C, 0x6BEB, 0x9F7D, 0x6BF3, 0x9F7E, 0x6BEF, 0x9F80, 0x9EBE,
	0x9F81, 0x6C08, 0x9F82, 0x6C13, 0x9F83, 0x6C14, 0x9F84, 0x6C1B,	0x9F85, 0x6C24, 0x9F86, 0x6C23, 0x9F87, 0x6C5E, 0x9F88, 0x6C55,
	0x9F89, 0x6C62, 0x9F8A, 0x6C6A, 0x9F8B, 0x6C82, 0x9F8C, 0x6C8D,	0x9F8D, 0x6C9A, 0x9F8E, 0x6C81, 0x9F8F, 0x6C9B, 0x9F90, 0x6C7E,
	0x9F91, 0x6C68, 0x9F92, 0x6C73, 0x9F93, 0x6C92, 0x9F94, 0x6C90,	0x9F95, 0x6CC4, 0x9F96, 0x6CF1, 0x9F97, 0x6CD3, 0x9F98, 0x6CBD,
	0x9F99, 0x6CD7, 0x9F9A, 0x6CC5, 0x9F9B, 0x6CDD, 0x9F9C, 0x6CAE,	0x9F9D, 0x6CB1, 0x9F9E, 0x6CBE, 0x9F9F, 0x6CBA, 0x9FA0, 0x6CDB,
	0x9FA1, 0x6CEF, 0x9FA2, 0x6CD9, 0x9FA3, 0x6CEA, 0x9FA4, 0x6D1F,	0x9FA5, 0x884D, 0x9FA6, 0x6D36, 0x9FA7, 0x6D2B, 0x9FA8, 0x6D3D,
	0x9FA9, 0x6D38, 0x9FAA, 0x6D19, 0x9FAB, 0x6D35, 0x9FAC, 0x6D33,	0x9FAD, 0x6D12, 0x9FAE, 0x6D0C, 0x9FAF, 0x6D63, 0x9FB0, 0x6D93,
	0x9FB1, 0x6D64, 0x9FB2, 0x6D5A, 0x9FB3, 0x6D79, 0x9FB4, 0x6D59,	0x9FB5, 0x6D8E, 0x9FB6, 0x6D95, 0x9FB7, 0x6FE4, 0x9FB8, 0x6D85,
	0x9FB9, 0x6DF9, 0x9FBA, 0x6E15, 0x9FBB, 0x6E0A, 0x9FBC, 0x6DB5,	0x9FBD, 0x6DC7, 0x9FBE, 0x6DE6, 0x9FBF, 0x6DB8, 0x9FC0, 0x6DC6,
	0x9FC1, 0x6DEC, 0x9FC2, 0x6DDE, 0x9FC3, 0x6DCC, 0x9FC4, 0x6DE8,	0x9FC5, 0x6DD2, 0x9FC6, 0x6DC5, 0x9FC7, 0x6DFA, 0x9FC8, 0x6DD9,
	0x9FC9, 0x6DE4, 0x9FCA, 0x6DD5, 0x9FCB, 0x6DEA, 0x9FCC, 0x6DEE,	0x9FCD, 0x6E2D, 0x9FCE, 0x6E6E, 0x9FCF, 0x6E2E, 0x9FD0, 0x6E19,
	0x9FD1, 0x6E72, 0x9FD2, 0x6E5F, 0x9FD3, 0x6E3E, 0x9FD4, 0x6E23,	0x9FD5, 0x6E6B, 0x9FD6, 0x6E2B, 0x9FD7, 0x6E76, 0x9FD8, 0x6E4D,
	0x9FD9, 0x6E1F, 0x9FDA, 0x6E43, 0x9FDB, 0x6E3A, 0x9FDC, 0x6E4E,	0x9FDD, 0x6E24, 0x9FDE, 0x6EFF, 0x9FDF, 0x6E1D, 0x9FE0, 0x6E38,
	0x9FE1, 0x6E82, 0x9FE2, 0x6EAA, 0x9FE3, 0x6E98, 0x9FE4, 0x6EC9,	0x9FE5, 0x6EB7, 0x9FE6, 0x6ED3, 0x9FE7, 0x6EBD, 0x9FE8, 0x6EAF,
	0x9FE9, 0x6EC4, 0x9FEA, 0x6EB2, 0x9FEB, 0x6ED4, 0x9FEC, 0x6ED5,	0x9FED, 0x6E8F, 0x9FEE, 0x6EA5, 0x9FEF, 0x6EC2, 0x9FF0, 0x6E9F,
	0x9FF1, 0x6F41, 0x9FF2, 0x6F11, 0x9FF3, 0x704C, 0x9FF4, 0x6EEC,	0x9FF5, 0x6EF8, 0x9FF6, 0x6EFE, 0x9FF7, 0x6F3F, 0x9FF8, 0x6EF2,
	0x9FF9, 0x6F31, 0x9FFA, 0x6EEF, 0x9FFB, 0x6F32, 0x9FFC, 0x6ECC,	0xE040, 0x6F3E, 0xE041, 0x6F13, 0xE042, 0x6EF7, 0xE043, 0x6F86,
	0xE044, 0x6F7A, 0xE045, 0x6F78, 0xE046, 0x6F81, 0xE047, 0x6F80,	0xE048, 0x6F6F, 0xE049, 0x6F5B, 0xE04A, 0x6FF3, 0xE04B, 0x6F6D,
	0xE04C, 0x6F82, 0xE04D, 0x6F7C, 0xE04E, 0x6F58, 0xE04F, 0x6F8E,	0xE050, 0x6F91, 0xE051, 0x6FC2, 0xE052, 0x6F66, 0xE053, 0x6FB3,
	0xE054, 0x6FA3, 0xE055, 0x6FA1, 0xE056, 0x6FA4, 0xE057, 0x6FB9,	0xE058, 0x6FC6, 0xE059, 0x6FAA, 0xE05A, 0x6FDF, 0xE05B, 0x6FD5,
	0xE05C, 0x6FEC, 0xE05D, 0x6FD4, 0xE05E, 0x6FD8, 0xE05F, 0x6FF1,	0xE060, 0x6FEE, 0xE061, 0x6FDB, 0xE062, 0x7009, 0xE063, 0x700B,
	0xE064, 0x6FFA, 0xE065, 0x7011, 0xE066, 0x7001, 0xE067, 0x700F,	0xE068, 0x6FFE, 0xE069, 0x701B, 0xE06A, 0x701A, 0xE06B, 0x6F74,
	0xE06C, 0x701D, 0xE06D, 0x7018, 0xE06E, 0x701F, 0xE06F, 0x7030,	0xE070, 0x703E, 0xE071, 0x7032, 0xE072, 0x7051, 0xE073, 0x7063,
	0xE074, 0x7099, 0xE075, 0x7092, 0xE076, 0x70AF, 0xE077, 0x70F1,	0xE078, 0x70AC, 0xE079, 0x70B8, 0xE07A, 0x70B3, 0xE07B, 0x70AE,
	0xE07C, 0x70DF, 0xE07D, 0x70CB, 0xE07E, 0x70DD, 0xE080, 0x70D9,	0xE081, 0x7109, 0xE082, 0x70FD, 0xE083, 0x711C, 0xE084, 0x7119,
	0xE085, 0x7165, 0xE086, 0x7155, 0xE087, 0x7188, 0xE088, 0x7166,	0xE089, 0x7162, 0xE08A, 0x714C, 0xE08B, 0x7156, 0xE08C, 0x716C,
	0xE08D, 0x718F, 0xE08E, 0x71FB, 0xE08F, 0x7184, 0xE090, 0x7195,	0xE091, 0x71A8, 0xE092, 0x71AC, 0xE093, 0x71D7, 0xE094, 0x71B9,
	0xE095, 0x71BE, 0xE096, 0x71D2, 0xE097, 0x71C9, 0xE098, 0x71D4,	0xE099, 0x71CE, 0xE09A, 0x71E0, 0xE09B, 0x71EC, 0xE09C, 0x71E7,
	0xE09D, 0x71F5, 0xE09E, 0x71FC, 0xE09F, 0x71F9, 0xE0A0, 0x71FF,	0xE0A1, 0x720D, 0xE0A2, 0x7210, 0xE0A3, 0x721B, 0xE0A4, 0x7228,
	0xE0A5, 0x722D, 0xE0A6, 0x722C, 0xE0A7, 0x7230, 0xE0A8, 0x7232,	0xE0A9, 0x723B, 0xE0AA, 0x723C, 0xE0AB, 0x723F, 0xE0AC, 0x7240,
	0xE0AD, 0x7246, 0xE0AE, 0x724B, 0xE0AF, 0x7258, 0xE0B0, 0x7274,	0xE0B1, 0x727E, 0xE0B2, 0x7282, 0xE0B3, 0x7281, 0xE0B4, 0x7287,
	0xE0B5, 0x7292, 0xE0B6, 0x7296, 0xE0B7, 0x72A2, 0xE0B8, 0x72A7,	0xE0B9, 0x72B9, 0xE0BA, 0x72B2, 0xE0BB, 0x72C3, 0xE0BC, 0x72C6,
	0xE0BD, 0x72C4, 0xE0BE, 0x72CE, 0xE0BF, 0x72D2, 0xE0C0, 0x72E2,	0xE0C1, 0x72E0, 0xE0C2, 0x72E1, 0xE0C3, 0x72F9, 0xE0C4, 0x72F7,
	0xE0C5, 0x500F, 0xE0C6, 0x7317, 0xE0C7, 0x730A, 0xE0C8, 0x731C,	0xE0C9, 0x7316, 0xE0CA, 0x731D, 0xE0CB, 0x7334, 0xE0CC, 0x732F,
	0xE0CD, 0x7329, 0xE0CE, 0x7325, 0xE0CF, 0x733E, 0xE0D0, 0x734E,	0xE0D1, 0x734F, 0xE0D2, 0x9ED8, 0xE0D3, 0x7357, 0xE0D4, 0x736A,
	0xE0D5, 0x7368, 0xE0D6, 0x7370, 0xE0D7, 0x7378, 0xE0D8, 0x7375,	0xE0D9, 0x737B, 0xE0DA, 0x737A, 0xE0DB, 0x73C8, 0xE0DC, 0x73B3,
	0xE0DD, 0x73CE, 0xE0DE, 0x73BB, 0xE0DF, 0x73C0, 0xE0E0, 0x73E5,	0xE0E1, 0x73EE, 0xE0E2, 0x73DE, 0xE0E3, 0x74A2, 0xE0E4, 0x7405,
	0xE0E5, 0x746F, 0xE0E6, 0x7425, 0xE0E7, 0x73F8, 0xE0E8, 0x7432,	0xE0E9, 0x743A, 0xE0EA, 0x7455, 0xE0EB, 0x743F, 0xE0EC, 0x745F,
	0xE0ED, 0x7459, 0xE0EE, 0x7441, 0xE0EF, 0x745C, 0xE0F0, 0x7469,	0xE0F1, 0x7470, 0xE0F2, 0x7463, 0xE0F3, 0x746A, 0xE0F4, 0x7476,
	0xE0F5, 0x747E, 0xE0F6, 0x748B, 0xE0F7, 0x749E, 0xE0F8, 0x74A7,	0xE0F9, 0x74CA, 0xE0FA, 0x74CF, 0xE0FB, 0x74D4, 0xE0FC, 0x73F1,
	0xE140, 0x74E0, 0xE141, 0x74E3, 0xE142, 0x74E7, 0xE143, 0x74E9,	0xE144, 0x74EE, 0xE145, 0x74F2, 0xE146, 0x74F0, 0xE147, 0x74F1,
	0xE148, 0x74F8, 0xE149, 0x74F7, 0xE14A, 0x7504, 0xE14B, 0x7503,	0xE14C, 0x7505, 0xE14D, 0x750C, 0xE14E, 0x750E, 0xE14F, 0x750D,
	0xE150, 0x7515, 0xE151, 0x7513, 0xE152, 0x751E, 0xE153, 0x7526,	0xE154, 0x752C, 0xE155, 0x753C, 0xE156, 0x7544, 0xE157, 0x754D,
	0xE158, 0x754A, 0xE159, 0x7549, 0xE15A, 0x755B, 0xE15B, 0x7546,	0xE15C, 0x755A, 0xE15D, 0x7569, 0xE15E, 0x7564, 0xE15F, 0x7567,
	0xE160, 0x756B, 0xE161, 0x756D, 0xE162, 0x7578, 0xE163, 0x7576,	0xE164, 0x7586, 0xE165, 0x7587, 0xE166, 0x7574, 0xE167, 0x758A,
	0xE168, 0x7589, 0xE169, 0x7582, 0xE16A, 0x7594, 0xE16B, 0x759A,	0xE16C, 0x759D, 0xE16D, 0x75A5, 0xE16E, 0x75A3, 0xE16F, 0x75C2,
	0xE170, 0x75B3, 0xE171, 0x75C3, 0xE172, 0x75B5, 0xE173, 0x75BD,	0xE174, 0x75B8, 0xE175, 0x75BC, 0xE176, 0x75B1, 0xE177, 0x75CD,
	0xE178, 0x75CA, 0xE179, 0x75D2, 0xE17A, 0x75D9, 0xE17B, 0x75E3,	0xE17C, 0x75DE, 0xE17D, 0x75FE, 0xE17E, 0x75FF, 0xE180, 0x75FC,
	0xE181, 0x7601, 0xE182, 0x75F0, 0xE183, 0x75FA, 0xE184, 0x75F2,	0xE185, 0x75F3, 0xE186, 0x760B, 0xE187, 0x760D, 0xE188, 0x7609,
	0xE189, 0x761F, 0xE18A, 0x7627, 0xE18B, 0x7620, 0xE18C, 0x7621,	0xE18D, 0x7622, 0xE18E, 0x7624, 0xE18F, 0x7634, 0xE190, 0x7630,
	0xE191, 0x763B, 0xE192, 0x7647, 0xE193, 0x7648, 0xE194, 0x7646,	0xE195, 0x765C, 0xE196, 0x7658, 0xE197, 0x7661, 0xE198, 0x7662,
	0xE199, 0x7668, 0xE19A, 0x7669, 0xE19B, 0x766A, 0xE19C, 0x7667,	0xE19D, 0x766C, 0xE19E, 0x7670, 0xE19F, 0x7672, 0xE1A0, 0x7676,
	0xE1A1, 0x7678, 0xE1A2, 0x767C, 0xE1A3, 0x7680, 0xE1A4, 0x7683,	0xE1A5, 0x7688, 0xE1A6, 0x768B, 0xE1A7, 0x768E, 0xE1A8, 0x7696,
	0xE1A9, 0x7693, 0xE1AA, 0x7699, 0xE1AB, 0x769A, 0xE1AC, 0x76B0,	0xE1AD, 0x76B4, 0xE1AE, 0x76B8, 0xE1AF, 0x76B9, 0xE1B0, 0x76BA,
	0xE1B1, 0x76C2, 0xE1B2, 0x76CD, 0xE1B3, 0x76D6, 0xE1B4, 0x76D2,	0xE1B5, 0x76DE, 0xE1B6, 0x76E1, 0xE1B7, 0x76E5, 0xE1B8, 0x76E7,
	0xE1B9, 0x76EA, 0xE1BA, 0x862F, 0xE1BB, 0x76FB, 0xE1BC, 0x7708,	0xE1BD, 0x7707, 0xE1BE, 0x7704, 0xE1BF, 0x7729, 0xE1C0, 0x7724,
	0xE1C1, 0x771E, 0xE1C2, 0x7725, 0xE1C3, 0x7726, 0xE1C4, 0x771B,	0xE1C5, 0x7737, 0xE1C6, 0x7738, 0xE1C7, 0x7747, 0xE1C8, 0x775A,
	0xE1C9, 0x7768, 0xE1CA, 0x776B, 0xE1CB, 0x775B, 0xE1CC, 0x7765,	0xE1CD, 0x777F, 0xE1CE, 0x777E, 0xE1CF, 0x7779, 0xE1D0, 0x778E,
	0xE1D1, 0x778B, 0xE1D2, 0x7791, 0xE1D3, 0x77A0, 0xE1D4, 0x779E,	0xE1D5, 0x77B0, 0xE1D6, 0x77B6, 0xE1D7, 0x77B9, 0xE1D8, 0x77BF,
	0xE1D9, 0x77BC, 0xE1DA, 0x77BD, 0xE1DB, 0x77BB, 0xE1DC, 0x77C7,	0xE1DD, 0x77CD, 0xE1DE, 0x77D7, 0xE1DF, 0x77DA, 0xE1E0, 0x77DC,
	0xE1E1, 0x77E3, 0xE1E2, 0x77EE, 0xE1E3, 0x77FC, 0xE1E4, 0x780C,	0xE1E5, 0x7812, 0xE1E6, 0x7926, 0xE1E7, 0x7820, 0xE1E8, 0x792A,
	0xE1E9, 0x7845, 0xE1EA, 0x788E, 0xE1EB, 0x7874, 0xE1EC, 0x7886,	0xE1ED, 0x787C, 0xE1EE, 0x789A, 0xE1EF, 0x788C, 0xE1F0, 0x78A3,
	0xE1F1, 0x78B5, 0xE1F2, 0x78AA, 0xE1F3, 0x78AF, 0xE1F4, 0x78D1,	0xE1F5, 0x78C6, 0xE1F6, 0x78CB, 0xE1F7, 0x78D4, 0xE1F8, 0x78BE,
	0xE1F9, 0x78BC, 0xE1FA, 0x78C5, 0xE1FB, 0x78CA, 0xE1FC, 0x78EC,	0xE240, 0x78E7, 0xE241, 0x78DA, 0xE242, 0x78FD, 0xE243, 0x78F4,
	0xE244, 0x7907, 0xE245, 0x7912, 0xE246, 0x7911, 0xE247, 0x7919,	0xE248, 0x792C, 0xE249, 0x792B, 0xE24A, 0x7940, 0xE24B, 0x7960,
	0xE24C, 0x7957, 0xE24D, 0x795F, 0xE24E, 0x795A, 0xE24F, 0x7955,	0xE250, 0x7953, 0xE251, 0x797A, 0xE252, 0x797F, 0xE253, 0x798A,
	0xE254, 0x799D, 0xE255, 0x79A7, 0xE256, 0x9F4B, 0xE257, 0x79AA,	0xE258, 0x79AE, 0xE259, 0x79B3, 0xE25A, 0x79B9, 0xE25B, 0x79BA,
	0xE25C, 0x79C9, 0xE25D, 0x79D5, 0xE25E, 0x79E7, 0xE25F, 0x79EC,	0xE260, 0x79E1, 0xE261, 0x79E3, 0xE262, 0x7A08, 0xE263, 0x7A0D,
	0xE264, 0x7A18, 0xE265, 0x7A19, 0xE266, 0x7A20, 0xE267, 0x7A1F,	0xE268, 0x7980, 0xE269, 0x7A31, 0xE26A, 0x7A3B, 0xE26B, 0x7A3E,
	0xE26C, 0x7A37, 0xE26D, 0x7A43, 0xE26E, 0x7A57, 0xE26F, 0x7A49,	0xE270, 0x7A61, 0xE271, 0x7A62, 0xE272, 0x7A69, 0xE273, 0x9F9D,
	0xE274, 0x7A70, 0xE275, 0x7A79, 0xE276, 0x7A7D, 0xE277, 0x7A88,	0xE278, 0x7A97, 0xE279, 0x7A95, 0xE27A, 0x7A98, 0xE27B, 0x7A96,
	0xE27C, 0x7AA9, 0xE27D, 0x7AC8, 0xE27E, 0x7AB0, 0xE280, 0x7AB6,	0xE281, 0x7AC5, 0xE282, 0x7AC4, 0xE283, 0x7ABF, 0xE284, 0x9083,
	0xE285, 0x7AC7, 0xE286, 0x7ACA, 0xE287, 0x7ACD, 0xE288, 0x7ACF,	0xE289, 0x7AD5, 0xE28A, 0x7AD3, 0xE28B, 0x7AD9, 0xE28C, 0x7ADA,
	0xE28D, 0x7ADD, 0xE28E, 0x7AE1, 0xE28F, 0x7AE2, 0xE290, 0x7AE6,	0xE291, 0x7AED, 0xE292, 0x7AF0, 0xE293, 0x7B02, 0xE294, 0x7B0F,
	0xE295, 0x7B0A, 0xE296, 0x7B06, 0xE297, 0x7B33, 0xE298, 0x7B18,	0xE299, 0x7B19, 0xE29A, 0x7B1E, 0xE29B, 0x7B35, 0xE29C, 0x7B28,
	0xE29D, 0x7B36, 0xE29E, 0x7B50, 0xE29F, 0x7B7A, 0xE2A0, 0x7B04,	0xE2A1, 0x7B4D, 0xE2A2, 0x7B0B, 0xE2A3, 0x7B4C, 0xE2A4, 0x7B45,
	0xE2A5, 0x7B75, 0xE2A6, 0x7B65, 0xE2A7, 0x7B74, 0xE2A8, 0x7B67,	0xE2A9, 0x7B70, 0xE2AA, 0x7B71, 0xE2AB, 0x7B6C, 0xE2AC, 0x7B6E,
	0xE2AD, 0x7B9D, 0xE2AE, 0x7B98, 0xE2AF, 0x7B9F, 0xE2B0, 0x7B8D,	0xE2B1, 0x7B9C, 0xE2B2, 0x7B9A, 0xE2B3, 0x7B8B, 0xE2B4, 0x7B92,
	0xE2B5, 0x7B8F, 0xE2B6, 0x7B5D, 0xE2B7, 0x7B99, 0xE2B8, 0x7BCB,	0xE2B9, 0x7BC1, 0xE2BA, 0x7BCC, 0xE2BB, 0x7BCF, 0xE2BC, 0x7BB4,
	0xE2BD, 0x7BC6, 0xE2BE, 0x7BDD, 0xE2BF, 0x7BE9, 0xE2C0, 0x7C11,	0xE2C1, 0x7C14, 0xE2C2, 0x7BE6, 0xE2C3, 0x7BE5, 0xE2C4, 0x7C60,
	0xE2C5, 0x7C00, 0xE2C6, 0x7C07, 0xE2C7, 0x7C13, 0xE2C8, 0x7BF3,	0xE2C9, 0x7BF7, 0xE2CA, 0x7C17, 0xE2CB, 0x7C0D, 0xE2CC, 0x7BF6,
	0xE2CD, 0x7C23, 0xE2CE, 0x7C27, 0xE2CF, 0x7C2A, 0xE2D0, 0x7C1F,	0xE2D1, 0x7C37, 0xE2D2, 0x7C2B, 0xE2D3, 0x7C3D, 0xE2D4, 0x7C4C,
	0xE2D5, 0x7C43, 0xE2D6, 0x7C54, 0xE2D7, 0x7C4F, 0xE2D8, 0x7C40,	0xE2D9, 0x7C50, 0xE2DA, 0x7C58, 0xE2DB, 0x7C5F, 0xE2DC, 0x7C64,
	0xE2DD, 0x7C56, 0xE2DE, 0x7C65, 0xE2DF, 0x7C6C, 0xE2E0, 0x7C75,	0xE2E1, 0x7C83, 0xE2E2, 0x7C90, 0xE2E3, 0x7CA4, 0xE2E4, 0x7CAD,
	0xE2E5, 0x7CA2, 0xE2E6, 0x7CAB, 0xE2E7, 0x7CA1, 0xE2E8, 0x7CA8,	0xE2E9, 0x7CB3, 0xE2EA, 0x7CB2, 0xE2EB, 0x7CB1, 0xE2EC, 0x7CAE,
	0xE2ED, 0x7CB9, 0xE2EE, 0x7CBD, 0xE2EF, 0x7CC0, 0xE2F0, 0x7CC5,	0xE2F1, 0x7CC2, 0xE2F2, 0x7CD8, 0xE2F3, 0x7CD2, 0xE2F4, 0x7CDC,
	0xE2F5, 0x7CE2, 0xE2F6, 0x9B3B, 0xE2F7, 0x7CEF, 0xE2F8, 0x7CF2,	0xE2F9, 0x7CF4, 0xE2FA, 0x7CF6, 0xE2FB, 0x7CFA, 0xE2FC, 0x7D06,
	0xE340, 0x7D02, 0xE341, 0x7D1C, 0xE342, 0x7D15, 0xE343, 0x7D0A,	0xE344, 0x7D45, 0xE345, 0x7D4B, 0xE346, 0x7D2E, 0xE347, 0x7D32,
	0xE348, 0x7D3F, 0xE349, 0x7D35, 0xE34A, 0x7D46, 0xE34B, 0x7D73,	0xE34C, 0x7D56, 0xE34D, 0x7D4E, 0xE34E, 0x7D72, 0xE34F, 0x7D68,
	0xE350, 0x7D6E, 0xE351, 0x7D4F, 0xE352, 0x7D63, 0xE353, 0x7D93,	0xE354, 0x7D89, 0xE355, 0x7D5B, 0xE356, 0x7D8F, 0xE357, 0x7D7D,
	0xE358, 0x7D9B, 0xE359, 0x7DBA, 0xE35A, 0x7DAE, 0xE35B, 0x7DA3,	0xE35C, 0x7DB5, 0xE35D, 0x7DC7, 0xE35E, 0x7DBD, 0xE35F, 0x7DAB,
	0xE360, 0x7E3D, 0xE361, 0x7DA2, 0xE362, 0x7DAF, 0xE363, 0x7DDC,	0xE364, 0x7DB8, 0xE365, 0x7D9F, 0xE366, 0x7DB0, 0xE367, 0x7DD8,
	0xE368, 0x7DDD, 0xE369, 0x7DE4, 0xE36A, 0x7DDE, 0xE36B, 0x7DFB,	0xE36C, 0x7DF2, 0xE36D, 0x7DE1, 0xE36E, 0x7E05, 0xE36F, 0x7E0A,
	0xE370, 0x7E23, 0xE371, 0x7E21, 0xE372, 0x7E12, 0xE373, 0x7E31,	0xE374, 0x7E1F, 0xE375, 0x7E09, 0xE376, 0x7E0B, 0xE377, 0x7E22,
	0xE378, 0x7E46, 0xE379, 0x7E66, 0xE37A, 0x7E3B, 0xE37B, 0x7E35,	0xE37C, 0x7E39, 0xE37D, 0x7E43, 0xE37E, 0x7E37, 0xE380, 0x7E32,
	0xE381, 0x7E3A, 0xE382, 0x7E67, 0xE383, 0x7E5D, 0xE384, 0x7E56,	0xE385, 0x7E5E, 0xE386, 0x7E59, 0xE387, 0x7E5A, 0xE388, 0x7E79,
	0xE389, 0x7E6A, 0xE38A, 0x7E69, 0xE38B, 0x7E7C, 0xE38C, 0x7E7B,	0xE38D, 0x7E83, 0xE38E, 0x7DD5, 0xE38F, 0x7E7D, 0xE390, 0x8FAE,
	0xE391, 0x7E7F, 0xE392, 0x7E88, 0xE393, 0x7E89, 0xE394, 0x7E8C,	0xE395, 0x7E92, 0xE396, 0x7E90, 0xE397, 0x7E93, 0xE398, 0x7E94,
	0xE399, 0x7E96, 0xE39A, 0x7E8E, 0xE39B, 0x7E9B, 0xE39C, 0x7E9C,	0xE39D, 0x7F38, 0xE39E, 0x7F3A, 0xE39F, 0x7F45, 0xE3A0, 0x7F4C,
	0xE3A1, 0x7F4D, 0xE3A2, 0x7F4E, 0xE3A3, 0x7F50, 0xE3A4, 0x7F51,	0xE3A5, 0x7F55, 0xE3A6, 0x7F54, 0xE3A7, 0x7F58, 0xE3A8, 0x7F5F,
	0xE3A9, 0x7F60, 0xE3AA, 0x7F68, 0xE3AB, 0x7F69, 0xE3AC, 0x7F67,	0xE3AD, 0x7F78, 0xE3AE, 0x7F82, 0xE3AF, 0x7F86, 0xE3B0, 0x7F83,
	0xE3B1, 0x7F88, 0xE3B2, 0x7F87, 0xE3B3, 0x7F8C, 0xE3B4, 0x7F94,	0xE3B5, 0x7F9E, 0xE3B6, 0x7F9D, 0xE3B7, 0x7F9A, 0xE3B8, 0x7FA3,
	0xE3B9, 0x7FAF, 0xE3BA, 0x7FB2, 0xE3BB, 0x7FB9, 0xE3BC, 0x7FAE,	0xE3BD, 0x7FB6, 0xE3BE, 0x7FB8, 0xE3BF, 0x8B71, 0xE3C0, 0x7FC5,
	0xE3C1, 0x7FC6, 0xE3C2, 0x7FCA, 0xE3C3, 0x7FD5, 0xE3C4, 0x7FD4,	0xE3C5, 0x7FE1, 0xE3C6, 0x7FE6, 0xE3C7, 0x7FE9, 0xE3C8, 0x7FF3,
	0xE3C9, 0x7FF9, 0xE3CA, 0x98DC, 0xE3CB, 0x8006, 0xE3CC, 0x8004,	0xE3CD, 0x800B, 0xE3CE, 0x8012, 0xE3CF, 0x8018, 0xE3D0, 0x8019,
	0xE3D1, 0x801C, 0xE3D2, 0x8021, 0xE3D3, 0x8028, 0xE3D4, 0x803F,	0xE3D5, 0x803B, 0xE3D6, 0x804A, 0xE3D7, 0x8046, 0xE3D8, 0x8052,
	0xE3D9, 0x8058, 0xE3DA, 0x805A, 0xE3DB, 0x805F, 0xE3DC, 0x8062,	0xE3DD, 0x8068, 0xE3DE, 0x8073, 0xE3DF, 0x8072, 0xE3E0, 0x8070,
	0xE3E1, 0x8076, 0xE3E2, 0x8079, 0xE3E3, 0x807D, 0xE3E4, 0x807F,	0xE3E5, 0x8084, 0xE3E6, 0x8086, 0xE3E7, 0x8085, 0xE3E8, 0x809B,
	0xE3E9, 0x8093, 0xE3EA, 0x809A, 0xE3EB, 0x80AD, 0xE3EC, 0x5190,	0xE3ED, 0x80AC, 0xE3EE, 0x80DB, 0xE3EF, 0x80E5, 0xE3F0, 0x80D9,
	0xE3F1, 0x80DD, 0xE3F2, 0x80C4, 0xE3F3, 0x80DA, 0xE3F4, 0x80D6,	0xE3F5, 0x8109, 0xE3F6, 0x80EF, 0xE3F7, 0x80F1, 0xE3F8, 0x811B,
	0xE3F9, 0x8129, 0xE3FA, 0x8123, 0xE3FB, 0x812F, 0xE3FC, 0x814B,	0xE440, 0x968B, 0xE441, 0x8146, 0xE442, 0x813E, 0xE443, 0x8153,
	0xE444, 0x8151, 0xE445, 0x80FC, 0xE446, 0x8171, 0xE447, 0x816E,	0xE448, 0x8165, 0xE449, 0x8166, 0xE44A, 0x8174, 0xE44B, 0x8183,
	0xE44C, 0x8188, 0xE44D, 0x818A, 0xE44E, 0x8180, 0xE44F, 0x8182,	0xE450, 0x81A0, 0xE451, 0x8195, 0xE452, 0x81A4, 0xE453, 0x81A3,
	0xE454, 0x815F, 0xE455, 0x8193, 0xE456, 0x81A9, 0xE457, 0x81B0,	0xE458, 0x81B5, 0xE459, 0x81BE, 0xE45A, 0x81B8, 0xE45B, 0x81BD,
	0xE45C, 0x81C0, 0xE45D, 0x81C2, 0xE45E, 0x81BA, 0xE45F, 0x81C9,	0xE460, 0x81CD, 0xE461, 0x81D1, 0xE462, 0x81D9, 0xE463, 0x81D8,
	0xE464, 0x81C8, 0xE465, 0x81DA, 0xE466, 0x81DF, 0xE467, 0x81E0,	0xE468, 0x81E7, 0xE469, 0x81FA, 0xE46A, 0x81FB, 0xE46B, 0x81FE,
	0xE46C, 0x8201, 0xE46D, 0x8202, 0xE46E, 0x8205, 0xE46F, 0x8207,	0xE470, 0x820A, 0xE471, 0x820D, 0xE472, 0x8210, 0xE473, 0x8216,
	0xE474, 0x8229, 0xE475, 0x822B, 0xE476, 0x8238, 0xE477, 0x8233,	0xE478, 0x8240, 0xE479, 0x8259, 0xE47A, 0x8258, 0xE47B, 0x825D,
	0xE47C, 0x825A, 0xE47D, 0x825F, 0xE47E, 0x8264, 0xE480, 0x8262,	0xE481, 0x8268, 0xE482, 0x826A, 0xE483, 0x826B, 0xE484, 0x822E,
	0xE485, 0x8271, 0xE486, 0x8277, 0xE487, 0x8278, 0xE488, 0x827E,	0xE489, 0x828D, 0xE48A, 0x8292, 0xE48B, 0x82AB, 0xE48C, 0x829F,
	0xE48D, 0x82BB, 0xE48E, 0x82AC, 0xE48F, 0x82E1, 0xE490, 0x82E3,	0xE491, 0x82DF, 0xE492, 0x82D2, 0xE493, 0x82F4, 0xE494, 0x82F3,
	0xE495, 0x82FA, 0xE496, 0x8393, 0xE497, 0x8303, 0xE498, 0x82FB,	0xE499, 0x82F9, 0xE49A, 0x82DE, 0xE49B, 0x8306, 0xE49C, 0x82DC,
	0xE49D, 0x8309, 0xE49E, 0x82D9, 0xE49F, 0x8335, 0xE4A0, 0x8334,	0xE4A1, 0x8316, 0xE4A2, 0x8332, 0xE4A3, 0x8331, 0xE4A4, 0x8340,
	0xE4A5, 0x8339, 0xE4A6, 0x8350, 0xE4A7, 0x8345, 0xE4A8, 0x832F,	0xE4A9, 0x832B, 0xE4AA, 0x8317, 0xE4AB, 0x8318, 0xE4AC, 0x8385,
	0xE4AD, 0x839A, 0xE4AE, 0x83AA, 0xE4AF, 0x839F, 0xE4B0, 0x83A2,	0xE4B1, 0x8396, 0xE4B2, 0x8323, 0xE4B3, 0x838E, 0xE4B4, 0x8387,
	0xE4B5, 0x838A, 0xE4B6, 0x837C, 0xE4B7, 0x83B5, 0xE4B8, 0x8373,	0xE4B9, 0x8375, 0xE4BA, 0x83A0, 0xE4BB, 0x8389, 0xE4BC, 0x83A8,
	0xE4BD, 0x83F4, 0xE4BE, 0x8413, 0xE4BF, 0x83EB, 0xE4C0, 0x83CE,	0xE4C1, 0x83FD, 0xE4C2, 0x8403, 0xE4C3, 0x83D8, 0xE4C4, 0x840B,
	0xE4C5, 0x83C1, 0xE4C6, 0x83F7, 0xE4C7, 0x8407, 0xE4C8, 0x83E0,	0xE4C9, 0x83F2, 0xE4CA, 0x840D, 0xE4CB, 0x8422, 0xE4CC, 0x8420,
	0xE4CD, 0x83BD, 0xE4CE, 0x8438, 0xE4CF, 0x8506, 0xE4D0, 0x83FB,	0xE4D1, 0x846D, 0xE4D2, 0x842A, 0xE4D3, 0x843C, 0xE4D4, 0x855A,
	0xE4D5, 0x8484, 0xE4D6, 0x8477, 0xE4D7, 0x846B, 0xE4D8, 0x84AD,	0xE4D9, 0x846E, 0xE4DA, 0x8482, 0xE4DB, 0x8469, 0xE4DC, 0x8446,
	0xE4DD, 0x842C, 0xE4DE, 0x846F, 0xE4DF, 0x8479, 0xE4E0, 0x8435,	0xE4E1, 0x84CA, 0xE4E2, 0x8462, 0xE4E3, 0x84B9, 0xE4E4, 0x84BF,
	0xE4E5, 0x849F, 0xE4E6, 0x84D9, 0xE4E7, 0x84CD, 0xE4E8, 0x84BB,	0xE4E9, 0x84DA, 0xE4EA, 0x84D0, 0xE4EB, 0x84C1, 0xE4EC, 0x84C6,
	0xE4ED, 0x84D6, 0xE4EE, 0x84A1, 0xE4EF, 0x8521, 0xE4F0, 0x84FF,	0xE4F1, 0x84F4, 0xE4F2, 0x8517, 0xE4F3, 0x8518, 0xE4F4, 0x852C,
	0xE4F5, 0x851F, 0xE4F6, 0x8515, 0xE4F7, 0x8514, 0xE4F8, 0x84FC,	0xE4F9, 0x8540, 0xE4FA, 0x8563, 0xE4FB, 0x8558, 0xE4FC, 0x8548,
	0xE540, 0x8541, 0xE541, 0x8602, 0xE542, 0x854B, 0xE543, 0x8555,	0xE544, 0x8580, 0xE545, 0x85A4, 0xE546, 0x8588, 0xE547, 0x8591,
	0xE548, 0x858A, 0xE549, 0x85A8, 0xE54A, 0x856D, 0xE54B, 0x8594,	0xE54C, 0x859B, 0xE54D, 0x85EA, 0xE54E, 0x8587, 0xE54F, 0x859C,
	0xE550, 0x8577, 0xE551, 0x857E, 0xE552, 0x8590, 0xE553, 0x85C9,	0xE554, 0x85BA, 0xE555, 0x85CF, 0xE556, 0x85B9, 0xE557, 0x85D0,
	0xE558, 0x85D5, 0xE559, 0x85DD, 0xE55A, 0x85E5, 0xE55B, 0x85DC,	0xE55C, 0x85F9, 0xE55D, 0x860A, 0xE55E, 0x8613, 0xE55F, 0x860B,
	0xE560, 0x85FE, 0xE561, 0x85FA, 0xE562, 0x8606, 0xE563, 0x8622,	0xE564, 0x861A, 0xE565, 0x8630, 0xE566, 0x863F, 0xE567, 0x864D,
	0xE568, 0x4E55, 0xE569, 0x8654, 0xE56A, 0x865F, 0xE56B, 0x8667,	0xE56C, 0x8671, 0xE56D, 0x8693, 0xE56E, 0x86A3, 0xE56F, 0x86A9,
	0xE570, 0x86AA, 0xE571, 0x868B, 0xE572, 0x868C, 0xE573, 0x86B6,	0xE574, 0x86AF, 0xE575, 0x86C4, 0xE576, 0x86C6, 0xE577, 0x86B0,
	0xE578, 0x86C9, 0xE579, 0x8823, 0xE57A, 0x86AB, 0xE57B, 0x86D4,	0xE57C, 0x86DE, 0xE57D, 0x86E9, 0xE57E, 0x86EC, 0xE580, 0x86DF,
	0xE581, 0x86DB, 0xE582, 0x86EF, 0xE583, 0x8712, 0xE584, 0x8706,	0xE585, 0x8708, 0xE586, 0x8700, 0xE587, 0x8703, 0xE588, 0x86FB,
	0xE589, 0x8711, 0xE58A, 0x8709, 0xE58B, 0x870D, 0xE58C, 0x86F9,	0xE58D, 0x870A, 0xE58E, 0x8734, 0xE58F, 0x873F, 0xE590, 0x8737,
	0xE591, 0x873B, 0xE592, 0x8725, 0xE593, 0x8729, 0xE594, 0x871A,	0xE595, 0x8760, 0xE596, 0x875F, 0xE597, 0x8778, 0xE598, 0x874C,
	0xE599, 0x874E, 0xE59A, 0x8774, 0xE59B, 0x8757, 0xE59C, 0x8768,	0xE59D, 0x876E, 0xE59E, 0x8759, 0xE59F, 0x8753, 0xE5A0, 0x8763,
	0xE5A1, 0x876A, 0xE5A2, 0x8805, 0xE5A3, 0x87A2, 0xE5A4, 0x879F,	0xE5A5, 0x8782, 0xE5A6, 0x87AF, 0xE5A7, 0x87CB, 0xE5A8, 0x87BD,
	0xE5A9, 0x87C0, 0xE5AA, 0x87D0, 0xE5AB, 0x96D6, 0xE5AC, 0x87AB,	0xE5AD, 0x87C4, 0xE5AE, 0x87B3, 0xE5AF, 0x87C7, 0xE5B0, 0x87C6,
	0xE5B1, 0x87BB, 0xE5B2, 0x87EF, 0xE5B3, 0x87F2, 0xE5B4, 0x87E0,	0xE5B5, 0x880F, 0xE5B6, 0x880D, 0xE5B7, 0x87FE, 0xE5B8, 0x87F6,
	0xE5B9, 0x87F7, 0xE5BA, 0x880E, 0xE5BB, 0x87D2, 0xE5BC, 0x8811,	0xE5BD, 0x8816, 0xE5BE, 0x8815, 0xE5BF, 0x8822, 0xE5C0, 0x8821,
	0xE5C1, 0x8831, 0xE5C2, 0x8836, 0xE5C3, 0x8839, 0xE5C4, 0x8827,	0xE5C5, 0x883B, 0xE5C6, 0x8844, 0xE5C7, 0x8842, 0xE5C8, 0x8852,
	0xE5C9, 0x8859, 0xE5CA, 0x885E, 0xE5CB, 0x8862, 0xE5CC, 0x886B,	0xE5CD, 0x8881, 0xE5CE, 0x887E, 0xE5CF, 0x889E, 0xE5D0, 0x8875,
	0xE5D1, 0x887D, 0xE5D2, 0x88B5, 0xE5D3, 0x8872, 0xE5D4, 0x8882,	0xE5D5, 0x8897, 0xE5D6, 0x8892, 0xE5D7, 0x88AE, 0xE5D8, 0x8899,
	0xE5D9, 0x88A2, 0xE5DA, 0x888D, 0xE5DB, 0x88A4, 0xE5DC, 0x88B0,	0xE5DD, 0x88BF, 0xE5DE, 0x88B1, 0xE5DF, 0x88C3, 0xE5E0, 0x88C4,
	0xE5E1, 0x88D4, 0xE5E2, 0x88D8, 0xE5E3, 0x88D9, 0xE5E4, 0x88DD,	0xE5E5, 0x88F9, 0xE5E6, 0x8902, 0xE5E7, 0x88FC, 0xE5E8, 0x88F4,
	0xE5E9, 0x88E8, 0xE5EA, 0x88F2, 0xE5EB, 0x8904, 0xE5EC, 0x890C,	0xE5ED, 0x890A, 0xE5EE, 0x8913, 0xE5EF, 0x8943, 0xE5F0, 0x891E,
	0xE5F1, 0x8925, 0xE5F2, 0x892A, 0xE5F3, 0x892B, 0xE5F4, 0x8941,	0xE5F5, 0x8944, 0xE5F6, 0x893B, 0xE5F7, 0x8936, 0xE5F8, 0x8938,
	0xE5F9, 0x894C, 0xE5FA, 0x891D, 0xE5FB, 0x8960, 0xE5FC, 0x895E,	0xE640, 0x8966, 0xE641, 0x8964, 0xE642, 0x896D, 0xE643, 0x896A,
	0xE644, 0x896F, 0xE645, 0x8974, 0xE646, 0x8977, 0xE647, 0x897E,	0xE648, 0x8983, 0xE649, 0x8988, 0xE64A, 0x898A, 0xE64B, 0x8993,
	0xE64C, 0x8998, 0xE64D, 0x89A1, 0xE64E, 0x89A9, 0xE64F, 0x89A6,	0xE650, 0x89AC, 0xE651, 0x89AF, 0xE652, 0x89B2, 0xE653, 0x89BA,
	0xE654, 0x89BD, 0xE655, 0x89BF, 0xE656, 0x89C0, 0xE657, 0x89DA,	0xE658, 0x89DC, 0xE659, 0x89DD, 0xE65A, 0x89E7, 0xE65B, 0x89F4,
	0xE65C, 0x89F8, 0xE65D, 0x8A03, 0xE65E, 0x8A16, 0xE65F, 0x8A10,	0xE660, 0x8A0C, 0xE661, 0x8A1B, 0xE662, 0x8A1D, 0xE663, 0x8A25,
	0xE664, 0x8A36, 0xE665, 0x8A41, 0xE666, 0x8A5B, 0xE667, 0x8A52,	0xE668, 0x8A46, 0xE669, 0x8A48, 0xE66A, 0x8A7C, 0xE66B, 0x8A6D,
	0xE66C, 0x8A6C, 0xE66D, 0x8A62, 0xE66E, 0x8A85, 0xE66F, 0x8A82,	0xE670, 0x8A84, 0xE671, 0x8AA8, 0xE672, 0x8AA1, 0xE673, 0x8A91,
	0xE674, 0x8AA5, 0xE675, 0x8AA6, 0xE676, 0x8A9A, 0xE677, 0x8AA3,	0xE678, 0x8AC4, 0xE679, 0x8ACD, 0xE67A, 0x8AC2, 0xE67B, 0x8ADA,
	0xE67C, 0x8AEB, 0xE67D, 0x8AF3, 0xE67E, 0x8AE7, 0xE680, 0x8AE4,	0xE681, 0x8AF1, 0xE682, 0x8B14, 0xE683, 0x8AE0, 0xE684, 0x8AE2,
	0xE685, 0x8AF7, 0xE686, 0x8ADE, 0xE687, 0x8ADB, 0xE688, 0x8B0C,	0xE689, 0x8B07, 0xE68A, 0x8B1A, 0xE68B, 0x8AE1, 0xE68C, 0x8B16,
	0xE68D, 0x8B10, 0xE68E, 0x8B17, 0xE68F, 0x8B20, 0xE690, 0x8B33,	0xE691, 0x97AB, 0xE692, 0x8B26, 0xE693, 0x8B2B, 0xE694, 0x8B3E,
	0xE695, 0x8B28, 0xE696, 0x8B41, 0xE697, 0x8B4C, 0xE698, 0x8B4F,	0xE699, 0x8B4E, 0xE69A, 0x8B49, 0xE69B, 0x8B56, 0xE69C, 0x8B5B,
	0xE69D, 0x8B5A, 0xE69E, 0x8B6B, 0xE69F, 0x8B5F, 0xE6A0, 0x8B6C,	0xE6A1, 0x8B6F, 0xE6A2, 0x8B74, 0xE6A3, 0x8B7D, 0xE6A4, 0x8B80,
	0xE6A5, 0x8B8C, 0xE6A6, 0x8B8E, 0xE6A7, 0x8B92, 0xE6A8, 0x8B93,	0xE6A9, 0x8B96, 0xE6AA, 0x8B99, 0xE6AB, 0x8B9A, 0xE6AC, 0x8C3A,
	0xE6AD, 0x8C41, 0xE6AE, 0x8C3F, 0xE6AF, 0x8C48, 0xE6B0, 0x8C4C,	0xE6B1, 0x8C4E, 0xE6B2, 0x8C50, 0xE6B3, 0x8C55, 0xE6B4, 0x8C62,
	0xE6B5, 0x8C6C, 0xE6B6, 0x8C78, 0xE6B7, 0x8C7A, 0xE6B8, 0x8C82,	0xE6B9, 0x8C89, 0xE6BA, 0x8C85, 0xE6BB, 0x8C8A, 0xE6BC, 0x8C8D,
	0xE6BD, 0x8C8E, 0xE6BE, 0x8C94, 0xE6BF, 0x8C7C, 0xE6C0, 0x8C98,	0xE6C1, 0x621D, 0xE6C2, 0x8CAD, 0xE6C3, 0x8CAA, 0xE6C4, 0x8CBD,
	0xE6C5, 0x8CB2, 0xE6C6, 0x8CB3, 0xE6C7, 0x8CAE, 0xE6C8, 0x8CB6,	0xE6C9, 0x8CC8, 0xE6CA, 0x8CC1, 0xE6CB, 0x8CE4, 0xE6CC, 0x8CE3,
	0xE6CD, 0x8CDA, 0xE6CE, 0x8CFD, 0xE6CF, 0x8CFA, 0xE6D0, 0x8CFB,	0xE6D1, 0x8D04, 0xE6D2, 0x8D05, 0xE6D3, 0x8D0A, 0xE6D4, 0x8D07,
	0xE6D5, 0x8D0F, 0xE6D6, 0x8D0D, 0xE6D7, 0x8D10, 0xE6D8, 0x9F4E,	0xE6D9, 0x8D13, 0xE6DA, 0x8CCD, 0xE6DB, 0x8D14, 0xE6DC, 0x8D16,
	0xE6DD, 0x8D67, 0xE6DE, 0x8D6D, 0xE6DF, 0x8D71, 0xE6E0, 0x8D73,	0xE6E1, 0x8D81, 0xE6E2, 0x8D99, 0xE6E3, 0x8DC2, 0xE6E4, 0x8DBE,
	0xE6E5, 0x8DBA, 0xE6E6, 0x8DCF, 0xE6E7, 0x8DDA, 0xE6E8, 0x8DD6,	0xE6E9, 0x8DCC, 0xE6EA, 0x8DDB, 0xE6EB, 0x8DCB, 0xE6EC, 0x8DEA,
	0xE6ED, 0x8DEB, 0xE6EE, 0x8DDF, 0xE6EF, 0x8DE3, 0xE6F0, 0x8DFC,	0xE6F1, 0x8E08, 0xE6F2, 0x8E09, 0xE6F3, 0x8DFF, 0xE6F4, 0x8E1D,
	0xE6F5, 0x8E1E, 0xE6F6, 0x8E10, 0xE6F7, 0x8E1F, 0xE6F8, 0x8E42,	0xE6F9, 0x8E35, 0xE6FA, 0x8E30, 0xE6FB, 0x8E34, 0xE6FC, 0x8E4A,
	0xE740, 0x8E47, 0xE741, 0x8E49, 0xE742, 0x8E4C, 0xE743, 0x8E50,	0xE744, 0x8E48, 0xE745, 0x8E59, 0xE746, 0x8E64, 0xE747, 0x8E60,
	0xE748, 0x8E2A, 0xE749, 0x8E63, 0xE74A, 0x8E55, 0xE74B, 0x8E76,	0xE74C, 0x8E72, 0xE74D, 0x8E7C, 0xE74E, 0x8E81, 0xE74F, 0x8E87,
	0xE750, 0x8E85, 0xE751, 0x8E84, 0xE752, 0x8E8B, 0xE753, 0x8E8A,	0xE754, 0x8E93, 0xE755, 0x8E91, 0xE756, 0x8E94, 0xE757, 0x8E99,
	0xE758, 0x8EAA, 0xE759, 0x8EA1, 0xE75A, 0x8EAC, 0xE75B, 0x8EB0,	0xE75C, 0x8EC6, 0xE75D, 0x8EB1, 0xE75E, 0x8EBE, 0xE75F, 0x8EC5,
	0xE760, 0x8EC8, 0xE761, 0x8ECB, 0xE762, 0x8EDB, 0xE763, 0x8EE3,	0xE764, 0x8EFC, 0xE765, 0x8EFB, 0xE766, 0x8EEB, 0xE767, 0x8EFE,
	0xE768, 0x8F0A, 0xE769, 0x8F05, 0xE76A, 0x8F15, 0xE76B, 0x8F12,	0xE76C, 0x8F19, 0xE76D, 0x8F13, 0xE76E, 0x8F1C, 0xE76F, 0x8F1F,
	0xE770, 0x8F1B, 0xE771, 0x8F0C, 0xE772, 0x8F26, 0xE773, 0x8F33,	0xE774, 0x8F3B, 0xE775, 0x8F39, 0xE776, 0x8F45, 0xE777, 0x8F42,
	0xE778, 0x8F3E, 0xE779, 0x8F4C, 0xE77A, 0x8F49, 0xE77B, 0x8F46,	0xE77C, 0x8F4E, 0xE77D, 0x8F57, 0xE77E, 0x8F5C, 0xE780, 0x8F62,
	0xE781, 0x8F63, 0xE782, 0x8F64, 0xE783, 0x8F9C, 0xE784, 0x8F9F,	0xE785, 0x8FA3, 0xE786, 0x8FAD, 0xE787, 0x8FAF, 0xE788, 0x8FB7,
	0xE789, 0x8FDA, 0xE78A, 0x8FE5, 0xE78B, 0x8FE2, 0xE78C, 0x8FEA,	0xE78D, 0x8FEF, 0xE78E, 0x9087, 0xE78F, 0x8FF4, 0xE790, 0x9005,
	0xE791, 0x8FF9, 0xE792, 0x8FFA, 0xE793, 0x9011, 0xE794, 0x9015,	0xE795, 0x9021, 0xE796, 0x900D, 0xE797, 0x901E, 0xE798, 0x9016,
	0xE799, 0x900B, 0xE79A, 0x9027, 0xE79B, 0x9036, 0xE79C, 0x9035,	0xE79D, 0x9039, 0xE79E, 0x8FF8, 0xE79F, 0x904F, 0xE7A0, 0x9050,
	0xE7A1, 0x9051, 0xE7A2, 0x9052, 0xE7A3, 0x900E, 0xE7A4, 0x9049,	0xE7A5, 0x903E, 0xE7A6, 0x9056, 0xE7A7, 0x9058, 0xE7A8, 0x905E,
	0xE7A9, 0x9068, 0xE7AA, 0x906F, 0xE7AB, 0x9076, 0xE7AC, 0x96A8,	0xE7AD, 0x9072, 0xE7AE, 0x9082, 0xE7AF, 0x907D, 0xE7B0, 0x9081,
	0xE7B1, 0x9080, 0xE7B2, 0x908A, 0xE7B3, 0x9089, 0xE7B4, 0x908F,	0xE7B5, 0x90A8, 0xE7B6, 0x90AF, 0xE7B7, 0x90B1, 0xE7B8, 0x90B5,
	0xE7B9, 0x90E2, 0xE7BA, 0x90E4, 0xE7BB, 0x6248, 0xE7BC, 0x90DB,	0xE7BD, 0x9102, 0xE7BE, 0x9112, 0xE7BF, 0x9119, 0xE7C0, 0x9132,
	0xE7C1, 0x9130, 0xE7C2, 0x914A, 0xE7C3, 0x9156, 0xE7C4, 0x9158,	0xE7C5, 0x9163, 0xE7C6, 0x9165, 0xE7C7, 0x9169, 0xE7C8, 0x9173,
	0xE7C9, 0x9172, 0xE7CA, 0x918B, 0xE7CB, 0x9189, 0xE7CC, 0x9182,	0xE7CD, 0x91A2, 0xE7CE, 0x91AB, 0xE7CF, 0x91AF, 0xE7D0, 0x91AA,
	0xE7D1, 0x91B5, 0xE7D2, 0x91B4, 0xE7D3, 0x91BA, 0xE7D4, 0x91C0,	0xE7D5, 0x91C1, 0xE7D6, 0x91C9, 0xE7D7, 0x91CB, 0xE7D8, 0x91D0,
	0xE7D9, 0x91D6, 0xE7DA, 0x91DF, 0xE7DB, 0x91E1, 0xE7DC, 0x91DB,	0xE7DD, 0x91FC, 0xE7DE, 0x91F5, 0xE7DF, 0x91F6, 0xE7E0, 0x921E,
	0xE7E1, 0x91FF, 0xE7E2, 0x9214, 0xE7E3, 0x922C, 0xE7E4, 0x9215,	0xE7E5, 0x9211, 0xE7E6, 0x925E, 0xE7E7, 0x9257, 0xE7E8, 0x9245,
	0xE7E9, 0x9249, 0xE7EA, 0x9264, 0xE7EB, 0x9248, 0xE7EC, 0x9295,	0xE7ED, 0x923F, 0xE7EE, 0x924B, 0xE7EF, 0x9250, 0xE7F0, 0x929C,
	0xE7F1, 0x9296, 0xE7F2, 0x9293, 0xE7F3, 0x929B, 0xE7F4, 0x925A,	0xE7F5, 0x92CF, 0xE7F6, 0x92B9, 0xE7F7, 0x92B7, 0xE7F8, 0x92E9,
	0xE7F9, 0x930F, 0xE7FA, 0x92FA, 0xE7FB, 0x9344, 0xE7FC, 0x932E,	0xE840, 0x9319, 0xE841, 0x9322, 0xE842, 0x931A, 0xE843, 0x9323,
	0xE844, 0x933A, 0xE845, 0x9335, 0xE846, 0x933B, 0xE847, 0x935C,	0xE848, 0x9360, 0xE849, 0x937C, 0xE84A, 0x936E, 0xE84B, 0x9356,
	0xE84C, 0x93B0, 0xE84D, 0x93AC, 0xE84E, 0x93AD, 0xE84F, 0x9394,	0xE850, 0x93B9, 0xE851, 0x93D6, 0xE852, 0x93D7, 0xE853, 0x93E8,
	0xE854, 0x93E5, 0xE855, 0x93D8, 0xE856, 0x93C3, 0xE857, 0x93DD,	0xE858, 0x93D0, 0xE859, 0x93C8, 0xE85A, 0x93E4, 0xE85B, 0x941A,
	0xE85C, 0x9414, 0xE85D, 0x9413, 0xE85E, 0x9403, 0xE85F, 0x9407,	0xE860, 0x9410, 0xE861, 0x9436, 0xE862, 0x942B, 0xE863, 0x9435,
	0xE864, 0x9421, 0xE865, 0x943A, 0xE866, 0x9441, 0xE867, 0x9452,	0xE868, 0x9444, 0xE869, 0x945B, 0xE86A, 0x9460, 0xE86B, 0x9462,
	0xE86C, 0x945E, 0xE86D, 0x946A, 0xE86E, 0x9229, 0xE86F, 0x9470,	0xE870, 0x9475, 0xE871, 0x9477, 0xE872, 0x947D, 0xE873, 0x945A,
	0xE874, 0x947C, 0xE875, 0x947E, 0xE876, 0x9481, 0xE877, 0x947F,	0xE878, 0x9582, 0xE879, 0x9587, 0xE87A, 0x958A, 0xE87B, 0x9594,
	0xE87C, 0x9596, 0xE87D, 0x9598, 0xE87E, 0x9599, 0xE880, 0x95A0,	0xE881, 0x95A8, 0xE882, 0x95A7, 0xE883, 0x95AD, 0xE884, 0x95BC,
	0xE885, 0x95BB, 0xE886, 0x95B9, 0xE887, 0x95BE, 0xE888, 0x95CA,	0xE889, 0x6FF6, 0xE88A, 0x95C3, 0xE88B, 0x95CD, 0xE88C, 0x95CC,
	0xE88D, 0x95D5, 0xE88E, 0x95D4, 0xE88F, 0x95D6, 0xE890, 0x95DC,	0xE891, 0x95E1, 0xE892, 0x95E5, 0xE893, 0x95E2, 0xE894, 0x9621,
	0xE895, 0x9628, 0xE896, 0x962E, 0xE897, 0x962F, 0xE898, 0x9642,	0xE899, 0x964C, 0xE89A, 0x964F, 0xE89B, 0x964B, 0xE89C, 0x9677,
	0xE89D, 0x965C, 0xE89E, 0x965E, 0xE89F, 0x965D, 0xE8A0, 0x965F,	0xE8A1, 0x9666, 0xE8A2, 0x9672, 0xE8A3, 0x966C, 0xE8A4, 0x968D,
	0xE8A5, 0x9698, 0xE8A6, 0x9695, 0xE8A7, 0x9697, 0xE8A8, 0x96AA,	0xE8A9, 0x96A7, 0xE8AA, 0x96B1, 0xE8AB, 0x96B2, 0xE8AC, 0x96B0,
	0xE8AD, 0x96B4, 0xE8AE, 0x96B6, 0xE8AF, 0x96B8, 0xE8B0, 0x96B9,	0xE8B1, 0x96CE, 0xE8B2, 0x96CB, 0xE8B3, 0x96C9, 0xE8B4, 0x96CD,
	0xE8B5, 0x894D, 0xE8B6, 0x96DC, 0xE8B7, 0x970D, 0xE8B8, 0x96D5,	0xE8B9, 0x96F9, 0xE8BA, 0x9704, 0xE8BB, 0x9706, 0xE8BC, 0x9708,
	0xE8BD, 0x9713, 0xE8BE, 0x970E, 0xE8BF, 0x9711, 0xE8C0, 0x970F,	0xE8C1, 0x9716, 0xE8C2, 0x9719, 0xE8C3, 0x9724, 0xE8C4, 0x972A,
	0xE8C5, 0x9730, 0xE8C6, 0x9739, 0xE8C7, 0x973D, 0xE8C8, 0x973E,	0xE8C9, 0x9744, 0xE8CA, 0x9746, 0xE8CB, 0x9748, 0xE8CC, 0x9742,
	0xE8CD, 0x9749, 0xE8CE, 0x975C, 0xE8CF, 0x9760, 0xE8D0, 0x9764,	0xE8D1, 0x9766, 0xE8D2, 0x9768, 0xE8D3, 0x52D2, 0xE8D4, 0x976B,
	0xE8D5, 0x9771, 0xE8D6, 0x9779, 0xE8D7, 0x9785, 0xE8D8, 0x977C,	0xE8D9, 0x9781, 0xE8DA, 0x977A, 0xE8DB, 0x9786, 0xE8DC, 0x978B,
	0xE8DD, 0x978F, 0xE8DE, 0x9790, 0xE8DF, 0x979C, 0xE8E0, 0x97A8,	0xE8E1, 0x97A6, 0xE8E2, 0x97A3, 0xE8E3, 0x97B3, 0xE8E4, 0x97B4,
	0xE8E5, 0x97C3, 0xE8E6, 0x97C6, 0xE8E7, 0x97C8, 0xE8E8, 0x97CB,	0xE8E9, 0x97DC, 0xE8EA, 0x97ED, 0xE8EB, 0x9F4F, 0xE8EC, 0x97F2,
	0xE8ED, 0x7ADF, 0xE8EE, 0x97F6, 0xE8EF, 0x97F5, 0xE8F0, 0x980F,	0xE8F1, 0x980C, 0xE8F2, 0x9838, 0xE8F3, 0x9824, 0xE8F4, 0x9821,
	0xE8F5, 0x9837, 0xE8F6, 0x983D, 0xE8F7, 0x9846, 0xE8F8, 0x984F,	0xE8F9, 0x984B, 0xE8FA, 0x986B, 0xE8FB, 0x986F, 0xE8FC, 0x9870,
	0xE940, 0x9871, 0xE941, 0x9874, 0xE942, 0x9873, 0xE943, 0x98AA,	0xE944, 0x98AF, 0xE945, 0x98B1, 0xE946, 0x98B6, 0xE947, 0x98C4,
	0xE948, 0x98C3, 0xE949, 0x98C6, 0xE94A, 0x98E9, 0xE94B, 0x98EB,	0xE94C, 0x9903, 0xE94D, 0x9909, 0xE94E, 0x9912, 0xE94F, 0x9914,
	0xE950, 0x9918, 0xE951, 0x9921, 0xE952, 0x991D, 0xE953, 0x991E,	0xE954, 0x9924, 0xE955, 0x9920, 0xE956, 0x992C, 0xE957, 0x992E,
	0xE958, 0x993D, 0xE959, 0x993E, 0xE95A, 0x9942, 0xE95B, 0x9949,	0xE95C, 0x9945, 0xE95D, 0x9950, 0xE95E, 0x994B, 0xE95F, 0x9951,
	0xE960, 0x9952, 0xE961, 0x994C, 0xE962, 0x9955, 0xE963, 0x9997,	0xE964, 0x9998, 0xE965, 0x99A5, 0xE966, 0x99AD, 0xE967, 0x99AE,
	0xE968, 0x99BC, 0xE969, 0x99DF, 0xE96A, 0x99DB, 0xE96B, 0x99DD,	0xE96C, 0x99D8, 0xE96D, 0x99D1, 0xE96E, 0x99ED, 0xE96F, 0x99EE,
	0xE970, 0x99F1, 0xE971, 0x99F2, 0xE972, 0x99FB, 0xE973, 0x99F8,	0xE974, 0x9A01, 0xE975, 0x9A0F, 0xE976, 0x9A05, 0xE977, 0x99E2,
	0xE978, 0x9A19, 0xE979, 0x9A2B, 0xE97A, 0x9A37, 0xE97B, 0x9A45,	0xE97C, 0x9A42, 0xE97D, 0x9A40, 0xE97E, 0x9A43, 0xE980, 0x9A3E,
	0xE981, 0x9A55, 0xE982, 0x9A4D, 0xE983, 0x9A5B, 0xE984, 0x9A57,	0xE985, 0x9A5F, 0xE986, 0x9A62, 0xE987, 0x9A65, 0xE988, 0x9A64,
	0xE989, 0x9A69, 0xE98A, 0x9A6B, 0xE98B, 0x9A6A, 0xE98C, 0x9AAD,	0xE98D, 0x9AB0, 0xE98E, 0x9ABC, 0xE98F, 0x9AC0, 0xE990, 0x9ACF,
	0xE991, 0x9AD1, 0xE992, 0x9AD3, 0xE993, 0x9AD4, 0xE994, 0x9ADE,	0xE995, 0x9ADF, 0xE996, 0x9AE2, 0xE997, 0x9AE3, 0xE998, 0x9AE6,
	0xE999, 0x9AEF, 0xE99A, 0x9AEB, 0xE99B, 0x9AEE, 0xE99C, 0x9AF4,	0xE99D, 0x9AF1, 0xE99E, 0x9AF7, 0xE99F, 0x9AFB, 0xE9A0, 0x9B06,
	0xE9A1, 0x9B18, 0xE9A2, 0x9B1A, 0xE9A3, 0x9B1F, 0xE9A4, 0x9B22,	0xE9A5, 0x9B23, 0xE9A6, 0x9B25, 0xE9A7, 0x9B27, 0xE9A8, 0x9B28,
	0xE9A9, 0x9B29, 0xE9AA, 0x9B2A, 0xE9AB, 0x9B2E, 0xE9AC, 0x9B2F,	0xE9AD, 0x9B32, 0xE9AE, 0x9B44, 0xE9AF, 0x9B43, 0xE9B0, 0x9B4F,
	0xE9B1, 0x9B4D, 0xE9B2, 0x9B4E, 0xE9B3, 0x9B51, 0xE9B4, 0x9B58,	0xE9B5, 0x9B74, 0xE9B6, 0x9B93, 0xE9B7, 0x9B83, 0xE9B8, 0x9B91,
	0xE9B9, 0x9B96, 0xE9BA, 0x9B97, 0xE9BB, 0x9B9F, 0xE9BC, 0x9BA0,	0xE9BD, 0x9BA8, 0xE9BE, 0x9BB4, 0xE9BF, 0x9BC0, 0xE9C0, 0x9BCA,
	0xE9C1, 0x9BB9, 0xE9C2, 0x9BC6, 0xE9C3, 0x9BCF, 0xE9C4, 0x9BD1,	0xE9C5, 0x9BD2, 0xE9C6, 0x9BE3, 0xE9C7, 0x9BE2, 0xE9C8, 0x9BE4,
	0xE9C9, 0x9BD4, 0xE9CA, 0x9BE1, 0xE9CB, 0x9C3A, 0xE9CC, 0x9BF2,	0xE9CD, 0x9BF1, 0xE9CE, 0x9BF0, 0xE9CF, 0x9C15, 0xE9D0, 0x9C14,
	0xE9D1, 0x9C09, 0xE9D2, 0x9C13, 0xE9D3, 0x9C0C, 0xE9D4, 0x9C06,	0xE9D5, 0x9C08, 0xE9D6, 0x9C12, 0xE9D7, 0x9C0A, 0xE9D8, 0x9C04,
	0xE9D9, 0x9C2E, 0xE9DA, 0x9C1B, 0xE9DB, 0x9C25, 0xE9DC, 0x9C24,	0xE9DD, 0x9C21, 0xE9DE, 0x9C30, 0xE9DF, 0x9C47, 0xE9E0, 0x9C32,
	0xE9E1, 0x9C46, 0xE9E2, 0x9C3E, 0xE9E3, 0x9C5A, 0xE9E4, 0x9C60,	0xE9E5, 0x9C67, 0xE9E6, 0x9C76, 0xE9E7, 0x9C78, 0xE9E8, 0x9CE7,
	0xE9E9, 0x9CEC, 0xE9EA, 0x9CF0, 0xE9EB, 0x9D09, 0xE9EC, 0x9D08,	0xE9ED, 0x9CEB, 0xE9EE, 0x9D03, 0xE9EF, 0x9D06, 0xE9F0, 0x9D2A,
	0xE9F1, 0x9D26, 0xE9F2, 0x9DAF, 0xE9F3, 0x9D23, 0xE9F4, 0x9D1F,	0xE9F5, 0x9D44, 0xE9F6, 0x9D15, 0xE9F7, 0x9D12, 0xE9F8, 0x9D41,
	0xE9F9, 0x9D3F, 0xE9FA, 0x9D3E, 0xE9FB, 0x9D46, 0xE9FC, 0x9D48,	0xEA40, 0x9D5D, 0xEA41, 0x9D5E, 0xEA42, 0x9D64, 0xEA43, 0x9D51,
	0xEA44, 0x9D50, 0xEA45, 0x9D59, 0xEA46, 0x9D72, 0xEA47, 0x9D89,	0xEA48, 0x9D87, 0xEA49, 0x9DAB, 0xEA4A, 0x9D6F, 0xEA4B, 0x9D7A,
	0xEA4C, 0x9D9A, 0xEA4D, 0x9DA4, 0xEA4E, 0x9DA9, 0xEA4F, 0x9DB2,	0xEA50, 0x9DC4, 0xEA51, 0x9DC1, 0xEA52, 0x9DBB, 0xEA53, 0x9DB8,
	0xEA54, 0x9DBA, 0xEA55, 0x9DC6, 0xEA56, 0x9DCF, 0xEA57, 0x9DC2,	0xEA58, 0x9DD9, 0xEA59, 0x9DD3, 0xEA5A, 0x9DF8, 0xEA5B, 0x9DE6,
	0xEA5C, 0x9DED, 0xEA5D, 0x9DEF, 0xEA5E, 0x9DFD, 0xEA5F, 0x9E1A,	0xEA60, 0x9E1B, 0xEA61, 0x9E1E, 0xEA62, 0x9E75, 0xEA63, 0x9E79,
	0xEA64, 0x9E7D, 0xEA65, 0x9E81, 0xEA66, 0x9E88, 0xEA67, 0x9E8B,	0xEA68, 0x9E8C, 0xEA69, 0x9E92, 0xEA6A, 0x9E95, 0xEA6B, 0x9E91,
	0xEA6C, 0x9E9D, 0xEA6D, 0x9EA5, 0xEA6E, 0x9EA9, 0xEA6F, 0x9EB8,	0xEA70, 0x9EAA, 0xEA71, 0x9EAD, 0xEA72, 0x9761, 0xEA73, 0x9ECC,
	0xEA74, 0x9ECE, 0xEA75, 0x9ECF, 0xEA76, 0x9ED0, 0xEA77, 0x9ED4,	0xEA78, 0x9EDC, 0xEA79, 0x9EDE, 0xEA7A, 0x9EDD, 0xEA7B, 0x9EE0,
	0xEA7C, 0x9EE5, 0xEA7D, 0x9EE8, 0xEA7E, 0x9EEF, 0xEA80, 0x9EF4,	0xEA81, 0x9EF6, 0xEA82, 0x9EF7, 0xEA83, 0x9EF9, 0xEA84, 0x9EFB,
	0xEA85, 0x9EFC, 0xEA86, 0x9EFD, 0xEA87, 0x9F07, 0xEA88, 0x9F08,	0xEA89, 0x76B7, 0xEA8A, 0x9F15, 0xEA8B, 0x9F21, 0xEA8C, 0x9F2C,
	0xEA8D, 0x9F3E, 0xEA8E, 0x9F4A, 0xEA8F, 0x9F52, 0xEA90, 0x9F54,	0xEA91, 0x9F63, 0xEA92, 0x9F5F, 0xEA93, 0x9F60, 0xEA94, 0x9F61,
	0xEA95, 0x9F66, 0xEA96, 0x9F67, 0xEA97, 0x9F6C, 0xEA98, 0x9F6A,	0xEA99, 0x9F77, 0xEA9A, 0x9F72, 0xEA9B, 0x9F76, 0xEA9C, 0x9F95,
	0xEA9D, 0x9F9C, 0xEA9E, 0x9FA0, 0xEA9F, 0x582F, 0xEAA0, 0x69C7,	0xEAA1, 0x9059, 0xEAA2, 0x7464, 0xEAA3, 0x51DC, 0xEAA4, 0x7199,
	0xFA40, 0x2170, 0xFA41, 0x2171, 0xFA42, 0x2172, 0xFA43, 0x2173,	0xFA44, 0x2174, 0xFA45, 0x2175, 0xFA46, 0x2176, 0xFA47, 0x2177,
	0xFA48, 0x2178, 0xFA49, 0x2179, 0xFA55, 0xFFE4, 0xFA56, 0xFF07,	0xFA57, 0xFF02, 0xFA5C, 0x7E8A, 0xFA5D, 0x891C, 0xFA5E, 0x9348,
	0xFA5F, 0x9288, 0xFA60, 0x84DC, 0xFA61, 0x4FC9, 0xFA62, 0x70BB,	0xFA63, 0x6631, 0xFA64, 0x68C8, 0xFA65, 0x92F9, 0xFA66, 0x66FB,
	0xFA67, 0x5F45, 0xFA68, 0x4E28, 0xFA69, 0x4EE1, 0xFA6A, 0x4EFC,	0xFA6B, 0x4F00, 0xFA6C, 0x4F03, 0xFA6D, 0x4F39, 0xFA6E, 0x4F56,
	0xFA6F, 0x4F92, 0xFA70, 0x4F8A, 0xFA71, 0x4F9A, 0xFA72, 0x4F94,	0xFA73, 0x4FCD, 0xFA74, 0x5040, 0xFA75, 0x5022, 0xFA76, 0x4FFF,
	0xFA77, 0x501E, 0xFA78, 0x5046, 0xFA79, 0x5070, 0xFA7A, 0x5042,	0xFA7B, 0x5094, 0xFA7C, 0x50F4, 0xFA7D, 0x50D8, 0xFA7E, 0x514A,
	0xFA80, 0x5164, 0xFA81, 0x519D, 0xFA82, 0x51BE, 0xFA83, 0x51EC,	0xFA84, 0x5215, 0xFA85, 0x529C, 0xFA86, 0x52A6, 0xFA87, 0x52C0,
	0xFA88, 0x52DB, 0xFA89, 0x5300, 0xFA8A, 0x5307, 0xFA8B, 0x5324,	0xFA8C, 0x5372, 0xFA8D, 0x5393, 0xFA8E, 0x53B2, 0xFA8F, 0x53DD,
	0xFA90, 0xFA0E, 0xFA91, 0x549C, 0xFA92, 0x548A, 0xFA93, 0x54A9,	0xFA94, 0x54FF, 0xFA95, 0x5586, 0xFA96, 0x5759, 0xFA97, 0x5765,
	0xFA98, 0x57AC, 0xFA99, 0x57C8, 0xFA9A, 0x57C7, 0xFA9B, 0xFA0F,	0xFA9C, 0xFA10, 0xFA9D, 0x589E, 0xFA9E, 0x58B2, 0xFA9F, 0x590B,
	0xFAA0, 0x5953, 0xFAA1, 0x595B, 0xFAA2, 0x595D, 0xFAA3, 0x5963,	0xFAA4, 0x59A4, 0xFAA5, 0x59BA, 0xFAA6, 0x5B56, 0xFAA7, 0x5BC0,
	0xFAA8, 0x752F, 0xFAA9, 0x5BD8, 0xFAAA, 0x5BEC, 0xFAAB, 0x5C1E,	0xFAAC, 0x5CA6, 0xFAAD, 0x5CBA, 0xFAAE, 0x5CF5, 0xFAAF, 0x5D27,
	0xFAB0, 0x5D53, 0xFAB1, 0xFA11, 0xFAB2, 0x5D42, 0xFAB3, 0x5D6D,	0xFAB4, 0x5DB8, 0xFAB5, 0x5DB9, 0xFAB6, 0x5DD0, 0xFAB7, 0x5F21,
	0xFAB8, 0x5F34, 0xFAB9, 0x5F67, 0xFABA, 0x5FB7, 0xFABB, 0x5FDE,	0xFABC, 0x605D, 0xFABD, 0x6085, 0xFABE, 0x608A, 0xFABF, 0x60DE,
	0xFAC0, 0x60D5, 0xFAC1, 0x6120, 0xFAC2, 0x60F2, 0xFAC3, 0x6111,	0xFAC4, 0x6137, 0xFAC5, 0x6130, 0xFAC6, 0x6198, 0xFAC7, 0x6213,
	0xFAC8, 0x62A6, 0xFAC9, 0x63F5, 0xFACA, 0x6460, 0xFACB, 0x649D,	0xFACC, 0x64CE, 0xFACD, 0x654E, 0xFACE, 0x6600, 0xFACF, 0x6615,
	0xFAD0, 0x663B, 0xFAD1, 0x6609, 0xFAD2, 0x662E, 0xFAD3, 0x661E,	0xFAD4, 0x6624, 0xFAD5, 0x6665, 0xFAD6, 0x6657, 0xFAD7, 0x6659,
	0xFAD8, 0xFA12, 0xFAD9, 0x6673, 0xFADA, 0x6699, 0xFADB, 0x66A0,	0xFADC, 0x66B2, 0xFADD, 0x66BF, 0xFADE, 0x66FA, 0xFADF, 0x670E,
	0xFAE0, 0xF929, 0xFAE1, 0x6766, 0xFAE2, 0x67BB, 0xFAE3, 0x6852,	0xFAE4, 0x67C0, 0xFAE5, 0x6801, 0xFAE6, 0x6844, 0xFAE7, 0x68CF,
	0xFAE8, 0xFA13, 0xFAE9, 0x6968, 0xFAEA, 0xFA14, 0xFAEB, 0x6998,	0xFAEC, 0x69E2, 0xFAED, 0x6A30, 0xFAEE, 0x6A6B, 0xFAEF, 0x6A46,
	0xFAF0, 0x6A73, 0xFAF1, 0x6A7E, 0xFAF2, 0x6AE2, 0xFAF3, 0x6AE4,	0xFAF4, 0x6BD6, 0xFAF5, 0x6C3F, 0xFAF6, 0x6C5C, 0xFAF7, 0x6C86,
	0xFAF8, 0x6C6F, 0xFAF9, 0x6CDA, 0xFAFA, 0x6D04, 0xFAFB, 0x6D87,	0xFAFC, 0x6D6F, 0xFB40, 0x6D96, 0xFB41, 0x6DAC, 0xFB42, 0x6DCF,
	0xFB43, 0x6DF8, 0xFB44, 0x6DF2, 0xFB45, 0x6DFC, 0xFB46, 0x6E39,	0xFB47, 0x6E5C, 0xFB48, 0x6E27, 0xFB49, 0x6E3C, 0xFB4A, 0x6EBF,
	0xFB4B, 0x6F88, 0xFB4C, 0x6FB5, 0xFB4D, 0x6FF5, 0xFB4E, 0x7005,	0xFB4F, 0x7007, 0xFB50, 0x7028, 0xFB51, 0x7085, 0xFB52, 0x70AB,
	0xFB53, 0x710F, 0xFB54, 0x7104, 0xFB55, 0x715C, 0xFB56, 0x7146,	0xFB57, 0x7147, 0xFB58, 0xFA15, 0xFB59, 0x71C1, 0xFB5A, 0x71FE,
	0xFB5B, 0x72B1, 0xFB5C, 0x72BE, 0xFB5D, 0x7324, 0xFB5E, 0xFA16,	0xFB5F, 0x7377, 0xFB60, 0x73BD, 0xFB61, 0x73C9, 0xFB62, 0x73D6,
	0xFB63, 0x73E3, 0xFB64, 0x73D2, 0xFB65, 0x7407, 0xFB66, 0x73F5,	0xFB67, 0x7426, 0xFB68, 0x742A, 0xFB69, 0x7429, 0xFB6A, 0x742E,
	0xFB6B, 0x7462, 0xFB6C, 0x7489, 0xFB6D, 0x749F, 0xFB6E, 0x7501,	0xFB6F, 0x756F, 0xFB70, 0x7682, 0xFB71, 0x769C, 0xFB72, 0x769E,
	0xFB73, 0x769B, 0xFB74, 0x76A6, 0xFB75, 0xFA17, 0xFB76, 0x7746,	0xFB77, 0x52AF, 0xFB78, 0x7821, 0xFB79, 0x784E, 0xFB7A, 0x7864,
	0xFB7B, 0x787A, 0xFB7C, 0x7930, 0xFB7D, 0xFA18, 0xFB7E, 0xFA19,	0xFB80, 0xFA1A, 0xFB81, 0x7994, 0xFB82, 0xFA1B, 0xFB83, 0x799B,
	0xFB84, 0x7AD1, 0xFB85, 0x7AE7, 0xFB86, 0xFA1C, 0xFB87, 0x7AEB,	0xFB88, 0x7B9E, 0xFB89, 0xFA1D, 0xFB8A, 0x7D48, 0xFB8B, 0x7D5C,
	0xFB8C, 0x7DB7, 0xFB8D, 0x7DA0, 0xFB8E, 0x7DD6, 0xFB8F, 0x7E52,	0xFB90, 0x7F47, 0xFB91, 0x7FA1, 0xFB92, 0xFA1E, 0xFB93, 0x8301,
	0xFB94, 0x8362, 0xFB95, 0x837F, 0xFB96, 0x83C7, 0xFB97, 0x83F6,	0xFB98, 0x8448, 0xFB99, 0x84B4, 0xFB9A, 0x8553, 0xFB9B, 0x8559,
	0xFB9C, 0x856B, 0xFB9D, 0xFA1F, 0xFB9E, 0x85B0, 0xFB9F, 0xFA20,	0xFBA0, 0xFA21, 0xFBA1, 0x8807, 0xFBA2, 0x88F5, 0xFBA3, 0x8A12,
	0xFBA4, 0x8A37, 0xFBA5, 0x8A79, 0xFBA6, 0x8AA7, 0xFBA7, 0x8ABE,	0xFBA8, 0x8ADF, 0xFBA9, 0xFA22, 0xFBAA, 0x8AF6, 0xFBAB, 0x8B53,
	0xFBAC, 0x8B7F, 0xFBAD, 0x8CF0, 0xFBAE, 0x8CF4, 0xFBAF, 0x8D12,	0xFBB0, 0x8D76, 0xFBB1, 0xFA23, 0xFBB2, 0x8ECF, 0xFBB3, 0xFA24,
	0xFBB4, 0xFA25, 0xFBB5, 0x9067, 0xFBB6, 0x90DE, 0xFBB7, 0xFA26,	0xFBB8, 0x9115, 0xFBB9, 0x9127, 0xFBBA, 0x91DA, 0xFBBB, 0x91D7,
	0xFBBC, 0x91DE, 0xFBBD, 0x91ED, 0xFBBE, 0x91EE, 0xFBBF, 0x91E4,	0xFBC0, 0x91E5, 0xFBC1, 0x9206, 0xFBC2, 0x9210, 0xFBC3, 0x920A,
	0xFBC4, 0x923A, 0xFBC5, 0x9240, 0xFBC6, 0x923C, 0xFBC7, 0x924E,	0xFBC8, 0x9259, 0xFBC9, 0x9251, 0xFBCA, 0x9239, 0xFBCB, 0x9267,
	0xFBCC, 0x92A7, 0xFBCD, 0x9277, 0xFBCE, 0x9278, 0xFBCF, 0x92E7,	0xFBD0, 0x92D7, 0xFBD1, 0x92D9, 0xFBD2, 0x92D0, 0xFBD3, 0xFA27,
	0xFBD4, 0x92D5, 0xFBD5, 0x92E0, 0xFBD6, 0x92D3, 0xFBD7, 0x9325,	0xFBD8, 0x9321, 0xFBD9, 0x92FB, 0xFBDA, 0xFA28, 0xFBDB, 0x931E,
	0xFBDC, 0x92FF, 0xFBDD, 0x931D, 0xFBDE, 0x9302, 0xFBDF, 0x9370,	0xFBE0, 0x9357, 0xFBE1, 0x93A4, 0xFBE2, 0x93C6, 0xFBE3, 0x93DE,
	0xFBE4, 0x93F8, 0xFBE5, 0x9431, 0xFBE6, 0x9445, 0xFBE7, 0x9448,	0xFBE8, 0x9592, 0xFBE9, 0xF9DC, 0xFBEA, 0xFA29, 0xFBEB, 0x969D,
	0xFBEC, 0x96AF, 0xFBED, 0x9733, 0xFBEE, 0x973B, 0xFBEF, 0x9743,	0xFBF0, 0x974D, 0xFBF1, 0x974F, 0xFBF2, 0x9751, 0xFBF3, 0x9755,
	0xFBF4, 0x9857, 0xFBF5, 0x9865, 0xFBF6, 0xFA2A, 0xFBF7, 0xFA2B,	0xFBF8, 0x9927, 0xFBF9, 0xFA2C, 0xFBFA, 0x999E, 0xFBFB, 0x9A4E,
	0xFBFC, 0x9AD9, 0xFC40, 0x9ADC, 0xFC41, 0x9B75, 0xFC42, 0x9B72,	0xFC43, 0x9B8F, 0xFC44, 0x9BB1, 0xFC45, 0x9BBB, 0xFC46, 0x9C00,
	0xFC47, 0x9D70, 0xFC48, 0x9D6B, 0xFC49, 0xFA2D, 0xFC4A, 0x9E19,	0xFC4B, 0x9ED1, 0, 0
};
#endif

#if FF_CODE_PAGE == 936 || FF_CODE_PAGE == 0	/* Simplified Chinese */
static const WCHAR uni2oem936[] = {	/* Unicode --> GBK pairs */
	0x00A4, 0xA1E8, 0x00A7, 0xA1EC, 0x00A8, 0xA1A7, 0x00B0, 0xA1E3,	0x00B1, 0xA1C0, 0x00B7, 0xA1A4, 0x00D7, 0xA1C1, 0x00E0, 0xA8A4,
	0x00E1, 0xA8A2, 0x00E8, 0xA8A8, 0x00E9, 0xA8A6, 0x00EA, 0xA8BA,	0x00EC, 0xA8AC, 0x00ED, 0xA8AA, 0x00F2, 0xA8B0, 0x00F3, 0xA8AE,
	0x00F7, 0xA1C2, 0x00F9, 0xA8B4, 0x00FA, 0xA8B2, 0x00FC, 0xA8B9,	0x0101, 0xA8A1, 0x0113, 0xA8A5, 0x011B, 0xA8A7, 0x012B, 0xA8A9,
	0x0144, 0xA8BD, 0x0148, 0xA8BE, 0x014D, 0xA8AD, 0x016B, 0xA8B1,	0x01CE, 0xA8A3, 0x01D0, 0xA8AB, 0x01D2, 0xA8AF, 0x01D4, 0xA8B3,
	0x01D6, 0xA8B5, 0x01D8, 0xA8B6, 0x01DA, 0xA8B7, 0x01DC, 0xA8B8,	0x0251, 0xA8BB, 0x0261, 0xA8C0, 0x02C7, 0xA1A6, 0x02C9, 0xA1A5,
	0x02CA, 0xA840, 0x02CB, 0xA841, 0x02D9, 0xA842, 0x0391, 0xA6A1,	0x0392, 0xA6A2, 0x0393, 0xA6A3, 0x0394, 0xA6A4, 0x0395, 0xA6A5,
	0x0396, 0xA6A6, 0x0397, 0xA6A7, 0x0398, 0xA6A8, 0x0399, 0xA6A9,	0x039A, 0xA6AA, 0x039B, 0xA6AB, 0x039C, 0xA6AC, 0x039D, 0xA6AD,
	0x039E, 0xA6AE, 0x039F, 0xA6AF, 0x03A0, 0xA6B0, 0x03A1, 0xA6B1,	0x03A3, 0xA6B2, 0x03A4, 0xA6B3, 0x03A5, 0xA6B4, 0x03A6, 0xA6B5,
	0x03A7, 0xA6B6, 0x03A8, 0xA6B7, 0x03A9, 0xA6B8, 0x03B1, 0xA6C1,	0x03B2, 0xA6C2, 0x03B3, 0xA6C3, 0x03B4, 0xA6C4, 0x03B5, 0xA6C5,
	0x03B6, 0xA6C6, 0x03B7, 0xA6C7, 0x03B8, 0xA6C8, 0x03B9, 0xA6C9,	0x03BA, 0xA6CA, 0x03BB, 0xA6CB, 0x03BC, 0xA6CC, 0x03BD, 0xA6CD,
	0x03BE, 0xA6CE, 0x03BF, 0xA6CF, 0x03C0, 0xA6D0, 0x03C1, 0xA6D1,	0x03C3, 0xA6D2, 0x03C4, 0xA6D3, 0x03C5, 0xA6D4, 0x03C6, 0xA6D5,
	0x03C7, 0xA6D6, 0x03C8, 0xA6D7, 0x03C9, 0xA6D8, 0x0401, 0xA7A7,	0x0410, 0xA7A1, 0x0411, 0xA7A2, 0x0412, 0xA7A3, 0x0413, 0xA7A4,
	0x0414, 0xA7A5, 0x0415, 0xA7A6, 0x0416, 0xA7A8, 0x0417, 0xA7A9,	0x0418, 0xA7AA, 0x0419, 0xA7AB, 0x041A, 0xA7AC, 0x041B, 0xA7AD,
	0x041C, 0xA7AE, 0x041D, 0xA7AF, 0x041E, 0xA7B0, 0x041F, 0xA7B1,	0x0420, 0xA7B2, 0x0421, 0xA7B3, 0x0422, 0xA7B4, 0x0423, 0xA7B5,
	0x0424, 0xA7B6, 0x0425, 0xA7B7, 0x0426, 0xA7B8, 0x0427, 0xA7B9,	0x0428, 0xA7BA, 0x0429, 0xA7BB, 0x042A, 0xA7BC, 0x042B, 0xA7BD,
	0x042C, 0xA7BE, 0x042D, 0xA7BF, 0x042E, 0xA7C0, 0x042F, 0xA7C1,	0x0430, 0xA7D1, 0x0431, 0xA7D2, 0x0432, 0xA7D3, 0x0433, 0xA7D4,
	0x0434, 0xA7D5, 0x0435, 0xA7D6, 0x0436, 0xA7D8, 0x0437, 0xA7D9,	0x0438, 0xA7DA, 0x0439, 0xA7DB, 0x043A, 0xA7DC, 0x043B, 0xA7DD,
	0x043C, 0xA7DE, 0x043D, 0xA7DF, 0x043E, 0xA7E0, 0x043F, 0xA7E1,	0x0440, 0xA7E2, 0x0441, 0xA7E3, 0x0442, 0xA7E4, 0x0443, 0xA7E5,
	0x0444, 0xA7E6, 0x0445, 0xA7E7, 0x0446, 0xA7E8, 0x0447, 0xA7E9,	0x0448, 0xA7EA, 0x0449, 0xA7EB, 0x044A, 0xA7EC, 0x044B, 0xA7ED,
	0x044C, 0xA7EE, 0x044D, 0xA7EF, 0x044E, 0xA7F0, 0x044F, 0xA7F1,	0x0451, 0xA7D7, 0x2010, 0xA95C, 0x2013, 0xA843, 0x2014, 0xA1AA,
	0x2015, 0xA844, 0x2016, 0xA1AC, 0x2018, 0xA1AE, 0x2019, 0xA1AF,	0x201C, 0xA1B0, 0x201D, 0xA1B1, 0x2025, 0xA845, 0x2026, 0xA1AD,
	0x2030, 0xA1EB, 0x2032, 0xA1E4, 0x2033, 0xA1E5, 0x2035, 0xA846,	0x203B, 0xA1F9, 0x20AC, 0x0080, 0x2103, 0xA1E6, 0x2105, 0xA847,
	0x2109, 0xA848, 0x2116, 0xA1ED, 0x2121, 0xA959, 0x2160, 0xA2F1,	0x2161, 0xA2F2, 0x2162, 0xA2F3, 0x2163, 0xA2F4, 0x2164, 0xA2F5,
	0x2165, 0xA2F6, 0x2166, 0xA2F7, 0x2167, 0xA2F8, 0x2168, 0xA2F9,	0x2169, 0xA2FA, 0x216A, 0xA2FB, 0x216B, 0xA2FC, 0x2170, 0xA2A1,
	0x2171, 0xA2A2, 0x2172, 0xA2A3, 0x2173, 0xA2A4, 0x2174, 0xA2A5,	0x2175, 0xA2A6, 0x2176, 0xA2A7, 0x2177, 0xA2A8, 0x2178, 0xA2A9,
	0x2179, 0xA2AA, 0x2190, 0xA1FB, 0x2191, 0xA1FC, 0x2192, 0xA1FA,	0x2193, 0xA1FD, 0x2196, 0xA849, 0x2197, 0xA84A, 0x2198, 0xA84B,
	0x2199, 0xA84C, 0x2208, 0xA1CA, 0x220F, 0xA1C7, 0x2211, 0xA1C6,	0x2215, 0xA84D, 0x221A, 0xA1CC, 0x221D, 0xA1D8, 0x221E, 0xA1DE,
	0x221F, 0xA84E, 0x2220, 0xA1CF, 0x2223, 0xA84F, 0x2225, 0xA1CE,	0x2227, 0xA1C4, 0x2228, 0xA1C5, 0x2229, 0xA1C9, 0x222A, 0xA1C8,
	0x222B, 0xA1D2, 0x222E, 0xA1D3, 0x2234, 0xA1E0, 0x2235, 0xA1DF,	0x2236, 0xA1C3, 0x2237, 0xA1CB, 0x223D, 0xA1D7, 0x2248, 0xA1D6,
	0x224C, 0xA1D5, 0x2252, 0xA850, 0x2260, 0xA1D9, 0x2261, 0xA1D4,	0x2264, 0xA1DC, 0x2265, 0xA1DD, 0x2266, 0xA851, 0x2267, 0xA852,
	0x226E, 0xA1DA, 0x226F, 0xA1DB, 0x2295, 0xA892, 0x2299, 0xA1D1,	0x22A5, 0xA1CD, 0x22BF, 0xA853, 0x2312, 0xA1D0, 0x2460, 0xA2D9,
	0x2461, 0xA2DA, 0x2462, 0xA2DB, 0x2463, 0xA2DC, 0x2464, 0xA2DD,	0x2465, 0xA2DE, 0x2466, 0xA2DF, 0x2467, 0xA2E0, 0x2468, 0xA2E1,
	0x2469, 0xA2E2, 0x2474, 0xA2C5, 0x2475, 0xA2C6, 0x2476, 0xA2C7,	0x2477, 0xA2C8, 0x2478, 0xA2C9, 0x2479, 0xA2CA, 0x247A, 0xA2CB,
	0x247B, 0xA2CC, 0x247C, 0xA2CD, 0x247D, 0xA2CE, 0x247E, 0xA2CF,	0x247F, 0xA2D0, 0x2480, 0xA2D1, 0x2481, 0xA2D2, 0x2482, 0xA2D3,
	0x2483, 0xA2D4, 0x2484, 0xA2D5, 0x2485, 0xA2D6, 0x2486, 0xA2D7,	0x2487, 0xA2D8, 0x2488, 0xA2B1, 0x2489, 0xA2B2, 0x248A, 0xA2B3,
	0x248B, 0xA2B4, 0x248C, 0xA2B5, 0x248D, 0xA2B6, 0x248E, 0xA2B7,	0x248F, 0xA2B8, 0x2490, 0xA2B9, 0x2491, 0xA2BA, 0x2492, 0xA2BB,
	0x2493, 0xA2BC, 0x2494, 0xA2BD, 0x2495, 0xA2BE, 0x2496, 0xA2BF,	0x2497, 0xA2C0, 0x2498, 0xA2C1, 0x2499, 0xA2C2, 0x249A, 0xA2C3,
	0x249B, 0xA2C4, 0x2500, 0xA9A4, 0x2501, 0xA9A5, 0x2502, 0xA9A6,	0x2503, 0xA9A7, 0x2504, 0xA9A8, 0x2505, 0xA9A9, 0x2506, 0xA9AA,
	0x2507, 0xA9AB, 0x2508, 0xA9AC, 0x2509, 0xA9AD, 0x250A, 0xA9AE,	0x250B, 0xA9AF, 0x250C, 0xA9B0, 0x250D, 0xA9B1, 0x250E, 0xA9B2,
	0x250F, 0xA9B3, 0x2510, 0xA9B4, 0x2511, 0xA9B5, 0x2512, 0xA9B6,	0x2513, 0xA9B7, 0x2514, 0xA9B8, 0x2515, 0xA9B9, 0x2516, 0xA9BA,
	0x2517, 0xA9BB, 0x2518, 0xA9BC, 0x2519, 0xA9BD, 0x251A, 0xA9BE,	0x251B, 0xA9BF, 0x251C, 0xA9C0, 0x251D, 0xA9C1, 0x251E, 0xA9C2,
	0x251F, 0xA9C3, 0x2520, 0xA9C4, 0x2521, 0xA9C5, 0x2522, 0xA9C6,	0x2523, 0xA9C7, 0x2524, 0xA9C8, 0x2525, 0xA9C9, 0x2526, 0xA9CA,
	0x2527, 0xA9CB, 0x2528, 0xA9CC, 0x2529, 0xA9CD, 0x252A, 0xA9CE,	0x252B, 0xA9CF, 0x252C, 0xA9D0, 0x252D, 0xA9D1, 0x252E, 0xA9D2,
	0x252F, 0xA9D3, 0x2530, 0xA9D4, 0x2531, 0xA9D5, 0x2532, 0xA9D6,	0x2533, 0xA9D7, 0x2534, 0xA9D8, 0x2535, 0xA9D9, 0x2536, 0xA9DA,
	0x2537, 0xA9DB, 0x2538, 0xA9DC, 0x2539, 0xA9DD, 0x253A, 0xA9DE,	0x253B, 0xA9DF, 0x253C, 0xA9E0, 0x253D, 0xA9E1, 0x253E, 0xA9E2,
	0x253F, 0xA9E3, 0x2540, 0xA9E4, 0x2541, 0xA9E5, 0x2542, 0xA9E6,	0x2543, 0xA9E7, 0x2544, 0xA9E8, 0x2545, 0xA9E9, 0x2546, 0xA9EA,
	0x2547, 0xA9EB, 0x2548, 0xA9EC, 0x2549, 0xA9ED, 0x254A, 0xA9EE,	0x254B, 0xA9EF, 0x2550, 0xA854, 0x2551, 0xA855, 0x2552, 0xA856,
	0x2553, 0xA857, 0x2554, 0xA858, 0x2555, 0xA859, 0x2556, 0xA85A,	0x2557, 0xA85B, 0x2558, 0xA85C, 0x2559, 0xA85D, 0x255A, 0xA85E,
	0x255B, 0xA85F, 0x255C, 0xA860, 0x255D, 0xA861, 0x255E, 0xA862,	0x255F, 0xA863, 0x2560, 0xA864, 0x2561, 0xA865, 0x2562, 0xA866,
	0x2563, 0xA867, 0x2564, 0xA868, 0x2565, 0xA869, 0x2566, 0xA86A,	0x2567, 0xA86B, 0x2568, 0xA86C, 0x2569, 0xA86D, 0x256A, 0xA86E,
	0x256B, 0xA86F, 0x256C, 0xA870, 0x256D, 0xA871, 0x256E, 0xA872,	0x256F, 0xA873, 0x2570, 0xA874, 0x2571, 0xA875, 0x2572, 0xA876,
	0x2573, 0xA877, 0x2581, 0xA878, 0x2582, 0xA879, 0x2583, 0xA87A,	0x2584, 0xA87B, 0x2585, 0xA87C, 0x2586, 0xA87D, 0x2587, 0xA87E,
	0x2588, 0xA880, 0x2589, 0xA881, 0x258A, 0xA882, 0x258B, 0xA883,	0x258C, 0xA884, 0x258D, 0xA885, 0x258E, 0xA886, 0x258F, 0xA887,
	0x2593, 0xA888, 0x2594, 0xA889, 0x2595, 0xA88A, 0x25A0, 0xA1F6,	0x25A1, 0xA1F5, 0x25B2, 0xA1F8, 0x25B3, 0xA1F7, 0x25BC, 0xA88B,
	0x25BD, 0xA88C, 0x25C6, 0xA1F4, 0x25C7, 0xA1F3, 0x25CB, 0xA1F0,	0x25CE, 0xA1F2, 0x25CF, 0xA1F1, 0x25E2, 0xA88D, 0x25E3, 0xA88E,
	0x25E4, 0xA88F, 0x25E5, 0xA890, 0x2605, 0xA1EF, 0x2606, 0xA1EE,	0x2609, 0xA891, 0x2640, 0xA1E2, 0x2642, 0xA1E1, 0x3000, 0xA1A1,
	0x3001, 0xA1A2, 0x3002, 0xA1A3, 0x3003, 0xA1A8, 0x3005, 0xA1A9,	0x3006, 0xA965, 0x3007, 0xA996, 0x3008, 0xA1B4, 0x3009, 0xA1B5,
	0x300A, 0xA1B6, 0x300B, 0xA1B7, 0x300C, 0xA1B8, 0x300D, 0xA1B9,	0x300E, 0xA1BA, 0x300F, 0xA1BB, 0x3010, 0xA1BE, 0x3011, 0xA1BF,
	0x3012, 0xA893, 0x3013, 0xA1FE, 0x3014, 0xA1B2, 0x3015, 0xA1B3,	0x3016, 0xA1BC, 0x3017, 0xA1BD, 0x301D, 0xA894, 0x301E, 0xA895,
	0x3021, 0xA940, 0x3022, 0xA941, 0x3023, 0xA942, 0x3024, 0xA943,	0x3025, 0xA944, 0x3026, 0xA945, 0x3027, 0xA946, 0x3028, 0xA947,
	0x3029, 0xA948, 0x3041, 0xA4A1, 0x3042, 0xA4A2, 0x3043, 0xA4A3,	0x3044, 0xA4A4, 0x3045, 0xA4A5, 0x3046, 0xA4A6, 0x3047, 0xA4A7,
	0x3048, 0xA4A8, 0x3049, 0xA4A9, 0x304A, 0xA4AA, 0x304B, 0xA4AB,	0x304C, 0xA4AC, 0x304D, 0xA4AD, 0x304E, 0xA4AE, 0x304F, 0xA4AF,
	0x3050, 0xA4B0, 0x3051, 0xA4B1, 0x3052, 0xA4B2, 0x3053, 0xA4B3,	0x3054, 0xA4B4, 0x3055, 0xA4B5, 0x3056, 0xA4B6, 0x3057, 0xA4B7,
	0x3058, 0xA4B8, 0x3059, 0xA4B9, 0x305A, 0xA4BA, 0x305B, 0xA4BB,	0x305C, 0xA4BC, 0x305D, 0xA4BD, 0x305E, 0xA4BE, 0x305F, 0xA4BF,
	0x3060, 0xA4C0, 0x3061, 0xA4C1, 0x3062, 0xA4C2, 0x3063, 0xA4C3,	0x3064, 0xA4C4, 0x3065, 0xA4C5, 0x3066, 0xA4C6, 0x3067, 0xA4C7,
	0x3068, 0xA4C8, 0x3069, 0xA4C9, 0x306A, 0xA4CA, 0x306B, 0xA4CB,	0x306C, 0xA4CC, 0x306D, 0xA4CD, 0x306E, 0xA4CE, 0x306F, 0xA4CF,
	0x3070, 0xA4D0, 0x3071, 0xA4D1, 0x3072, 0xA4D2, 0x3073, 0xA4D3,	0x3074, 0xA4D4, 0x3075, 0xA4D5, 0x3076, 0xA4D6, 0x3077, 0xA4D7,
	0x3078, 0xA4D8, 0x3079, 0xA4D9, 0x307A, 0xA4DA, 0x307B, 0xA4DB,	0x307C, 0xA4DC, 0x307D, 0xA4DD, 0x307E, 0xA4DE, 0x307F, 0xA4DF,
	0x3080, 0xA4E0, 0x3081, 0xA4E1, 0x3082, 0xA4E2, 0x3083, 0xA4E3,	0x3084, 0xA4E4, 0x3085, 0xA4E5, 0x3086, 0xA4E6, 0x3087, 0xA4E7,
	0x3088, 0xA4E8, 0x3089, 0xA4E9, 0x308A, 0xA4EA, 0x308B, 0xA4EB,	0x308C, 0xA4EC, 0x308D, 0xA4ED, 0x308E, 0xA4EE, 0x308F, 0xA4EF,
	0x3090, 0xA4F0, 0x3091, 0xA4F1, 0x3092, 0xA4F2, 0x3093, 0xA4F3,	0x309B, 0xA961, 0x309C, 0xA962, 0x309D, 0xA966, 0x309E, 0xA967,
	0x30A1, 0xA5A1, 0x30A2, 0xA5A2, 0x30A3, 0xA5A3, 0x30A4, 0xA5A4,	0x30A5, 0xA5A5, 0x30A6, 0xA5A6, 0x30A7, 0xA5A7, 0x30A8, 0xA5A8,
	0x30A9, 0xA5A9, 0x30AA, 0xA5AA, 0x30AB, 0xA5AB, 0x30AC, 0xA5AC,	0x30AD, 0xA5AD, 0x30AE, 0xA5AE, 0x30AF, 0xA5AF, 0x30B0, 0xA5B0,
	0x30B1, 0xA5B1, 0x30B2, 0xA5B2, 0x30B3, 0xA5B3, 0x30B4, 0xA5B4,	0x30B5, 0xA5B5, 0x30B6, 0xA5B6, 0x30B7, 0xA5B7, 0x30B8, 0xA5B8,
	0x30B9, 0xA5B9, 0x30BA, 0xA5BA, 0x30BB, 0xA5BB, 0x30BC, 0xA5BC,	0x30BD, 0xA5BD, 0x30BE, 0xA5BE, 0x30BF, 0xA5BF, 0x30C0, 0xA5C0,
	0x30C1, 0xA5C1, 0x30C2, 0xA5C2, 0x30C3, 0xA5C3, 0x30C4, 0xA5C4,	0x30C5, 0xA5C5, 0x30C6, 0xA5C6, 0x30C7, 0xA5C7, 0x30C8, 0xA5C8,
	0x30C9, 0xA5C9, 0x30CA, 0xA5CA, 0x30CB, 0xA5CB, 0x30CC, 0xA5CC,	0x30CD, 0xA5CD, 0x30CE, 0xA5CE, 0x30CF, 0xA5CF, 0x30D0, 0xA5D0,
	0x30D1, 0xA5D1, 0x30D2, 0xA5D2, 0x30D3, 0xA5D3, 0x30D4, 0xA5D4,	0x30D5, 0xA5D5, 0x30D6, 0xA5D6, 0x30D7, 0xA5D7, 0x30D8, 0xA5D8,
	0x30D9, 0xA5D9, 0x30DA, 0xA5DA, 0x30DB, 0xA5DB, 0x30DC, 0xA5DC,	0x30DD, 0xA5DD, 0x30DE, 0xA5DE, 0x30DF, 0xA5DF, 0x30E0, 0xA5E0,
	0x30E1, 0xA5E1, 0x30E2, 0xA5E2, 0x30E3, 0xA5E3, 0x30E4, 0xA5E4,	0x30E5, 0xA5E5, 0x30E6, 0xA5E6, 0x30E7, 0xA5E7, 0x30E8, 0xA5E8,
	0x30E9, 0xA5E9, 0x30EA, 0xA5EA, 0x30EB, 0xA5EB, 0x30EC, 0xA5EC,	0x30ED, 0xA5ED, 0x30EE, 0xA5EE, 0x30EF, 0xA5EF, 0x30F0, 0xA5F0,
	0x30F1, 0xA5F1, 0x30F2, 0xA5F2, 0x30F3, 0xA5F3, 0x30F4, 0xA5F4,	0x30F5, 0xA5F5, 0x30F6, 0xA5F6, 0x30FC, 0xA960, 0x30FD, 0xA963,
	0x30FE, 0xA964, 0x3105, 0xA8C5, 0x3106, 0xA8C6, 0x3107, 0xA8C7,	0x3108, 0xA8C8, 0x3109, 0xA8C9, 0x310A, 0xA8CA, 0x310B, 0xA8CB,
	0x310C, 0xA8CC, 0x310D, 0xA8CD, 0x310E, 0xA8CE, 0x310F, 0xA8CF,	0x3110, 0xA8D0, 0x3111, 0xA8D1, 0x3112, 0xA8D2, 0x3113, 0xA8D3,
	0x3114, 0xA8D4, 0x3115, 0xA8D5, 0x3116, 0xA8D6, 0x3117, 0xA8D7,	0x3118, 0xA8D8, 0x3119, 0xA8D9, 0x311A, 0xA8DA, 0x311B, 0xA8DB,
	0x311C, 0xA8DC, 0x311D, 0xA8DD, 0x311E, 0xA8DE, 0x311F, 0xA8DF,	0x3120, 0xA8E0, 0x3121, 0xA8E1, 0x3122, 0xA8E2, 0x3123, 0xA8E3,
	0x3124, 0xA8E4, 0x3125, 0xA8E5, 0x3126, 0xA8E6, 0x3127, 0xA8E7,	0x3128, 0xA8E8, 0x3129, 0xA8E9, 0x3220, 0xA2E5, 0x3221, 0xA2E6,
	0x3222, 0xA2E7, 0x3223, 0xA2E8, 0x3224, 0xA2E9, 0x3225, 0xA2EA,	0x3226, 0xA2EB, 0x3227, 0xA2EC, 0x3228, 0xA2ED, 0x3229, 0xA2EE,
	0x3231, 0xA95A, 0x32A3, 0xA949, 0x338E, 0xA94A, 0x338F, 0xA94B,	0x339C, 0xA94C, 0x339D, 0xA94D, 0x339E, 0xA94E, 0x33A1, 0xA94F,
	0x33C4, 0xA950, 0x33CE, 0xA951, 0x33D1, 0xA952, 0x33D2, 0xA953,	0x33D5, 0xA954, 0x4E00, 0xD2BB, 0x4E01, 0xB6A1, 0x4E02, 0x8140,
	0x4E03, 0xC6DF, 0x4E04, 0x8141, 0x4E05, 0x8142, 0x4E06, 0x8143,	0x4E07, 0xCDF2, 0x4E08, 0xD5C9, 0x4E09, 0xC8FD, 0x4E0A, 0xC9CF,
	0x4E0B, 0xCFC2, 0x4E0C, 0xD8A2, 0x4E0D, 0xB2BB, 0x4E0E, 0xD3EB,	0x4E0F, 0x8144, 0x4E10, 0xD8A4, 0x4E11, 0xB3F3, 0x4E12, 0x8145,
	0x4E13, 0xD7A8, 0x4E14, 0xC7D2, 0x4E15, 0xD8A7, 0x4E16, 0xCAC0,	0x4E17, 0x8146, 0x4E18, 0xC7F0, 0x4E19, 0xB1FB, 0x4E1A, 0xD2B5,
	0x4E1B, 0xB4D4, 0x4E1C, 0xB6AB, 0x4E1D, 0xCBBF, 0x4E1E, 0xD8A9,	0x4E1F, 0x8147, 0x4E20, 0x8148, 0x4E21, 0x8149, 0x4E22, 0xB6AA,
	0x4E23, 0x814A, 0x4E24, 0xC1BD, 0x4E25, 0xD1CF, 0x4E26, 0x814B,	0x4E27, 0xC9A5, 0x4E28, 0xD8AD, 0x4E29, 0x814C, 0x4E2A, 0xB8F6,
	0x4E2B, 0xD1BE, 0x4E2C, 0xE3DC, 0x4E2D, 0xD6D0, 0x4E2E, 0x814D,	0x4E2F, 0x814E, 0x4E30, 0xB7E1, 0x4E31, 0x814F, 0x4E32, 0xB4AE,
	0x4E33, 0x8150, 0x4E34, 0xC1D9, 0x4E35, 0x8151, 0x4E36, 0xD8BC,	0x4E37, 0x8152, 0x4E38, 0xCDE8, 0x4E39, 0xB5A4, 0x4E3A, 0xCEAA,
	0x4E3B, 0xD6F7, 0x4E3C, 0x8153, 0x4E3D, 0xC0F6, 0x4E3E, 0xBED9,	0x4E3F, 0xD8AF, 0x4E40, 0x8154, 0x4E41, 0x8155, 0x4E42, 0x8156,
	0x4E43, 0xC4CB, 0x4E44, 0x8157, 0x4E45, 0xBEC3, 0x4E46, 0x8158,	0x4E47, 0xD8B1, 0x4E48, 0xC3B4, 0x4E49, 0xD2E5, 0x4E4A, 0x8159,
	0x4E4B, 0xD6AE, 0x4E4C, 0xCEDA, 0x4E4D, 0xD5A7, 0x4E4E, 0xBAF5,	0x4E4F, 0xB7A6, 0x4E50, 0xC0D6, 0x4E51, 0x815A, 0x4E52, 0xC6B9,
	0x4E53, 0xC5D2, 0x4E54, 0xC7C7, 0x4E55, 0x815B, 0x4E56, 0xB9D4,	0x4E57, 0x815C, 0x4E58, 0xB3CB, 0x4E59, 0xD2D2, 0x4E5A, 0x815D,
	0x4E5B, 0x815E, 0x4E5C, 0xD8BF, 0x4E5D, 0xBEC5, 0x4E5E, 0xC6F2,	0x4E5F, 0xD2B2, 0x4E60, 0xCFB0, 0x4E61, 0xCFE7, 0x4E62, 0x815F,
	0x4E63, 0x8160, 0x4E64, 0x8161, 0x4E65, 0x8162, 0x4E66, 0xCAE9,	0x4E67, 0x8163, 0x4E68, 0x8164, 0x4E69, 0xD8C0, 0x4E6A, 0x8165,
	0x4E6B, 0x8166, 0x4E6C, 0x8167, 0x4E6D, 0x8168, 0x4E6E, 0x8169,	0x4E6F, 0x816A, 0x4E70, 0xC2F2, 0x4E71, 0xC2D2, 0x4E72, 0x816B,
	0x4E73, 0xC8E9, 0x4E74, 0x816C, 0x4E75, 0x816D, 0x4E76, 0x816E,	0x4E77, 0x816F, 0x4E78, 0x8170, 0x4E79, 0x8171, 0x4E7A, 0x8172,
	0x4E7B, 0x8173, 0x4E7C, 0x8174, 0x4E7D, 0x8175, 0x4E7E, 0xC7AC,	0x4E7F, 0x8176, 0x4E80, 0x8177, 0x4E81, 0x8178, 0x4E82, 0x8179,
	0x4E83, 0x817A, 0x4E84, 0x817B, 0x4E85, 0x817C, 0x4E86, 0xC1CB,	0x4E87, 0x817D, 0x4E88, 0xD3E8, 0x4E89, 0xD5F9, 0x4E8A, 0x817E,
	0x4E8B, 0xCAC2, 0x4E8C, 0xB6FE, 0x4E8D, 0xD8A1, 0x4E8E, 0xD3DA,	0x4E8F, 0xBFF7, 0x4E90, 0x8180, 0x4E91, 0xD4C6, 0x4E92, 0xBBA5,
	0x4E93, 0xD8C1, 0x4E94, 0xCEE5, 0x4E95, 0xBEAE, 0x4E96, 0x8181,	0x4E97, 0x8182, 0x4E98, 0xD8A8, 0x4E99, 0x8183, 0x4E9A, 0xD1C7,
	0x4E9B, 0xD0A9, 0x4E9C, 0x8184, 0x4E9D, 0x8185, 0x4E9E, 0x8186,	0x4E9F, 0xD8BD, 0x4EA0, 0xD9EF, 0x4EA1, 0xCDF6, 0x4EA2, 0xBFBA,
	0x4EA3, 0x8187, 0x4EA4, 0xBDBB, 0x4EA5, 0xBAA5, 0x4EA6, 0xD2E0,	0x4EA7, 0xB2FA, 0x4EA8, 0xBAE0, 0x4EA9, 0xC4B6, 0x4EAA, 0x8188,
	0x4EAB, 0xCFED, 0x4EAC, 0xBEA9, 0x4EAD, 0xCDA4, 0x4EAE, 0xC1C1,	0x4EAF, 0x8189, 0x4EB0, 0x818A, 0x4EB1, 0x818B, 0x4EB2, 0xC7D7,
	0x4EB3, 0xD9F1, 0x4EB4, 0x818C, 0x4EB5, 0xD9F4, 0x4EB6, 0x818D,	0x4EB7, 0x818E, 0x4EB8, 0x818F, 0x4EB9, 0x8190, 0x4EBA, 0xC8CB,
	0x4EBB, 0xD8E9, 0x4EBC, 0x8191, 0x4EBD, 0x8192, 0x4EBE, 0x8193,	0x4EBF, 0xD2DA, 0x4EC0, 0xCAB2, 0x4EC1, 0xC8CA, 0x4EC2, 0xD8EC,
	0x4EC3, 0xD8EA, 0x4EC4, 0xD8C6, 0x4EC5, 0xBDF6, 0x4EC6, 0xC6CD,	0x4EC7, 0xB3F0, 0x4EC8, 0x8194, 0x4EC9, 0xD8EB, 0x4ECA, 0xBDF1,
	0x4ECB, 0xBDE9, 0x4ECC, 0x8195, 0x4ECD, 0xC8D4, 0x4ECE, 0xB4D3,	0x4ECF, 0x8196, 0x4ED0, 0x8197, 0x4ED1, 0xC2D8, 0x4ED2, 0x8198,
	0x4ED3, 0xB2D6, 0x4ED4, 0xD7D0, 0x4ED5, 0xCACB, 0x4ED6, 0xCBFB,	0x4ED7, 0xD5CC, 0x4ED8, 0xB8B6, 0x4ED9, 0xCFC9, 0x4EDA, 0x8199,
	0x4EDB, 0x819A, 0x4EDC, 0x819B, 0x4EDD, 0xD9DA, 0x4EDE, 0xD8F0,	0x4EDF, 0xC7AA, 0x4EE0, 0x819C, 0x4EE1, 0xD8EE, 0x4EE2, 0x819D,
	0x4EE3, 0xB4FA, 0x4EE4, 0xC1EE, 0x4EE5, 0xD2D4, 0x4EE6, 0x819E,	0x4EE7, 0x819F, 0x4EE8, 0xD8ED, 0x4EE9, 0x81A0, 0x4EEA, 0xD2C7,
	0x4EEB, 0xD8EF, 0x4EEC, 0xC3C7, 0x4EED, 0x81A1, 0x4EEE, 0x81A2,	0x4EEF, 0x81A3, 0x4EF0, 0xD1F6, 0x4EF1, 0x81A4, 0x4EF2, 0xD6D9,
	0x4EF3, 0xD8F2, 0x4EF4, 0x81A5, 0x4EF5, 0xD8F5, 0x4EF6, 0xBCFE,	0x4EF7, 0xBCDB, 0x4EF8, 0x81A6, 0x4EF9, 0x81A7, 0x4EFA, 0x81A8,
	0x4EFB, 0xC8CE, 0x4EFC, 0x81A9, 0x4EFD, 0xB7DD, 0x4EFE, 0x81AA,	0x4EFF, 0xB7C2, 0x4F00, 0x81AB, 0x4F01, 0xC6F3, 0x4F02, 0x81AC,
	0x4F03, 0x81AD, 0x4F04, 0x81AE, 0x4F05, 0x81AF, 0x4F06, 0x81B0,	0x4F07, 0x81B1, 0x4F08, 0x81B2, 0x4F09, 0xD8F8, 0x4F0A, 0xD2C1,
	0x4F0B, 0x81B3, 0x4F0C, 0x81B4, 0x4F0D, 0xCEE9, 0x4F0E, 0xBCBF,	0x4F0F, 0xB7FC, 0x4F10, 0xB7A5, 0x4F11, 0xD0DD, 0x4F12, 0x81B5,
	0x4F13, 0x81B6, 0x4F14, 0x81B7, 0x4F15, 0x81B8, 0x4F16, 0x81B9,	0x4F17, 0xD6DA, 0x4F18, 0xD3C5, 0x4F19, 0xBBEF, 0x4F1A, 0xBBE1,
	0x4F1B, 0xD8F1, 0x4F1C, 0x81BA, 0x4F1D, 0x81BB, 0x4F1E, 0xC9A1,	0x4F1F, 0xCEB0, 0x4F20, 0xB4AB, 0x4F21, 0x81BC, 0x4F22, 0xD8F3,
	0x4F23, 0x81BD, 0x4F24, 0xC9CB, 0x4F25, 0xD8F6, 0x4F26, 0xC2D7,	0x4F27, 0xD8F7, 0x4F28, 0x81BE, 0x4F29, 0x81BF, 0x4F2A, 0xCEB1,
	0x4F2B, 0xD8F9, 0x4F2C, 0x81C0, 0x4F2D, 0x81C1, 0x4F2E, 0x81C2,	0x4F2F, 0xB2AE, 0x4F30, 0xB9C0, 0x4F31, 0x81C3, 0x4F32, 0xD9A3,
	0x4F33, 0x81C4, 0x4F34, 0xB0E9, 0x4F35, 0x81C5, 0x4F36, 0xC1E6,	0x4F37, 0x81C6, 0x4F38, 0xC9EC, 0x4F39, 0x81C7, 0x4F3A, 0xCBC5,
	0x4F3B, 0x81C8, 0x4F3C, 0xCBC6, 0x4F3D, 0xD9A4, 0x4F3E, 0x81C9,	0x4F3F, 0x81CA, 0x4F40, 0x81CB, 0x4F41, 0x81CC, 0x4F42, 0x81CD,
	0x4F43, 0xB5E8, 0x4F44, 0x81CE, 0x4F45, 0x81CF, 0x4F46, 0xB5AB,	0x4F47, 0x81D0, 0x4F48, 0x81D1, 0x4F49, 0x81D2, 0x4F4A, 0x81D3,
	0x4F4B, 0x81D4, 0x4F4C, 0x81D5, 0x4F4D, 0xCEBB, 0x4F4E, 0xB5CD,	0x4F4F, 0xD7A1, 0x4F50, 0xD7F4, 0x4F51, 0xD3D3, 0x4F52, 0x81D6,
	0x4F53, 0xCCE5, 0x4F54, 0x81D7, 0x4F55, 0xBACE, 0x4F56, 0x81D8,	0x4F57, 0xD9A2, 0x4F58, 0xD9DC, 0x4F59, 0xD3E0, 0x4F5A, 0xD8FD,
	0x4F5B, 0xB7F0, 0x4F5C, 0xD7F7, 0x4F5D, 0xD8FE, 0x4F5E, 0xD8FA,	0x4F5F, 0xD9A1, 0x4F60, 0xC4E3, 0x4F61, 0x81D9, 0x4F62, 0x81DA,
	0x4F63, 0xD3B6, 0x4F64, 0xD8F4, 0x4F65, 0xD9DD, 0x4F66, 0x81DB,	0x4F67, 0xD8FB, 0x4F68, 0x81DC, 0x4F69, 0xC5E5, 0x4F6A, 0x81DD,
	0x4F6B, 0x81DE, 0x4F6C, 0xC0D0, 0x4F6D, 0x81DF, 0x4F6E, 0x81E0,	0x4F6F, 0xD1F0, 0x4F70, 0xB0DB, 0x4F71, 0x81E1, 0x4F72, 0x81E2,
	0x4F73, 0xBCD1, 0x4F74, 0xD9A6, 0x4F75, 0x81E3, 0x4F76, 0xD9A5,	0x4F77, 0x81E4, 0x4F78, 0x81E5, 0x4F79, 0x81E6, 0x4F7A, 0x81E7,
	0x4F7B, 0xD9AC, 0x4F7C, 0xD9AE, 0x4F7D, 0x81E8, 0x4F7E, 0xD9AB,	0x4F7F, 0xCAB9, 0x4F80, 0x81E9, 0x4F81, 0x81EA, 0x4F82, 0x81EB,
	0x4F83, 0xD9A9, 0x4F84, 0xD6B6, 0x4F85, 0x81EC, 0x4F86, 0x81ED,	0x4F87, 0x81EE, 0x4F88, 0xB3DE, 0x4F89, 0xD9A8, 0x4F8A, 0x81EF,
	0x4F8B, 0xC0FD, 0x4F8C, 0x81F0, 0x4F8D, 0xCACC, 0x4F8E, 0x81F1,	0x4F8F, 0xD9AA, 0x4F90, 0x81F2, 0x4F91, 0xD9A7, 0x4F92, 0x81F3,
	0x4F93, 0x81F4, 0x4F94, 0xD9B0, 0x4F95, 0x81F5, 0x4F96, 0x81F6,	0x4F97, 0xB6B1, 0x4F98, 0x81F7, 0x4F99, 0x81F8, 0x4F9A, 0x81F9,
	0x4F9B, 0xB9A9, 0x4F9C, 0x81FA, 0x4F9D, 0xD2C0, 0x4F9E, 0x81FB,	0x4F9F, 0x81FC, 0x4FA0, 0xCFC0, 0x4FA1, 0x81FD, 0x4FA2, 0x81FE,
	0x4FA3, 0xC2C2, 0x4FA4, 0x8240, 0x4FA5, 0xBDC4, 0x4FA6, 0xD5EC,	0x4FA7, 0xB2E0, 0x4FA8, 0xC7C8, 0x4FA9, 0xBFEB, 0x4FAA, 0xD9AD,
	0x4FAB, 0x8241, 0x4FAC, 0xD9AF, 0x4FAD, 0x8242, 0x4FAE, 0xCEEA,	0x4FAF, 0xBAEE, 0x4FB0, 0x8243, 0x4FB1, 0x8244, 0x4FB2, 0x8245,
	0x4FB3, 0x8246, 0x4FB4, 0x8247, 0x4FB5, 0xC7D6, 0x4FB6, 0x8248,	0x4FB7, 0x8249, 0x4FB8, 0x824A, 0x4FB9, 0x824B, 0x4FBA, 0x824C,
	0x4FBB, 0x824D, 0x4FBC, 0x824E, 0x4FBD, 0x824F, 0x4FBE, 0x8250,	0x4FBF, 0xB1E3, 0x4FC0, 0x8251, 0x4FC1, 0x8252, 0x4FC2, 0x8253,
	0x4FC3, 0xB4D9, 0x4FC4, 0xB6ED, 0x4FC5, 0xD9B4, 0x4FC6, 0x8254,	0x4FC7, 0x8255, 0x4FC8, 0x8256, 0x4FC9, 0x8257, 0x4FCA, 0xBFA1,
	0x4FCB, 0x8258, 0x4FCC, 0x8259, 0x4FCD, 0x825A, 0x4FCE, 0xD9DE,	0x4FCF, 0xC7CE, 0x4FD0, 0xC0FE, 0x4FD1, 0xD9B8, 0x4FD2, 0x825B,
	0x4FD3, 0x825C, 0x4FD4, 0x825D, 0x4FD5, 0x825E, 0x4FD6, 0x825F,	0x4FD7, 0xCBD7, 0x4FD8, 0xB7FD, 0x4FD9, 0x8260, 0x4FDA, 0xD9B5,
	0x4FDB, 0x8261, 0x4FDC, 0xD9B7, 0x4FDD, 0xB1A3, 0x4FDE, 0xD3E1,	0x4FDF, 0xD9B9, 0x4FE0, 0x8262, 0x4FE1, 0xD0C5, 0x4FE2, 0x8263,
	0x4FE3, 0xD9B6, 0x4FE4, 0x8264, 0x4FE5, 0x8265, 0x4FE6, 0xD9B1,	0x4FE7, 0x8266, 0x4FE8, 0xD9B2, 0x4FE9, 0xC1A9, 0x4FEA, 0xD9B3,
	0x4FEB, 0x8267, 0x4FEC, 0x8268, 0x4FED, 0xBCF3, 0x4FEE, 0xD0DE,	0x4FEF, 0xB8A9, 0x4FF0, 0x8269, 0x4FF1, 0xBEE3, 0x4FF2, 0x826A,
	0x4FF3, 0xD9BD, 0x4FF4, 0x826B, 0x4FF5, 0x826C, 0x4FF6, 0x826D,	0x4FF7, 0x826E, 0x4FF8, 0xD9BA, 0x4FF9, 0x826F, 0x4FFA, 0xB0B3,
	0x4FFB, 0x8270, 0x4FFC, 0x8271, 0x4FFD, 0x8272, 0x4FFE, 0xD9C2,	0x4FFF, 0x8273, 0x5000, 0x8274, 0x5001, 0x8275, 0x5002, 0x8276,
	0x5003, 0x8277, 0x5004, 0x8278, 0x5005, 0x8279, 0x5006, 0x827A,	0x5007, 0x827B, 0x5008, 0x827C, 0x5009, 0x827D, 0x500A, 0x827E,
	0x500B, 0x8280, 0x500C, 0xD9C4, 0x500D, 0xB1B6, 0x500E, 0x8281,	0x500F, 0xD9BF, 0x5010, 0x8282, 0x5011, 0x8283, 0x5012, 0xB5B9,
	0x5013, 0x8284, 0x5014, 0xBEF3, 0x5015, 0x8285, 0x5016, 0x8286,	0x5017, 0x8287, 0x5018, 0xCCC8, 0x5019, 0xBAF2, 0x501A, 0xD2D0,
	0x501B, 0x8288, 0x501C, 0xD9C3, 0x501D, 0x8289, 0x501E, 0x828A,	0x501F, 0xBDE8, 0x5020, 0x828B, 0x5021, 0xB3AB, 0x5022, 0x828C,
	0x5023, 0x828D, 0x5024, 0x828E, 0x5025, 0xD9C5, 0x5026, 0xBEEB,	0x5027, 0x828F, 0x5028, 0xD9C6, 0x5029, 0xD9BB, 0x502A, 0xC4DF,
	0x502B, 0x8290, 0x502C, 0xD9BE, 0x502D, 0xD9C1, 0x502E, 0xD9C0,	0x502F, 0x8291, 0x5030, 0x8292, 0x5031, 0x8293, 0x5032, 0x8294,
	0x5033, 0x8295, 0x5034, 0x8296, 0x5035, 0x8297, 0x5036, 0x8298,	0x5037, 0x8299, 0x5038, 0x829A, 0x5039, 0x829B, 0x503A, 0xD5AE,
	0x503B, 0x829C, 0x503C, 0xD6B5, 0x503D, 0x829D, 0x503E, 0xC7E3,	0x503F, 0x829E, 0x5040, 0x829F, 0x5041, 0x82A0, 0x5042, 0x82A1,
	0x5043, 0xD9C8, 0x5044, 0x82A2, 0x5045, 0x82A3, 0x5046, 0x82A4,	0x5047, 0xBCD9, 0x5048, 0xD9CA, 0x5049, 0x82A5, 0x504A, 0x82A6,
	0x504B, 0x82A7, 0x504C, 0xD9BC, 0x504D, 0x82A8, 0x504E, 0xD9CB,	0x504F, 0xC6AB, 0x5050, 0x82A9, 0x5051, 0x82AA, 0x5052, 0x82AB,
	0x5053, 0x82AC, 0x5054, 0x82AD, 0x5055, 0xD9C9, 0x5056, 0x82AE,	0x5057, 0x82AF, 0x5058, 0x82B0, 0x5059, 0x82B1, 0x505A, 0xD7F6,
	0x505B, 0x82B2, 0x505C, 0xCDA3, 0x505D, 0x82B3, 0x505E, 0x82B4,	0x505F, 0x82B5, 0x5060, 0x82B6, 0x5061, 0x82B7, 0x5062, 0x82B8,
	0x5063, 0x82B9, 0x5064, 0x82BA, 0x5065, 0xBDA1, 0x5066, 0x82BB,	0x5067, 0x82BC, 0x5068, 0x82BD, 0x5069, 0x82BE, 0x506A, 0x82BF,
	0x506B, 0x82C0, 0x506C, 0xD9CC, 0x506D, 0x82C1, 0x506E, 0x82C2,	0x506F, 0x82C3, 0x5070, 0x82C4, 0x5071, 0x82C5, 0x5072, 0x82C6,
	0x5073, 0x82C7, 0x5074, 0x82C8, 0x5075, 0x82C9, 0x5076, 0xC5BC,	0x5077, 0xCDB5, 0x5078, 0x82CA, 0x5079, 0x82CB, 0x507A, 0x82CC,
	0x507B, 0xD9CD, 0x507C, 0x82CD, 0x507D, 0x82CE, 0x507E, 0xD9C7,	0x507F, 0xB3A5, 0x5080, 0xBFFE, 0x5081, 0x82CF, 0x5082, 0x82D0,
	0x5083, 0x82D1, 0x5084, 0x82D2, 0x5085, 0xB8B5, 0x5086, 0x82D3,	0x5087, 0x82D4, 0x5088, 0xC0FC, 0x5089, 0x82D5, 0x508A, 0x82D6,
	0x508B, 0x82D7, 0x508C, 0x82D8, 0x508D, 0xB0F8, 0x508E, 0x82D9,	0x508F, 0x82DA, 0x5090, 0x82DB, 0x5091, 0x82DC, 0x5092, 0x82DD,
	0x5093, 0x82DE, 0x5094, 0x82DF, 0x5095, 0x82E0, 0x5096, 0x82E1,	0x5097, 0x82E2, 0x5098, 0x82E3, 0x5099, 0x82E4, 0x509A, 0x82E5,
	0x509B, 0x82E6, 0x509C, 0x82E7, 0x509D, 0x82E8, 0x509E, 0x82E9,	0x509F, 0x82EA, 0x50A0, 0x82EB, 0x50A1, 0x82EC, 0x50A2, 0x82ED,
	0x50A3, 0xB4F6, 0x50A4, 0x82EE, 0x50A5, 0xD9CE, 0x50A6, 0x82EF,	0x50A7, 0xD9CF, 0x50A8, 0xB4A2, 0x50A9, 0xD9D0, 0x50AA, 0x82F0,
	0x50AB, 0x82F1, 0x50AC, 0xB4DF, 0x50AD, 0x82F2, 0x50AE, 0x82F3,	0x50AF, 0x82F4, 0x50B0, 0x82F5, 0x50B1, 0x82F6, 0x50B2, 0xB0C1,
	0x50B3, 0x82F7, 0x50B4, 0x82F8, 0x50B5, 0x82F9, 0x50B6, 0x82FA,	0x50B7, 0x82FB, 0x50B8, 0x82FC, 0x50B9, 0x82FD, 0x50BA, 0xD9D1,
	0x50BB, 0xC9B5, 0x50BC, 0x82FE, 0x50BD, 0x8340, 0x50BE, 0x8341,	0x50BF, 0x8342, 0x50C0, 0x8343, 0x50C1, 0x8344, 0x50C2, 0x8345,
	0x50C3, 0x8346, 0x50C4, 0x8347, 0x50C5, 0x8348, 0x50C6, 0x8349,	0x50C7, 0x834A, 0x50C8, 0x834B, 0x50C9, 0x834C, 0x50CA, 0x834D,
	0x50CB, 0x834E, 0x50CC, 0x834F, 0x50CD, 0x8350, 0x50CE, 0x8351,	0x50CF, 0xCFF1, 0x50D0, 0x8352, 0x50D1, 0x8353, 0x50D2, 0x8354,
	0x50D3, 0x8355, 0x50D4, 0x8356, 0x50D5, 0x8357, 0x50D6, 0xD9D2,	0x50D7, 0x8358, 0x50D8, 0x8359, 0x50D9, 0x835A, 0x50DA, 0xC1C5,
	0x50DB, 0x835B, 0x50DC, 0x835C, 0x50DD, 0x835D, 0x50DE, 0x835E,	0x50DF, 0x835F, 0x50E0, 0x8360, 0x50E1, 0x8361, 0x50E2, 0x8362,
	0x50E3, 0x8363, 0x50E4, 0x8364, 0x50E5, 0x8365, 0x50E6, 0xD9D6,	0x50E7, 0xC9AE, 0x50E8, 0x8366, 0x50E9, 0x8367, 0x50EA, 0x8368,
	0x50EB, 0x8369, 0x50EC, 0xD9D5, 0x50ED, 0xD9D4, 0x50EE, 0xD9D7,	0x50EF, 0x836A, 0x50F0, 0x836B, 0x50F1, 0x836C, 0x50F2, 0x836D,
	0x50F3, 0xCBDB, 0x50F4, 0x836E, 0x50F5, 0xBDA9, 0x50F6, 0x836F,	0x50F7, 0x8370, 0x50F8, 0x8371, 0x50F9, 0x8372, 0x50FA, 0x8373,
	0x50FB, 0xC6A7, 0x50FC, 0x8374, 0x50FD, 0x8375, 0x50FE, 0x8376,	0x50FF, 0x8377, 0x5100, 0x8378, 0x5101, 0x8379, 0x5102, 0x837A,
	0x5103, 0x837B, 0x5104, 0x837C, 0x5105, 0x837D, 0x5106, 0xD9D3,	0x5107, 0xD9D8, 0x5108, 0x837E, 0x5109, 0x8380, 0x510A, 0x8381,
	0x510B, 0xD9D9, 0x510C, 0x8382, 0x510D, 0x8383, 0x510E, 0x8384,	0x510F, 0x8385, 0x5110, 0x8386, 0x5111, 0x8387, 0x5112, 0xC8E5,
	0x5113, 0x8388, 0x5114, 0x8389, 0x5115, 0x838A, 0x5116, 0x838B,	0x5117, 0x838C, 0x5118, 0x838D, 0x5119, 0x838E, 0x511A, 0x838F,
	0x511B, 0x8390, 0x511C, 0x8391, 0x511D, 0x8392, 0x511E, 0x8393,	0x511F, 0x8394, 0x5120, 0x8395, 0x5121, 0xC0DC, 0x5122, 0x8396,
	0x5123, 0x8397, 0x5124, 0x8398, 0x5125, 0x8399, 0x5126, 0x839A,	0x5127, 0x839B, 0x5128, 0x839C, 0x5129, 0x839D, 0x512A, 0x839E,
	0x512B, 0x839F, 0x512C, 0x83A0, 0x512D, 0x83A1, 0x512E, 0x83A2,	0x512F, 0x83A3, 0x5130, 0x83A4, 0x5131, 0x83A5, 0x5132, 0x83A6,
	0x5133, 0x83A7, 0x5134, 0x83A8, 0x5135, 0x83A9, 0x5136, 0x83AA,	0x5137, 0x83AB, 0x5138, 0x83AC, 0x5139, 0x83AD, 0x513A, 0x83AE,
	0x513B, 0x83AF, 0x513C, 0x83B0, 0x513D, 0x83B1, 0x513E, 0x83B2,	0x513F, 0xB6F9, 0x5140, 0xD8A3, 0x5141, 0xD4CA, 0x5142, 0x83B3,
	0x5143, 0xD4AA, 0x5144, 0xD0D6, 0x5145, 0xB3E4, 0x5146, 0xD5D7,	0x5147, 0x83B4, 0x5148, 0xCFC8, 0x5149, 0xB9E2, 0x514A, 0x83B5,
	0x514B, 0xBFCB, 0x514C, 0x83B6, 0x514D, 0xC3E2, 0x514E, 0x83B7,	0x514F, 0x83B8, 0x5150, 0x83B9, 0x5151, 0xB6D2, 0x5152, 0x83BA,
	0x5153, 0x83BB, 0x5154, 0xCDC3, 0x5155, 0xD9EE, 0x5156, 0xD9F0,	0x5157, 0x83BC, 0x5158, 0x83BD, 0x5159, 0x83BE, 0x515A, 0xB5B3,
	0x515B, 0x83BF, 0x515C, 0xB6B5, 0x515D, 0x83C0, 0x515E, 0x83C1,	0x515F, 0x83C2, 0x5160, 0x83C3, 0x5161, 0x83C4, 0x5162, 0xBEA4,
	0x5163, 0x83C5, 0x5164, 0x83C6, 0x5165, 0xC8EB, 0x5166, 0x83C7,	0x5167, 0x83C8, 0x5168, 0xC8AB, 0x5169, 0x83C9, 0x516A, 0x83CA,
	0x516B, 0xB0CB, 0x516C, 0xB9AB, 0x516D, 0xC1F9, 0x516E, 0xD9E2,	0x516F, 0x83CB, 0x5170, 0xC0BC, 0x5171, 0xB9B2, 0x5172, 0x83CC,
	0x5173, 0xB9D8, 0x5174, 0xD0CB, 0x5175, 0xB1F8, 0x5176, 0xC6E4,	0x5177, 0xBEDF, 0x5178, 0xB5E4, 0x5179, 0xD7C8, 0x517A, 0x83CD,
	0x517B, 0xD1F8, 0x517C, 0xBCE6, 0x517D, 0xCADE, 0x517E, 0x83CE,	0x517F, 0x83CF, 0x5180, 0xBCBD, 0x5181, 0xD9E6, 0x5182, 0xD8E7,
	0x5183, 0x83D0, 0x5184, 0x83D1, 0x5185, 0xC4DA, 0x5186, 0x83D2,	0x5187, 0x83D3, 0x5188, 0xB8D4, 0x5189, 0xC8BD, 0x518A, 0x83D4,
	0x518B, 0x83D5, 0x518C, 0xB2E1, 0x518D, 0xD4D9, 0x518E, 0x83D6,	0x518F, 0x83D7, 0x5190, 0x83D8, 0x5191, 0x83D9, 0x5192, 0xC3B0,
	0x5193, 0x83DA, 0x5194, 0x83DB, 0x5195, 0xC3E1, 0x5196, 0xDAA2,	0x5197, 0xC8DF, 0x5198, 0x83DC, 0x5199, 0xD0B4, 0x519A, 0x83DD,
	0x519B, 0xBEFC, 0x519C, 0xC5A9, 0x519D, 0x83DE, 0x519E, 0x83DF,	0x519F, 0x83E0, 0x51A0, 0xB9DA, 0x51A1, 0x83E1, 0x51A2, 0xDAA3,
	0x51A3, 0x83E2, 0x51A4, 0xD4A9, 0x51A5, 0xDAA4, 0x51A6, 0x83E3,	0x51A7, 0x83E4, 0x51A8, 0x83E5, 0x51A9, 0x83E6, 0x51AA, 0x83E7,
	0x51AB, 0xD9FB, 0x51AC, 0xB6AC, 0x51AD, 0x83E8, 0x51AE, 0x83E9,	0x51AF, 0xB7EB, 0x51B0, 0xB1F9, 0x51B1, 0xD9FC, 0x51B2, 0xB3E5,
	0x51B3, 0xBEF6, 0x51B4, 0x83EA, 0x51B5, 0xBFF6, 0x51B6, 0xD2B1,	0x51B7, 0xC0E4, 0x51B8, 0x83EB, 0x51B9, 0x83EC, 0x51BA, 0x83ED,
	0x51BB, 0xB6B3, 0x51BC, 0xD9FE, 0x51BD, 0xD9FD, 0x51BE, 0x83EE,	0x51BF, 0x83EF, 0x51C0, 0xBEBB, 0x51C1, 0x83F0, 0x51C2, 0x83F1,
	0x51C3, 0x83F2, 0x51C4, 0xC6E0, 0x51C5, 0x83F3, 0x51C6, 0xD7BC,	0x51C7, 0xDAA1, 0x51C8, 0x83F4, 0x51C9, 0xC1B9, 0x51CA, 0x83F5,
	0x51CB, 0xB5F2, 0x51CC, 0xC1E8, 0x51CD, 0x83F6, 0x51CE, 0x83F7,	0x51CF, 0xBCF5, 0x51D0, 0x83F8, 0x51D1, 0xB4D5, 0x51D2, 0x83F9,
	0x51D3, 0x83FA, 0x51D4, 0x83FB, 0x51D5, 0x83FC, 0x51D6, 0x83FD,	0x51D7, 0x83FE, 0x51D8, 0x8440, 0x51D9, 0x8441, 0x51DA, 0x8442,
	0x51DB, 0xC1DD, 0x51DC, 0x8443, 0x51DD, 0xC4FD, 0x51DE, 0x8444,	0x51DF, 0x8445, 0x51E0, 0xBCB8, 0x51E1, 0xB7B2, 0x51E2, 0x8446,
	0x51E3, 0x8447, 0x51E4, 0xB7EF, 0x51E5, 0x8448, 0x51E6, 0x8449,	0x51E7, 0x844A, 0x51E8, 0x844B, 0x51E9, 0x844C, 0x51EA, 0x844D,
	0x51EB, 0xD9EC, 0x51EC, 0x844E, 0x51ED, 0xC6BE, 0x51EE, 0x844F,	0x51EF, 0xBFAD, 0x51F0, 0xBBCB, 0x51F1, 0x8450, 0x51F2, 0x8451,
	0x51F3, 0xB5CA, 0x51F4, 0x8452, 0x51F5, 0xDBC9, 0x51F6, 0xD0D7,	0x51F7, 0x8453, 0x51F8, 0xCDB9, 0x51F9, 0xB0BC, 0x51FA, 0xB3F6,
	0x51FB, 0xBBF7, 0x51FC, 0xDBCA, 0x51FD, 0xBAAF, 0x51FE, 0x8454,	0x51FF, 0xD4E4, 0x5200, 0xB5B6, 0x5201, 0xB5F3, 0x5202, 0xD8D6,
	0x5203, 0xC8D0, 0x5204, 0x8455, 0x5205, 0x8456, 0x5206, 0xB7D6,	0x5207, 0xC7D0, 0x5208, 0xD8D7, 0x5209, 0x8457, 0x520A, 0xBFAF,
	0x520B, 0x8458, 0x520C, 0x8459, 0x520D, 0xDBBB, 0x520E, 0xD8D8,	0x520F, 0x845A, 0x5210, 0x845B, 0x5211, 0xD0CC, 0x5212, 0xBBAE,
	0x5213, 0x845C, 0x5214, 0x845D, 0x5215, 0x845E, 0x5216, 0xEBBE,	0x5217, 0xC1D0, 0x5218, 0xC1F5, 0x5219, 0xD4F2, 0x521A, 0xB8D5,
	0x521B, 0xB4B4, 0x521C, 0x845F, 0x521D, 0xB3F5, 0x521E, 0x8460,	0x521F, 0x8461, 0x5220, 0xC9BE, 0x5221, 0x8462, 0x5222, 0x8463,
	0x5223, 0x8464, 0x5224, 0xC5D0, 0x5225, 0x8465, 0x5226, 0x8466,	0x5227, 0x8467, 0x5228, 0xC5D9, 0x5229, 0xC0FB, 0x522A, 0x8468,
	0x522B, 0xB1F0, 0x522C, 0x8469, 0x522D, 0xD8D9, 0x522E, 0xB9CE,	0x522F, 0x846A, 0x5230, 0xB5BD, 0x5231, 0x846B, 0x5232, 0x846C,
	0x5233, 0xD8DA, 0x5234, 0x846D, 0x5235, 0x846E, 0x5236, 0xD6C6,	0x5237, 0xCBA2, 0x5238, 0xC8AF, 0x5239, 0xC9B2, 0x523A, 0xB4CC,
	0x523B, 0xBFCC, 0x523C, 0x846F, 0x523D, 0xB9F4, 0x523E, 0x8470,	0x523F, 0xD8DB, 0x5240, 0xD8DC, 0x5241, 0xB6E7, 0x5242, 0xBCC1,
	0x5243, 0xCCEA, 0x5244, 0x8471, 0x5245, 0x8472, 0x5246, 0x8473,	0x5247, 0x8474, 0x5248, 0x8475, 0x5249, 0x8476, 0x524A, 0xCFF7,
	0x524B, 0x8477, 0x524C, 0xD8DD, 0x524D, 0xC7B0, 0x524E, 0x8478,	0x524F, 0x8479, 0x5250, 0xB9D0, 0x5251, 0xBDA3, 0x5252, 0x847A,
	0x5253, 0x847B, 0x5254, 0xCCDE, 0x5255, 0x847C, 0x5256, 0xC6CA,	0x5257, 0x847D, 0x5258, 0x847E, 0x5259, 0x8480, 0x525A, 0x8481,
	0x525B, 0x8482, 0x525C, 0xD8E0, 0x525D, 0x8483, 0x525E, 0xD8DE,	0x525F, 0x8484, 0x5260, 0x8485, 0x5261, 0xD8DF, 0x5262, 0x8486,
	0x5263, 0x8487, 0x5264, 0x8488, 0x5265, 0xB0FE, 0x5266, 0x8489,	0x5267, 0xBEE7, 0x5268, 0x848A, 0x5269, 0xCAA3, 0x526A, 0xBCF4,
	0x526B, 0x848B, 0x526C, 0x848C, 0x526D, 0x848D, 0x526E, 0x848E,	0x526F, 0xB8B1, 0x5270, 0x848F, 0x5271, 0x8490, 0x5272, 0xB8EE,
	0x5273, 0x8491, 0x5274, 0x8492, 0x5275, 0x8493, 0x5276, 0x8494,	0x5277, 0x8495, 0x5278, 0x8496, 0x5279, 0x8497, 0x527A, 0x8498,
	0x527B, 0x8499, 0x527C, 0x849A, 0x527D, 0xD8E2, 0x527E, 0x849B,	0x527F, 0xBDCB, 0x5280, 0x849C, 0x5281, 0xD8E4, 0x5282, 0xD8E3,
	0x5283, 0x849D, 0x5284, 0x849E, 0x5285, 0x849F, 0x5286, 0x84A0,	0x5287, 0x84A1, 0x5288, 0xC5FC, 0x5289, 0x84A2, 0x528A, 0x84A3,
	0x528B, 0x84A4, 0x528C, 0x84A5, 0x528D, 0x84A6, 0x528E, 0x84A7,	0x528F, 0x84A8, 0x5290, 0xD8E5, 0x5291, 0x84A9, 0x5292, 0x84AA,
	0x5293, 0xD8E6, 0x5294, 0x84AB, 0x5295, 0x84AC, 0x5296, 0x84AD,	0x5297, 0x84AE, 0x5298, 0x84AF, 0x5299, 0x84B0, 0x529A, 0x84B1,
	0x529B, 0xC1A6, 0x529C, 0x84B2, 0x529D, 0xC8B0, 0x529E, 0xB0EC,	0x529F, 0xB9A6, 0x52A0, 0xBCD3, 0x52A1, 0xCEF1, 0x52A2, 0xDBBD,
	0x52A3, 0xC1D3, 0x52A4, 0x84B3, 0x52A5, 0x84B4, 0x52A6, 0x84B5,	0x52A7, 0x84B6, 0x52A8, 0xB6AF, 0x52A9, 0xD6FA, 0x52AA, 0xC5AC,
	0x52AB, 0xBDD9, 0x52AC, 0xDBBE, 0x52AD, 0xDBBF, 0x52AE, 0x84B7,	0x52AF, 0x84B8, 0x52B0, 0x84B9, 0x52B1, 0xC0F8, 0x52B2, 0xBEA2,
	0x52B3, 0xC0CD, 0x52B4, 0x84BA, 0x52B5, 0x84BB, 0x52B6, 0x84BC,	0x52B7, 0x84BD, 0x52B8, 0x84BE, 0x52B9, 0x84BF, 0x52BA, 0x84C0,
	0x52BB, 0x84C1, 0x52BC, 0x84C2, 0x52BD, 0x84C3, 0x52BE, 0xDBC0,	0x52BF, 0xCAC6, 0x52C0, 0x84C4, 0x52C1, 0x84C5, 0x52C2, 0x84C6,
	0x52C3, 0xB2AA, 0x52C4, 0x84C7, 0x52C5, 0x84C8, 0x52C6, 0x84C9,	0x52C7, 0xD3C2, 0x52C8, 0x84CA, 0x52C9, 0xC3E3, 0x52CA, 0x84CB,
	0x52CB, 0xD1AB, 0x52CC, 0x84CC, 0x52CD, 0x84CD, 0x52CE, 0x84CE,	0x52CF, 0x84CF, 0x52D0, 0xDBC2, 0x52D1, 0x84D0, 0x52D2, 0xC0D5,
	0x52D3, 0x84D1, 0x52D4, 0x84D2, 0x52D5, 0x84D3, 0x52D6, 0xDBC3,	0x52D7, 0x84D4, 0x52D8, 0xBFB1, 0x52D9, 0x84D5, 0x52DA, 0x84D6,
	0x52DB, 0x84D7, 0x52DC, 0x84D8, 0x52DD, 0x84D9, 0x52DE, 0x84DA,	0x52DF, 0xC4BC, 0x52E0, 0x84DB, 0x52E1, 0x84DC, 0x52E2, 0x84DD,
	0x52E3, 0x84DE, 0x52E4, 0xC7DA, 0x52E5, 0x84DF, 0x52E6, 0x84E0,	0x52E7, 0x84E1, 0x52E8, 0x84E2, 0x52E9, 0x84E3, 0x52EA, 0x84E4,
	0x52EB, 0x84E5, 0x52EC, 0x84E6, 0x52ED, 0x84E7, 0x52EE, 0x84E8,	0x52EF, 0x84E9, 0x52F0, 0xDBC4, 0x52F1, 0x84EA, 0x52F2, 0x84EB,
	0x52F3, 0x84EC, 0x52F4, 0x84ED, 0x52F5, 0x84EE, 0x52F6, 0x84EF,	0x52F7, 0x84F0, 0x52F8, 0x84F1, 0x52F9, 0xD9E8, 0x52FA, 0xC9D7,
	0x52FB, 0x84F2, 0x52FC, 0x84F3, 0x52FD, 0x84F4, 0x52FE, 0xB9B4,	0x52FF, 0xCEF0, 0x5300, 0xD4C8, 0x5301, 0x84F5, 0x5302, 0x84F6,
	0x5303, 0x84F7, 0x5304, 0x84F8, 0x5305, 0xB0FC, 0x5306, 0xB4D2,	0x5307, 0x84F9, 0x5308, 0xD0D9, 0x5309, 0x84FA, 0x530A, 0x84FB,
	0x530B, 0x84FC, 0x530C, 0x84FD, 0x530D, 0xD9E9, 0x530E, 0x84FE,	0x530F, 0xDECB, 0x5310, 0xD9EB, 0x5311, 0x8540, 0x5312, 0x8541,
	0x5313, 0x8542, 0x5314, 0x8543, 0x5315, 0xD8B0, 0x5316, 0xBBAF,	0x5317, 0xB1B1, 0x5318, 0x8544, 0x5319, 0xB3D7, 0x531A, 0xD8CE,
	0x531B, 0x8545, 0x531C, 0x8546, 0x531D, 0xD4D1, 0x531E, 0x8547,	0x531F, 0x8548, 0x5320, 0xBDB3, 0x5321, 0xBFEF, 0x5322, 0x8549,
	0x5323, 0xCFBB, 0x5324, 0x854A, 0x5325, 0x854B, 0x5326, 0xD8D0,	0x5327, 0x854C, 0x5328, 0x854D, 0x5329, 0x854E, 0x532A, 0xB7CB,
	0x532B, 0x854F, 0x532C, 0x8550, 0x532D, 0x8551, 0x532E, 0xD8D1,	0x532F, 0x8552, 0x5330, 0x8553, 0x5331, 0x8554, 0x5332, 0x8555,
	0x5333, 0x8556, 0x5334, 0x8557, 0x5335, 0x8558, 0x5336, 0x8559,	0x5337, 0x855A, 0x5338, 0x855B, 0x5339, 0xC6A5, 0x533A, 0xC7F8,
	0x533B, 0xD2BD, 0x533C, 0x855C, 0x533D, 0x855D, 0x533E, 0xD8D2,	0x533F, 0xC4E4, 0x5340, 0x855E, 0x5341, 0xCAAE, 0x5342, 0x855F,
	0x5343, 0xC7A7, 0x5344, 0x8560, 0x5345, 0xD8A6, 0x5346, 0x8561,	0x5347, 0xC9FD, 0x5348, 0xCEE7, 0x5349, 0xBBDC, 0x534A, 0xB0EB,
	0x534B, 0x8562, 0x534C, 0x8563, 0x534D, 0x8564, 0x534E, 0xBBAA,	0x534F, 0xD0AD, 0x5350, 0x8565, 0x5351, 0xB1B0, 0x5352, 0xD7E4,
	0x5353, 0xD7BF, 0x5354, 0x8566, 0x5355, 0xB5A5, 0x5356, 0xC2F4,	0x5357, 0xC4CF, 0x5358, 0x8567, 0x5359, 0x8568, 0x535A, 0xB2A9,
	0x535B, 0x8569, 0x535C, 0xB2B7, 0x535D, 0x856A, 0x535E, 0xB1E5,	0x535F, 0xDFB2, 0x5360, 0xD5BC, 0x5361, 0xBFA8, 0x5362, 0xC2AC,
	0x5363, 0xD8D5, 0x5364, 0xC2B1, 0x5365, 0x856B, 0x5366, 0xD8D4,	0x5367, 0xCED4, 0x5368, 0x856C, 0x5369, 0xDAE0, 0x536A, 0x856D,
	0x536B, 0xCEC0, 0x536C, 0x856E, 0x536D, 0x856F, 0x536E, 0xD8B4,	0x536F, 0xC3AE, 0x5370, 0xD3A1, 0x5371, 0xCEA3, 0x5372, 0x8570,
	0x5373, 0xBCB4, 0x5374, 0xC8B4, 0x5375, 0xC2D1, 0x5376, 0x8571,	0x5377, 0xBEED, 0x5378, 0xD0B6, 0x5379, 0x8572, 0x537A, 0xDAE1,
	0x537B, 0x8573, 0x537C, 0x8574, 0x537D, 0x8575, 0x537E, 0x8576,	0x537F, 0xC7E4, 0x5380, 0x8577, 0x5381, 0x8578, 0x5382, 0xB3A7,
	0x5383, 0x8579, 0x5384, 0xB6F2, 0x5385, 0xCCFC, 0x5386, 0xC0FA,	0x5387, 0x857A, 0x5388, 0x857B, 0x5389, 0xC0F7, 0x538A, 0x857C,
	0x538B, 0xD1B9, 0x538C, 0xD1E1, 0x538D, 0xD8C7, 0x538E, 0x857D,	0x538F, 0x857E, 0x5390, 0x8580, 0x5391, 0x8581, 0x5392, 0x8582,
	0x5393, 0x8583, 0x5394, 0x8584, 0x5395, 0xB2DE, 0x5396, 0x8585,	0x5397, 0x8586, 0x5398, 0xC0E5, 0x5399, 0x8587, 0x539A, 0xBAF1,
	0x539B, 0x8588, 0x539C, 0x8589, 0x539D, 0xD8C8, 0x539E, 0x858A,	0x539F, 0xD4AD, 0x53A0, 0x858B, 0x53A1, 0x858C, 0x53A2, 0xCFE1,
	0x53A3, 0xD8C9, 0x53A4, 0x858D, 0x53A5, 0xD8CA, 0x53A6, 0xCFC3,	0x53A7, 0x858E, 0x53A8, 0xB3F8, 0x53A9, 0xBEC7, 0x53AA, 0x858F,
	0x53AB, 0x8590, 0x53AC, 0x8591, 0x53AD, 0x8592, 0x53AE, 0xD8CB,	0x53AF, 0x8593, 0x53B0, 0x8594, 0x53B1, 0x8595, 0x53B2, 0x8596,
	0x53B3, 0x8597, 0x53B4, 0x8598, 0x53B5, 0x8599, 0x53B6, 0xDBCC,	0x53B7, 0x859A, 0x53B8, 0x859B, 0x53B9, 0x859C, 0x53BA, 0x859D,
	0x53BB, 0xC8A5, 0x53BC, 0x859E, 0x53BD, 0x859F, 0x53BE, 0x85A0,	0x53BF, 0xCFD8, 0x53C0, 0x85A1, 0x53C1, 0xC8FE, 0x53C2, 0xB2CE,
	0x53C3, 0x85A2, 0x53C4, 0x85A3, 0x53C5, 0x85A4, 0x53C6, 0x85A5,	0x53C7, 0x85A6, 0x53C8, 0xD3D6, 0x53C9, 0xB2E6, 0x53CA, 0xBCB0,
	0x53CB, 0xD3D1, 0x53CC, 0xCBAB, 0x53CD, 0xB7B4, 0x53CE, 0x85A7,	0x53CF, 0x85A8, 0x53D0, 0x85A9, 0x53D1, 0xB7A2, 0x53D2, 0x85AA,
	0x53D3, 0x85AB, 0x53D4, 0xCAE5, 0x53D5, 0x85AC, 0x53D6, 0xC8A1,	0x53D7, 0xCADC, 0x53D8, 0xB1E4, 0x53D9, 0xD0F0, 0x53DA, 0x85AD,
	0x53DB, 0xC5D1, 0x53DC, 0x85AE, 0x53DD, 0x85AF, 0x53DE, 0x85B0,	0x53DF, 0xDBC5, 0x53E0, 0xB5FE, 0x53E1, 0x85B1, 0x53E2, 0x85B2,
	0x53E3, 0xBFDA, 0x53E4, 0xB9C5, 0x53E5, 0xBEE4, 0x53E6, 0xC1ED,	0x53E7, 0x85B3, 0x53E8, 0xDFB6, 0x53E9, 0xDFB5, 0x53EA, 0xD6BB,
	0x53EB, 0xBDD0, 0x53EC, 0xD5D9, 0x53ED, 0xB0C8, 0x53EE, 0xB6A3,	0x53EF, 0xBFC9, 0x53F0, 0xCCA8, 0x53F1, 0xDFB3, 0x53F2, 0xCAB7,
	0x53F3, 0xD3D2, 0x53F4, 0x85B4, 0x53F5, 0xD8CF, 0x53F6, 0xD2B6,	0x53F7, 0xBAC5, 0x53F8, 0xCBBE, 0x53F9, 0xCCBE, 0x53FA, 0x85B5,
	0x53FB, 0xDFB7, 0x53FC, 0xB5F0, 0x53FD, 0xDFB4, 0x53FE, 0x85B6,	0x53FF, 0x85B7, 0x5400, 0x85B8, 0x5401, 0xD3F5, 0x5402, 0x85B9,
	0x5403, 0xB3D4, 0x5404, 0xB8F7, 0x5405, 0x85BA, 0x5406, 0xDFBA,	0x5407, 0x85BB, 0x5408, 0xBACF, 0x5409, 0xBCAA, 0x540A, 0xB5F5,
	0x540B, 0x85BC, 0x540C, 0xCDAC, 0x540D, 0xC3FB, 0x540E, 0xBAF3,	0x540F, 0xC0F4, 0x5410, 0xCDC2, 0x5411, 0xCFF2, 0x5412, 0xDFB8,
	0x5413, 0xCFC5, 0x5414, 0x85BD, 0x5415, 0xC2C0, 0x5416, 0xDFB9,	0x5417, 0xC2F0, 0x5418, 0x85BE, 0x5419, 0x85BF, 0x541A, 0x85C0,
	0x541B, 0xBEFD, 0x541C, 0x85C1, 0x541D, 0xC1DF, 0x541E, 0xCDCC,	0x541F, 0xD2F7, 0x5420, 0xB7CD, 0x5421, 0xDFC1, 0x5422, 0x85C2,
	0x5423, 0xDFC4, 0x5424, 0x85C3, 0x5425, 0x85C4, 0x5426, 0xB7F1,	0x5427, 0xB0C9, 0x5428, 0xB6D6, 0x5429, 0xB7D4, 0x542A, 0x85C5,
	0x542B, 0xBAAC, 0x542C, 0xCCFD, 0x542D, 0xBFD4, 0x542E, 0xCBB1,	0x542F, 0xC6F4, 0x5430, 0x85C6, 0x5431, 0xD6A8, 0x5432, 0xDFC5,
	0x5433, 0x85C7, 0x5434, 0xCEE2, 0x5435, 0xB3B3, 0x5436, 0x85C8,	0x5437, 0x85C9, 0x5438, 0xCEFC, 0x5439, 0xB4B5, 0x543A, 0x85CA,
	0x543B, 0xCEC7, 0x543C, 0xBAF0, 0x543D, 0x85CB, 0x543E, 0xCEE1,	0x543F, 0x85CC, 0x5440, 0xD1BD, 0x5441, 0x85CD, 0x5442, 0x85CE,
	0x5443, 0xDFC0, 0x5444, 0x85CF, 0x5445, 0x85D0, 0x5446, 0xB4F4,	0x5447, 0x85D1, 0x5448, 0xB3CA, 0x5449, 0x85D2, 0x544A, 0xB8E6,
	0x544B, 0xDFBB, 0x544C, 0x85D3, 0x544D, 0x85D4, 0x544E, 0x85D5,	0x544F, 0x85D6, 0x5450, 0xC4C5, 0x5451, 0x85D7, 0x5452, 0xDFBC,
	0x5453, 0xDFBD, 0x5454, 0xDFBE, 0x5455, 0xC5BB, 0x5456, 0xDFBF,	0x5457, 0xDFC2, 0x5458, 0xD4B1, 0x5459, 0xDFC3, 0x545A, 0x85D8,
	0x545B, 0xC7BA, 0x545C, 0xCED8, 0x545D, 0x85D9, 0x545E, 0x85DA,	0x545F, 0x85DB, 0x5460, 0x85DC, 0x5461, 0x85DD, 0x5462, 0xC4D8,
	0x5463, 0x85DE, 0x5464, 0xDFCA, 0x5465, 0x85DF, 0x5466, 0xDFCF,	0x5467, 0x85E0, 0x5468, 0xD6DC, 0x5469, 0x85E1, 0x546A, 0x85E2,
	0x546B, 0x85E3, 0x546C, 0x85E4, 0x546D, 0x85E5, 0x546E, 0x85E6,	0x546F, 0x85E7, 0x5470, 0x85E8, 0x5471, 0xDFC9, 0x5472, 0xDFDA,
	0x5473, 0xCEB6, 0x5474, 0x85E9, 0x5475, 0xBAC7, 0x5476, 0xDFCE,	0x5477, 0xDFC8, 0x5478, 0xC5DE, 0x5479, 0x85EA, 0x547A, 0x85EB,
	0x547B, 0xC9EB, 0x547C, 0xBAF4, 0x547D, 0xC3FC, 0x547E, 0x85EC,	0x547F, 0x85ED, 0x5480, 0xBED7, 0x5481, 0x85EE, 0x5482, 0xDFC6,
	0x5483, 0x85EF, 0x5484, 0xDFCD, 0x5485, 0x85F0, 0x5486, 0xC5D8,	0x5487, 0x85F1, 0x5488, 0x85F2, 0x5489, 0x85F3, 0x548A, 0x85F4,
	0x548B, 0xD5A6, 0x548C, 0xBACD, 0x548D, 0x85F5, 0x548E, 0xBECC,	0x548F, 0xD3BD, 0x5490, 0xB8C0, 0x5491, 0x85F6, 0x5492, 0xD6E4,
	0x5493, 0x85F7, 0x5494, 0xDFC7, 0x5495, 0xB9BE, 0x5496, 0xBFA7,	0x5497, 0x85F8, 0x5498, 0x85F9, 0x5499, 0xC1FC, 0x549A, 0xDFCB,
	0x549B, 0xDFCC, 0x549C, 0x85FA, 0x549D, 0xDFD0, 0x549E, 0x85FB,	0x549F, 0x85FC, 0x54A0, 0x85FD, 0x54A1, 0x85FE, 0x54A2, 0x8640,
	0x54A3, 0xDFDB, 0x54A4, 0xDFE5, 0x54A5, 0x8641, 0x54A6, 0xDFD7,	0x54A7, 0xDFD6, 0x54A8, 0xD7C9, 0x54A9, 0xDFE3, 0x54AA, 0xDFE4,
	0x54AB, 0xE5EB, 0x54AC, 0xD2A7, 0x54AD, 0xDFD2, 0x54AE, 0x8642,	0x54AF, 0xBFA9, 0x54B0, 0x8643, 0x54B1, 0xD4DB, 0x54B2, 0x8644,
	0x54B3, 0xBFC8, 0x54B4, 0xDFD4, 0x54B5, 0x8645, 0x54B6, 0x8646,	0x54B7, 0x8647, 0x54B8, 0xCFCC, 0x54B9, 0x8648, 0x54BA, 0x8649,
	0x54BB, 0xDFDD, 0x54BC, 0x864A, 0x54BD, 0xD1CA, 0x54BE, 0x864B,	0x54BF, 0xDFDE, 0x54C0, 0xB0A7, 0x54C1, 0xC6B7, 0x54C2, 0xDFD3,
	0x54C3, 0x864C, 0x54C4, 0xBAE5, 0x54C5, 0x864D, 0x54C6, 0xB6DF,	0x54C7, 0xCDDB, 0x54C8, 0xB9FE, 0x54C9, 0xD4D5, 0x54CA, 0x864E,
	0x54CB, 0x864F, 0x54CC, 0xDFDF, 0x54CD, 0xCFEC, 0x54CE, 0xB0A5,	0x54CF, 0xDFE7, 0x54D0, 0xDFD1, 0x54D1, 0xD1C6, 0x54D2, 0xDFD5,
	0x54D3, 0xDFD8, 0x54D4, 0xDFD9, 0x54D5, 0xDFDC, 0x54D6, 0x8650,	0x54D7, 0xBBA9, 0x54D8, 0x8651, 0x54D9, 0xDFE0, 0x54DA, 0xDFE1,
	0x54DB, 0x8652, 0x54DC, 0xDFE2, 0x54DD, 0xDFE6, 0x54DE, 0xDFE8,	0x54DF, 0xD3B4, 0x54E0, 0x8653, 0x54E1, 0x8654, 0x54E2, 0x8655,
	0x54E3, 0x8656, 0x54E4, 0x8657, 0x54E5, 0xB8E7, 0x54E6, 0xC5B6,	0x54E7, 0xDFEA, 0x54E8, 0xC9DA, 0x54E9, 0xC1A8, 0x54EA, 0xC4C4,
	0x54EB, 0x8658, 0x54EC, 0x8659, 0x54ED, 0xBFDE, 0x54EE, 0xCFF8,	0x54EF, 0x865A, 0x54F0, 0x865B, 0x54F1, 0x865C, 0x54F2, 0xD5DC,
	0x54F3, 0xDFEE, 0x54F4, 0x865D, 0x54F5, 0x865E, 0x54F6, 0x865F,	0x54F7, 0x8660, 0x54F8, 0x8661, 0x54F9, 0x8662, 0x54FA, 0xB2B8,
	0x54FB, 0x8663, 0x54FC, 0xBADF, 0x54FD, 0xDFEC, 0x54FE, 0x8664,	0x54FF, 0xDBC1, 0x5500, 0x8665, 0x5501, 0xD1E4, 0x5502, 0x8666,
	0x5503, 0x8667, 0x5504, 0x8668, 0x5505, 0x8669, 0x5506, 0xCBF4,	0x5507, 0xB4BD, 0x5508, 0x866A, 0x5509, 0xB0A6, 0x550A, 0x866B,
	0x550B, 0x866C, 0x550C, 0x866D, 0x550D, 0x866E, 0x550E, 0x866F,	0x550F, 0xDFF1, 0x5510, 0xCCC6, 0x5511, 0xDFF2, 0x5512, 0x8670,
	0x5513, 0x8671, 0x5514, 0xDFED, 0x5515, 0x8672, 0x5516, 0x8673,	0x5517, 0x8674, 0x5518, 0x8675, 0x5519, 0x8676, 0x551A, 0x8677,
	0x551B, 0xDFE9, 0x551C, 0x8678, 0x551D, 0x8679, 0x551E, 0x867A,	0x551F, 0x867B, 0x5520, 0xDFEB, 0x5521, 0x867C, 0x5522, 0xDFEF,
	0x5523, 0xDFF0, 0x5524, 0xBBBD, 0x5525, 0x867D, 0x5526, 0x867E,	0x5527, 0xDFF3, 0x5528, 0x8680, 0x5529, 0x8681, 0x552A, 0xDFF4,
	0x552B, 0x8682, 0x552C, 0xBBA3, 0x552D, 0x8683, 0x552E, 0xCADB,	0x552F, 0xCEA8, 0x5530, 0xE0A7, 0x5531, 0xB3AA, 0x5532, 0x8684,
	0x5533, 0xE0A6, 0x5534, 0x8685, 0x5535, 0x8686, 0x5536, 0x8687,	0x5537, 0xE0A1, 0x5538, 0x8688, 0x5539, 0x8689, 0x553A, 0x868A,
	0x553B, 0x868B, 0x553C, 0xDFFE, 0x553D, 0x868C, 0x553E, 0xCDD9,	0x553F, 0xDFFC, 0x5540, 0x868D, 0x5541, 0xDFFA, 0x5542, 0x868E,
	0x5543, 0xBFD0, 0x5544, 0xD7C4, 0x5545, 0x868F, 0x5546, 0xC9CC,	0x5547, 0x8690, 0x5548, 0x8691, 0x5549, 0xDFF8, 0x554A, 0xB0A1,
	0x554B, 0x8692, 0x554C, 0x8693, 0x554D, 0x8694, 0x554E, 0x8695,	0x554F, 0x8696, 0x5550, 0xDFFD, 0x5551, 0x8697, 0x5552, 0x8698,
	0x5553, 0x8699, 0x5554, 0x869A, 0x5555, 0xDFFB, 0x5556, 0xE0A2,	0x5557, 0x869B, 0x5558, 0x869C, 0x5559, 0x869D, 0x555A, 0x869E,
	0x555B, 0x869F, 0x555C, 0xE0A8, 0x555D, 0x86A0, 0x555E, 0x86A1,	0x555F, 0x86A2, 0x5560, 0x86A3, 0x5561, 0xB7C8, 0x5562, 0x86A4,
	0x5563, 0x86A5, 0x5564, 0xC6A1, 0x5565, 0xC9B6, 0x5566, 0xC0B2,	0x5567, 0xDFF5, 0x5568, 0x86A6, 0x5569, 0x86A7, 0x556A, 0xC5BE,
	0x556B, 0x86A8, 0x556C, 0xD8C4, 0x556D, 0xDFF9, 0x556E, 0xC4F6,	0x556F, 0x86A9, 0x5570, 0x86AA, 0x5571, 0x86AB, 0x5572, 0x86AC,
	0x5573, 0x86AD, 0x5574, 0x86AE, 0x5575, 0xE0A3, 0x5576, 0xE0A4,	0x5577, 0xE0A5, 0x5578, 0xD0A5, 0x5579, 0x86AF, 0x557A, 0x86B0,
	0x557B, 0xE0B4, 0x557C, 0xCCE4, 0x557D, 0x86B1, 0x557E, 0xE0B1,	0x557F, 0x86B2, 0x5580, 0xBFA6, 0x5581, 0xE0AF, 0x5582, 0xCEB9,
	0x5583, 0xE0AB, 0x5584, 0xC9C6, 0x5585, 0x86B3, 0x5586, 0x86B4,	0x5587, 0xC0AE, 0x5588, 0xE0AE, 0x5589, 0xBAED, 0x558A, 0xBAB0,
	0x558B, 0xE0A9, 0x558C, 0x86B5, 0x558D, 0x86B6, 0x558E, 0x86B7,	0x558F, 0xDFF6, 0x5590, 0x86B8, 0x5591, 0xE0B3, 0x5592, 0x86B9,
	0x5593, 0x86BA, 0x5594, 0xE0B8, 0x5595, 0x86BB, 0x5596, 0x86BC,	0x5597, 0x86BD, 0x5598, 0xB4AD, 0x5599, 0xE0B9, 0x559A, 0x86BE,
	0x559B, 0x86BF, 0x559C, 0xCFB2, 0x559D, 0xBAC8, 0x559E, 0x86C0,	0x559F, 0xE0B0, 0x55A0, 0x86C1, 0x55A1, 0x86C2, 0x55A2, 0x86C3,
	0x55A3, 0x86C4, 0x55A4, 0x86C5, 0x55A5, 0x86C6, 0x55A6, 0x86C7,	0x55A7, 0xD0FA, 0x55A8, 0x86C8, 0x55A9, 0x86C9, 0x55AA, 0x86CA,
	0x55AB, 0x86CB, 0x55AC, 0x86CC, 0x55AD, 0x86CD, 0x55AE, 0x86CE,	0x55AF, 0x86CF, 0x55B0, 0x86D0, 0x55B1, 0xE0AC, 0x55B2, 0x86D1,
	0x55B3, 0xD4FB, 0x55B4, 0x86D2, 0x55B5, 0xDFF7, 0x55B6, 0x86D3,	0x55B7, 0xC5E7, 0x55B8, 0x86D4, 0x55B9, 0xE0AD, 0x55BA, 0x86D5,
	0x55BB, 0xD3F7, 0x55BC, 0x86D6, 0x55BD, 0xE0B6, 0x55BE, 0xE0B7,	0x55BF, 0x86D7, 0x55C0, 0x86D8, 0x55C1, 0x86D9, 0x55C2, 0x86DA,
	0x55C3, 0x86DB, 0x55C4, 0xE0C4, 0x55C5, 0xD0E1, 0x55C6, 0x86DC,	0x55C7, 0x86DD, 0x55C8, 0x86DE, 0x55C9, 0xE0BC, 0x55CA, 0x86DF,
	0x55CB, 0x86E0, 0x55CC, 0xE0C9, 0x55CD, 0xE0CA, 0x55CE, 0x86E1,	0x55CF, 0x86E2, 0x55D0, 0x86E3, 0x55D1, 0xE0BE, 0x55D2, 0xE0AA,
	0x55D3, 0xC9A4, 0x55D4, 0xE0C1, 0x55D5, 0x86E4, 0x55D6, 0xE0B2,	0x55D7, 0x86E5, 0x55D8, 0x86E6, 0x55D9, 0x86E7, 0x55DA, 0x86E8,
	0x55DB, 0x86E9, 0x55DC, 0xCAC8, 0x55DD, 0xE0C3, 0x55DE, 0x86EA,	0x55DF, 0xE0B5, 0x55E0, 0x86EB, 0x55E1, 0xCECB, 0x55E2, 0x86EC,
	0x55E3, 0xCBC3, 0x55E4, 0xE0CD, 0x55E5, 0xE0C6, 0x55E6, 0xE0C2,	0x55E7, 0x86ED, 0x55E8, 0xE0CB, 0x55E9, 0x86EE, 0x55EA, 0xE0BA,
	0x55EB, 0xE0BF, 0x55EC, 0xE0C0, 0x55ED, 0x86EF, 0x55EE, 0x86F0,	0x55EF, 0xE0C5, 0x55F0, 0x86F1, 0x55F1, 0x86F2, 0x55F2, 0xE0C7,
	0x55F3, 0xE0C8, 0x55F4, 0x86F3, 0x55F5, 0xE0CC, 0x55F6, 0x86F4,	0x55F7, 0xE0BB, 0x55F8, 0x86F5, 0x55F9, 0x86F6, 0x55FA, 0x86F7,
	0x55FB, 0x86F8, 0x55FC, 0x86F9, 0x55FD, 0xCBD4, 0x55FE, 0xE0D5,	0x55FF, 0x86FA, 0x5600, 0xE0D6, 0x5601, 0xE0D2, 0x5602, 0x86FB,
	0x5603, 0x86FC, 0x5604, 0x86FD, 0x5605, 0x86FE, 0x5606, 0x8740,	0x5607, 0x8741, 0x5608, 0xE0D0, 0x5609, 0xBCCE, 0x560A, 0x8742,
	0x560B, 0x8743, 0x560C, 0xE0D1, 0x560D, 0x8744, 0x560E, 0xB8C2,	0x560F, 0xD8C5, 0x5610, 0x8745, 0x5611, 0x8746, 0x5612, 0x8747,
	0x5613, 0x8748, 0x5614, 0x8749, 0x5615, 0x874A, 0x5616, 0x874B,	0x5617, 0x874C, 0x5618, 0xD0EA, 0x5619, 0x874D, 0x561A, 0x874E,
	0x561B, 0xC2EF, 0x561C, 0x874F, 0x561D, 0x8750, 0x561E, 0xE0CF,	0x561F, 0xE0BD, 0x5620, 0x8751, 0x5621, 0x8752, 0x5622, 0x8753,
	0x5623, 0xE0D4, 0x5624, 0xE0D3, 0x5625, 0x8754, 0x5626, 0x8755,	0x5627, 0xE0D7, 0x5628, 0x8756, 0x5629, 0x8757, 0x562A, 0x8758,
	0x562B, 0x8759, 0x562C, 0xE0DC, 0x562D, 0xE0D8, 0x562E, 0x875A,	0x562F, 0x875B, 0x5630, 0x875C, 0x5631, 0xD6F6, 0x5632, 0xB3B0,
	0x5633, 0x875D, 0x5634, 0xD7EC, 0x5635, 0x875E, 0x5636, 0xCBBB,	0x5637, 0x875F, 0x5638, 0x8760, 0x5639, 0xE0DA, 0x563A, 0x8761,
	0x563B, 0xCEFB, 0x563C, 0x8762, 0x563D, 0x8763, 0x563E, 0x8764,	0x563F, 0xBAD9, 0x5640, 0x8765, 0x5641, 0x8766, 0x5642, 0x8767,
	0x5643, 0x8768, 0x5644, 0x8769, 0x5645, 0x876A, 0x5646, 0x876B,	0x5647, 0x876C, 0x5648, 0x876D, 0x5649, 0x876E, 0x564A, 0x876F,
	0x564B, 0x8770, 0x564C, 0xE0E1, 0x564D, 0xE0DD, 0x564E, 0xD2AD,	0x564F, 0x8771, 0x5650, 0x8772, 0x5651, 0x8773, 0x5652, 0x8774,
	0x5653, 0x8775, 0x5654, 0xE0E2, 0x5655, 0x8776, 0x5656, 0x8777,	0x5657, 0xE0DB, 0x5658, 0xE0D9, 0x5659, 0xE0DF, 0x565A, 0x8778,
	0x565B, 0x8779, 0x565C, 0xE0E0, 0x565D, 0x877A, 0x565E, 0x877B,	0x565F, 0x877C, 0x5660, 0x877D, 0x5661, 0x877E, 0x5662, 0xE0DE,
	0x5663, 0x8780, 0x5664, 0xE0E4, 0x5665, 0x8781, 0x5666, 0x8782,	0x5667, 0x8783, 0x5668, 0xC6F7, 0x5669, 0xD8AC, 0x566A, 0xD4EB,
	0x566B, 0xE0E6, 0x566C, 0xCAC9, 0x566D, 0x8784, 0x566E, 0x8785,	0x566F, 0x8786, 0x5670, 0x8787, 0x5671, 0xE0E5, 0x5672, 0x8788,
	0x5673, 0x8789, 0x5674, 0x878A, 0x5675, 0x878B, 0x5676, 0xB8C1,	0x5677, 0x878C, 0x5678, 0x878D, 0x5679, 0x878E, 0x567A, 0x878F,
	0x567B, 0xE0E7, 0x567C, 0xE0E8, 0x567D, 0x8790, 0x567E, 0x8791,	0x567F, 0x8792, 0x5680, 0x8793, 0x5681, 0x8794, 0x5682, 0x8795,
	0x5683, 0x8796, 0x5684, 0x8797, 0x5685, 0xE0E9, 0x5686, 0xE0E3,	0x5687, 0x8798, 0x5688, 0x8799, 0x5689, 0x879A, 0x568A, 0x879B,
	0x568B, 0x879C, 0x568C, 0x879D, 0x568D, 0x879E, 0x568E, 0xBABF,	0x568F, 0xCCE7, 0x5690, 0x879F, 0x5691, 0x87A0, 0x5692, 0x87A1,
	0x5693, 0xE0EA, 0x5694, 0x87A2, 0x5695, 0x87A3, 0x5696, 0x87A4,	0x5697, 0x87A5, 0x5698, 0x87A6, 0x5699, 0x87A7, 0x569A, 0x87A8,
	0x569B, 0x87A9, 0x569C, 0x87AA, 0x569D, 0x87AB, 0x569E, 0x87AC,	0x569F, 0x87AD, 0x56A0, 0x87AE, 0x56A1, 0x87AF, 0x56A2, 0x87B0,
	0x56A3, 0xCFF9, 0x56A4, 0x87B1, 0x56A5, 0x87B2, 0x56A6, 0x87B3,	0x56A7, 0x87B4, 0x56A8, 0x87B5, 0x56A9, 0x87B6, 0x56AA, 0x87B7,
	0x56AB, 0x87B8, 0x56AC, 0x87B9, 0x56AD, 0x87BA, 0x56AE, 0x87BB,	0x56AF, 0xE0EB, 0x56B0, 0x87BC, 0x56B1, 0x87BD, 0x56B2, 0x87BE,
	0x56B3, 0x87BF, 0x56B4, 0x87C0, 0x56B5, 0x87C1, 0x56B6, 0x87C2,	0x56B7, 0xC8C2, 0x56B8, 0x87C3, 0x56B9, 0x87C4, 0x56BA, 0x87C5,
	0x56BB, 0x87C6, 0x56BC, 0xBDC0, 0x56BD, 0x87C7, 0x56BE, 0x87C8,	0x56BF, 0x87C9, 0x56C0, 0x87CA, 0x56C1, 0x87CB, 0x56C2, 0x87CC,
	0x56C3, 0x87CD, 0x56C4, 0x87CE, 0x56C5, 0x87CF, 0x56C6, 0x87D0,	0x56C7, 0x87D1, 0x56C8, 0x87D2, 0x56C9, 0x87D3, 0x56CA, 0xC4D2,
	0x56CB, 0x87D4, 0x56CC, 0x87D5, 0x56CD, 0x87D6, 0x56CE, 0x87D7,	0x56CF, 0x87D8, 0x56D0, 0x87D9, 0x56D1, 0x87DA, 0x56D2, 0x87DB,
	0x56D3, 0x87DC, 0x56D4, 0xE0EC, 0x56D5, 0x87DD, 0x56D6, 0x87DE,	0x56D7, 0xE0ED, 0x56D8, 0x87DF, 0x56D9, 0x87E0, 0x56DA, 0xC7F4,
	0x56DB, 0xCBC4, 0x56DC, 0x87E1, 0x56DD, 0xE0EE, 0x56DE, 0xBBD8,	0x56DF, 0xD8B6, 0x56E0, 0xD2F2, 0x56E1, 0xE0EF, 0x56E2, 0xCDC5,
	0x56E3, 0x87E2, 0x56E4, 0xB6DA, 0x56E5, 0x87E3, 0x56E6, 0x87E4,	0x56E7, 0x87E5, 0x56E8, 0x87E6, 0x56E9, 0x87E7, 0x56EA, 0x87E8,
	0x56EB, 0xE0F1, 0x56EC, 0x87E9, 0x56ED, 0xD4B0, 0x56EE, 0x87EA,	0x56EF, 0x87EB, 0x56F0, 0xC0A7, 0x56F1, 0xB4D1, 0x56F2, 0x87EC,
	0x56F3, 0x87ED, 0x56F4, 0xCEA7, 0x56F5, 0xE0F0, 0x56F6, 0x87EE,	0x56F7, 0x87EF, 0x56F8, 0x87F0, 0x56F9, 0xE0F2, 0x56FA, 0xB9CC,
	0x56FB, 0x87F1, 0x56FC, 0x87F2, 0x56FD, 0xB9FA, 0x56FE, 0xCDBC,	0x56FF, 0xE0F3, 0x5700, 0x87F3, 0x5701, 0x87F4, 0x5702, 0x87F5,
	0x5703, 0xC6D4, 0x5704, 0xE0F4, 0x5705, 0x87F6, 0x5706, 0xD4B2,	0x5707, 0x87F7, 0x5708, 0xC8A6, 0x5709, 0xE0F6, 0x570A, 0xE0F5,
	0x570B, 0x87F8, 0x570C, 0x87F9, 0x570D, 0x87FA, 0x570E, 0x87FB,	0x570F, 0x87FC, 0x5710, 0x87FD, 0x5711, 0x87FE, 0x5712, 0x8840,
	0x5713, 0x8841, 0x5714, 0x8842, 0x5715, 0x8843, 0x5716, 0x8844,	0x5717, 0x8845, 0x5718, 0x8846, 0x5719, 0x8847, 0x571A, 0x8848,
	0x571B, 0x8849, 0x571C, 0xE0F7, 0x571D, 0x884A, 0x571E, 0x884B,	0x571F, 0xCDC1, 0x5720, 0x884C, 0x5721, 0x884D, 0x5722, 0x884E,
	0x5723, 0xCAA5, 0x5724, 0x884F, 0x5725, 0x8850, 0x5726, 0x8851,	0x5727, 0x8852, 0x5728, 0xD4DA, 0x5729, 0xDBD7, 0x572A, 0xDBD9,
	0x572B, 0x8853, 0x572C, 0xDBD8, 0x572D, 0xB9E7, 0x572E, 0xDBDC,	0x572F, 0xDBDD, 0x5730, 0xB5D8, 0x5731, 0x8854, 0x5732, 0x8855,
	0x5733, 0xDBDA, 0x5734, 0x8856, 0x5735, 0x8857, 0x5736, 0x8858,	0x5737, 0x8859, 0x5738, 0x885A, 0x5739, 0xDBDB, 0x573A, 0xB3A1,
	0x573B, 0xDBDF, 0x573C, 0x885B, 0x573D, 0x885C, 0x573E, 0xBBF8,	0x573F, 0x885D, 0x5740, 0xD6B7, 0x5741, 0x885E, 0x5742, 0xDBE0,
	0x5743, 0x885F, 0x5744, 0x8860, 0x5745, 0x8861, 0x5746, 0x8862,	0x5747, 0xBEF9, 0x5748, 0x8863, 0x5749, 0x8864, 0x574A, 0xB7BB,
	0x574B, 0x8865, 0x574C, 0xDBD0, 0x574D, 0xCCAE, 0x574E, 0xBFB2,	0x574F, 0xBBB5, 0x5750, 0xD7F8, 0x5751, 0xBFD3, 0x5752, 0x8866,
	0x5753, 0x8867, 0x5754, 0x8868, 0x5755, 0x8869, 0x5756, 0x886A,	0x5757, 0xBFE9, 0x5758, 0x886B, 0x5759, 0x886C, 0x575A, 0xBCE1,
	0x575B, 0xCCB3, 0x575C, 0xDBDE, 0x575D, 0xB0D3, 0x575E, 0xCEEB,	0x575F, 0xB7D8, 0x5760, 0xD7B9, 0x5761, 0xC6C2, 0x5762, 0x886D,
	0x5763, 0x886E, 0x5764, 0xC0A4, 0x5765, 0x886F, 0x5766, 0xCCB9,	0x5767, 0x8870, 0x5768, 0xDBE7, 0x5769, 0xDBE1, 0x576A, 0xC6BA,
	0x576B, 0xDBE3, 0x576C, 0x8871, 0x576D, 0xDBE8, 0x576E, 0x8872,	0x576F, 0xC5F7, 0x5770, 0x8873, 0x5771, 0x8874, 0x5772, 0x8875,
	0x5773, 0xDBEA, 0x5774, 0x8876, 0x5775, 0x8877, 0x5776, 0xDBE9,	0x5777, 0xBFC0, 0x5778, 0x8878, 0x5779, 0x8879, 0x577A, 0x887A,
	0x577B, 0xDBE6, 0x577C, 0xDBE5, 0x577D, 0x887B, 0x577E, 0x887C,	0x577F, 0x887D, 0x5780, 0x887E, 0x5781, 0x8880, 0x5782, 0xB4B9,
	0x5783, 0xC0AC, 0x5784, 0xC2A2, 0x5785, 0xDBE2, 0x5786, 0xDBE4,	0x5787, 0x8881, 0x5788, 0x8882, 0x5789, 0x8883, 0x578A, 0x8884,
	0x578B, 0xD0CD, 0x578C, 0xDBED, 0x578D, 0x8885, 0x578E, 0x8886,	0x578F, 0x8887, 0x5790, 0x8888, 0x5791, 0x8889, 0x5792, 0xC0DD,
	0x5793, 0xDBF2, 0x5794, 0x888A, 0x5795, 0x888B, 0x5796, 0x888C,	0x5797, 0x888D, 0x5798, 0x888E, 0x5799, 0x888F, 0x579A, 0x8890,
	0x579B, 0xB6E2, 0x579C, 0x8891, 0x579D, 0x8892, 0x579E, 0x8893,	0x579F, 0x8894, 0x57A0, 0xDBF3, 0x57A1, 0xDBD2, 0x57A2, 0xB9B8,
	0x57A3, 0xD4AB, 0x57A4, 0xDBEC, 0x57A5, 0x8895, 0x57A6, 0xBFD1,	0x57A7, 0xDBF0, 0x57A8, 0x8896, 0x57A9, 0xDBD1, 0x57AA, 0x8897,
	0x57AB, 0xB5E6, 0x57AC, 0x8898, 0x57AD, 0xDBEB, 0x57AE, 0xBFE5,	0x57AF, 0x8899, 0x57B0, 0x889A, 0x57B1, 0x889B, 0x57B2, 0xDBEE,
	0x57B3, 0x889C, 0x57B4, 0xDBF1, 0x57B5, 0x889D, 0x57B6, 0x889E,	0x57B7, 0x889F, 0x57B8, 0xDBF9, 0x57B9, 0x88A0, 0x57BA, 0x88A1,
	0x57BB, 0x88A2, 0x57BC, 0x88A3, 0x57BD, 0x88A4, 0x57BE, 0x88A5,	0x57BF, 0x88A6, 0x57C0, 0x88A7, 0x57C1, 0x88A8, 0x57C2, 0xB9A1,
	0x57C3, 0xB0A3, 0x57C4, 0x88A9, 0x57C5, 0x88AA, 0x57C6, 0x88AB,	0x57C7, 0x88AC, 0x57C8, 0x88AD, 0x57C9, 0x88AE, 0x57CA, 0x88AF,
	0x57CB, 0xC2F1, 0x57CC, 0x88B0, 0x57CD, 0x88B1, 0x57CE, 0xB3C7,	0x57CF, 0xDBEF, 0x57D0, 0x88B2, 0x57D1, 0x88B3, 0x57D2, 0xDBF8,
	0x57D3, 0x88B4, 0x57D4, 0xC6D2, 0x57D5, 0xDBF4, 0x57D6, 0x88B5,	0x57D7, 0x88B6, 0x57D8, 0xDBF5, 0x57D9, 0xDBF7, 0x57DA, 0xDBF6,
	0x57DB, 0x88B7, 0x57DC, 0x88B8, 0x57DD, 0xDBFE, 0x57DE, 0x88B9,	0x57DF, 0xD3F2, 0x57E0, 0xB2BA, 0x57E1, 0x88BA, 0x57E2, 0x88BB,
	0x57E3, 0x88BC, 0x57E4, 0xDBFD, 0x57E5, 0x88BD, 0x57E6, 0x88BE,	0x57E7, 0x88BF, 0x57E8, 0x88C0, 0x57E9, 0x88C1, 0x57EA, 0x88C2,
	0x57EB, 0x88C3, 0x57EC, 0x88C4, 0x57ED, 0xDCA4, 0x57EE, 0x88C5,	0x57EF, 0xDBFB, 0x57F0, 0x88C6, 0x57F1, 0x88C7, 0x57F2, 0x88C8,
	0x57F3, 0x88C9, 0x57F4, 0xDBFA, 0x57F5, 0x88CA, 0x57F6, 0x88CB,	0x57F7, 0x88CC, 0x57F8, 0xDBFC, 0x57F9, 0xC5E0, 0x57FA, 0xBBF9,
	0x57FB, 0x88CD, 0x57FC, 0x88CE, 0x57FD, 0xDCA3, 0x57FE, 0x88CF,	0x57FF, 0x88D0, 0x5800, 0xDCA5, 0x5801, 0x88D1, 0x5802, 0xCCC3,
	0x5803, 0x88D2, 0x5804, 0x88D3, 0x5805, 0x88D4, 0x5806, 0xB6D1,	0x5807, 0xDDC0, 0x5808, 0x88D5, 0x5809, 0x88D6, 0x580A, 0x88D7,
	0x580B, 0xDCA1, 0x580C, 0x88D8, 0x580D, 0xDCA2, 0x580E, 0x88D9,	0x580F, 0x88DA, 0x5810, 0x88DB, 0x5811, 0xC7B5, 0x5812, 0x88DC,
	0x5813, 0x88DD, 0x5814, 0x88DE, 0x5815, 0xB6E9, 0x5816, 0x88DF,	0x5817, 0x88E0, 0x5818, 0x88E1, 0x5819, 0xDCA7, 0x581A, 0x88E2,
	0x581B, 0x88E3, 0x581C, 0x88E4, 0x581D, 0x88E5, 0x581E, 0xDCA6,	0x581F, 0x88E6, 0x5820, 0xDCA9, 0x5821, 0xB1A4, 0x5822, 0x88E7,
	0x5823, 0x88E8, 0x5824, 0xB5CC, 0x5825, 0x88E9, 0x5826, 0x88EA,	0x5827, 0x88EB, 0x5828, 0x88EC, 0x5829, 0x88ED, 0x582A, 0xBFB0,
	0x582B, 0x88EE, 0x582C, 0x88EF, 0x582D, 0x88F0, 0x582E, 0x88F1,	0x582F, 0x88F2, 0x5830, 0xD1DF, 0x5831, 0x88F3, 0x5832, 0x88F4,
	0x5833, 0x88F5, 0x5834, 0x88F6, 0x5835, 0xB6C2, 0x5836, 0x88F7,	0x5837, 0x88F8, 0x5838, 0x88F9, 0x5839, 0x88FA, 0x583A, 0x88FB,
	0x583B, 0x88FC, 0x583C, 0x88FD, 0x583D, 0x88FE, 0x583E, 0x8940,	0x583F, 0x8941, 0x5840, 0x8942, 0x5841, 0x8943, 0x5842, 0x8944,
	0x5843, 0x8945, 0x5844, 0xDCA8, 0x5845, 0x8946, 0x5846, 0x8947,	0x5847, 0x8948, 0x5848, 0x8949, 0x5849, 0x894A, 0x584A, 0x894B,
	0x584B, 0x894C, 0x584C, 0xCBFA, 0x584D, 0xEBF3, 0x584E, 0x894D,	0x584F, 0x894E, 0x5850, 0x894F, 0x5851, 0xCBDC, 0x5852, 0x8950,
	0x5853, 0x8951, 0x5854, 0xCBFE, 0x5855, 0x8952, 0x5856, 0x8953,	0x5857, 0x8954, 0x5858, 0xCCC1, 0x5859, 0x8955, 0x585A, 0x8956,
	0x585B, 0x8957, 0x585C, 0x8958, 0x585D, 0x8959, 0x585E, 0xC8FB,	0x585F, 0x895A, 0x5860, 0x895B, 0x5861, 0x895C, 0x5862, 0x895D,
	0x5863, 0x895E, 0x5864, 0x895F, 0x5865, 0xDCAA, 0x5866, 0x8960,	0x5867, 0x8961, 0x5868, 0x8962, 0x5869, 0x8963, 0x586A, 0x8964,
	0x586B, 0xCCEE, 0x586C, 0xDCAB, 0x586D, 0x8965, 0x586E, 0x8966,	0x586F, 0x8967, 0x5870, 0x8968, 0x5871, 0x8969, 0x5872, 0x896A,
	0x5873, 0x896B, 0x5874, 0x896C, 0x5875, 0x896D, 0x5876, 0x896E,	0x5877, 0x896F, 0x5878, 0x8970, 0x5879, 0x8971, 0x587A, 0x8972,
	0x587B, 0x8973, 0x587C, 0x8974, 0x587D, 0x8975, 0x587E, 0xDBD3,	0x587F, 0x8976, 0x5880, 0xDCAF, 0x5881, 0xDCAC, 0x5882, 0x8977,
	0x5883, 0xBEB3, 0x5884, 0x8978, 0x5885, 0xCAFB, 0x5886, 0x8979,	0x5887, 0x897A, 0x5888, 0x897B, 0x5889, 0xDCAD, 0x588A, 0x897C,
	0x588B, 0x897D, 0x588C, 0x897E, 0x588D, 0x8980, 0x588E, 0x8981,	0x588F, 0x8982, 0x5890, 0x8983, 0x5891, 0x8984, 0x5892, 0xC9CA,
	0x5893, 0xC4B9, 0x5894, 0x8985, 0x5895, 0x8986, 0x5896, 0x8987,	0x5897, 0x8988, 0x5898, 0x8989, 0x5899, 0xC7BD, 0x589A, 0xDCAE,
	0x589B, 0x898A, 0x589C, 0x898B, 0x589D, 0x898C, 0x589E, 0xD4F6,	0x589F, 0xD0E6, 0x58A0, 0x898D, 0x58A1, 0x898E, 0x58A2, 0x898F,
	0x58A3, 0x8990, 0x58A4, 0x8991, 0x58A5, 0x8992, 0x58A6, 0x8993,	0x58A7, 0x8994, 0x58A8, 0xC4AB, 0x58A9, 0xB6D5, 0x58AA, 0x8995,
	0x58AB, 0x8996, 0x58AC, 0x8997, 0x58AD, 0x8998, 0x58AE, 0x8999,	0x58AF, 0x899A, 0x58B0, 0x899B, 0x58B1, 0x899C, 0x58B2, 0x899D,
	0x58B3, 0x899E, 0x58B4, 0x899F, 0x58B5, 0x89A0, 0x58B6, 0x89A1,	0x58B7, 0x89A2, 0x58B8, 0x89A3, 0x58B9, 0x89A4, 0x58BA, 0x89A5,
	0x58BB, 0x89A6, 0x58BC, 0xDBD4, 0x58BD, 0x89A7, 0x58BE, 0x89A8,	0x58BF, 0x89A9, 0x58C0, 0x89AA, 0x58C1, 0xB1DA, 0x58C2, 0x89AB,
	0x58C3, 0x89AC, 0x58C4, 0x89AD, 0x58C5, 0xDBD5, 0x58C6, 0x89AE,	0x58C7, 0x89AF, 0x58C8, 0x89B0, 0x58C9, 0x89B1, 0x58CA, 0x89B2,
	0x58CB, 0x89B3, 0x58CC, 0x89B4, 0x58CD, 0x89B5, 0x58CE, 0x89B6,	0x58CF, 0x89B7, 0x58D0, 0x89B8, 0x58D1, 0xDBD6, 0x58D2, 0x89B9,
	0x58D3, 0x89BA, 0x58D4, 0x89BB, 0x58D5, 0xBABE, 0x58D6, 0x89BC,	0x58D7, 0x89BD, 0x58D8, 0x89BE, 0x58D9, 0x89BF, 0x58DA, 0x89C0,
	0x58DB, 0x89C1, 0x58DC, 0x89C2, 0x58DD, 0x89C3, 0x58DE, 0x89C4,	0x58DF, 0x89C5, 0x58E0, 0x89C6, 0x58E1, 0x89C7, 0x58E2, 0x89C8,
	0x58E3, 0x89C9, 0x58E4, 0xC8C0, 0x58E5, 0x89CA, 0x58E6, 0x89CB,	0x58E7, 0x89CC, 0x58E8, 0x89CD, 0x58E9, 0x89CE, 0x58EA, 0x89CF,
	0x58EB, 0xCABF, 0x58EC, 0xC8C9, 0x58ED, 0x89D0, 0x58EE, 0xD7B3,	0x58EF, 0x89D1, 0x58F0, 0xC9F9, 0x58F1, 0x89D2, 0x58F2, 0x89D3,
	0x58F3, 0xBFC7, 0x58F4, 0x89D4, 0x58F5, 0x89D5, 0x58F6, 0xBAF8,	0x58F7, 0x89D6, 0x58F8, 0x89D7, 0x58F9, 0xD2BC, 0x58FA, 0x89D8,
	0x58FB, 0x89D9, 0x58FC, 0x89DA, 0x58FD, 0x89DB, 0x58FE, 0x89DC,	0x58FF, 0x89DD, 0x5900, 0x89DE, 0x5901, 0x89DF, 0x5902, 0xE2BA,
	0x5903, 0x89E0, 0x5904, 0xB4A6, 0x5905, 0x89E1, 0x5906, 0x89E2,	0x5907, 0xB1B8, 0x5908, 0x89E3, 0x5909, 0x89E4, 0x590A, 0x89E5,
	0x590B, 0x89E6, 0x590C, 0x89E7, 0x590D, 0xB8B4, 0x590E, 0x89E8,	0x590F, 0xCFC4, 0x5910, 0x89E9, 0x5911, 0x89EA, 0x5912, 0x89EB,
	0x5913, 0x89EC, 0x5914, 0xD9E7, 0x5915, 0xCFA6, 0x5916, 0xCDE2,	0x5917, 0x89ED, 0x5918, 0x89EE, 0x5919, 0xD9ED, 0x591A, 0xB6E0,
	0x591B, 0x89EF, 0x591C, 0xD2B9, 0x591D, 0x89F0, 0x591E, 0x89F1,	0x591F, 0xB9BB, 0x5920, 0x89F2, 0x5921, 0x89F3, 0x5922, 0x89F4,
	0x5923, 0x89F5, 0x5924, 0xE2B9, 0x5925, 0xE2B7, 0x5926, 0x89F6,	0x5927, 0xB4F3, 0x5928, 0x89F7, 0x5929, 0xCCEC, 0x592A, 0xCCAB,
	0x592B, 0xB7F2, 0x592C, 0x89F8, 0x592D, 0xD8B2, 0x592E, 0xD1EB,	0x592F, 0xBABB, 0x5930, 0x89F9, 0x5931, 0xCAA7, 0x5932, 0x89FA,
	0x5933, 0x89FB, 0x5934, 0xCDB7, 0x5935, 0x89FC, 0x5936, 0x89FD,	0x5937, 0xD2C4, 0x5938, 0xBFE4, 0x5939, 0xBCD0, 0x593A, 0xB6E1,
	0x593B, 0x89FE, 0x593C, 0xDEC5, 0x593D, 0x8A40, 0x593E, 0x8A41,	0x593F, 0x8A42, 0x5940, 0x8A43, 0x5941, 0xDEC6, 0x5942, 0xDBBC,
	0x5943, 0x8A44, 0x5944, 0xD1D9, 0x5945, 0x8A45, 0x5946, 0x8A46,	0x5947, 0xC6E6, 0x5948, 0xC4CE, 0x5949, 0xB7EE, 0x594A, 0x8A47,
	0x594B, 0xB7DC, 0x594C, 0x8A48, 0x594D, 0x8A49, 0x594E, 0xBFFC,	0x594F, 0xD7E0, 0x5950, 0x8A4A, 0x5951, 0xC6F5, 0x5952, 0x8A4B,
	0x5953, 0x8A4C, 0x5954, 0xB1BC, 0x5955, 0xDEC8, 0x5956, 0xBDB1,	0x5957, 0xCCD7, 0x5958, 0xDECA, 0x5959, 0x8A4D, 0x595A, 0xDEC9,
	0x595B, 0x8A4E, 0x595C, 0x8A4F, 0x595D, 0x8A50, 0x595E, 0x8A51,	0x595F, 0x8A52, 0x5960, 0xB5EC, 0x5961, 0x8A53, 0x5962, 0xC9DD,
	0x5963, 0x8A54, 0x5964, 0x8A55, 0x5965, 0xB0C2, 0x5966, 0x8A56,	0x5967, 0x8A57, 0x5968, 0x8A58, 0x5969, 0x8A59, 0x596A, 0x8A5A,
	0x596B, 0x8A5B, 0x596C, 0x8A5C, 0x596D, 0x8A5D, 0x596E, 0x8A5E,	0x596F, 0x8A5F, 0x5970, 0x8A60, 0x5971, 0x8A61, 0x5972, 0x8A62,
	0x5973, 0xC5AE, 0x5974, 0xC5AB, 0x5975, 0x8A63, 0x5976, 0xC4CC,	0x5977, 0x8A64, 0x5978, 0xBCE9, 0x5979, 0xCBFD, 0x597A, 0x8A65,
	0x597B, 0x8A66, 0x597C, 0x8A67, 0x597D, 0xBAC3, 0x597E, 0x8A68,	0x597F, 0x8A69, 0x5980, 0x8A6A, 0x5981, 0xE5F9, 0x5982, 0xC8E7,
	0x5983, 0xE5FA, 0x5984, 0xCDFD, 0x5985, 0x8A6B, 0x5986, 0xD7B1,	0x5987, 0xB8BE, 0x5988, 0xC2E8, 0x5989, 0x8A6C, 0x598A, 0xC8D1,
	0x598B, 0x8A6D, 0x598C, 0x8A6E, 0x598D, 0xE5FB, 0x598E, 0x8A6F,	0x598F, 0x8A70, 0x5990, 0x8A71, 0x5991, 0x8A72, 0x5992, 0xB6CA,
	0x5993, 0xBCCB, 0x5994, 0x8A73, 0x5995, 0x8A74, 0x5996, 0xD1FD,	0x5997, 0xE6A1, 0x5998, 0x8A75, 0x5999, 0xC3EE, 0x599A, 0x8A76,
	0x599B, 0x8A77, 0x599C, 0x8A78, 0x599D, 0x8A79, 0x599E, 0xE6A4,	0x599F, 0x8A7A, 0x59A0, 0x8A7B, 0x59A1, 0x8A7C, 0x59A2, 0x8A7D,
	0x59A3, 0xE5FE, 0x59A4, 0xE6A5, 0x59A5, 0xCDD7, 0x59A6, 0x8A7E,	0x59A7, 0x8A80, 0x59A8, 0xB7C1, 0x59A9, 0xE5FC, 0x59AA, 0xE5FD,
	0x59AB, 0xE6A3, 0x59AC, 0x8A81, 0x59AD, 0x8A82, 0x59AE, 0xC4DD,	0x59AF, 0xE6A8, 0x59B0, 0x8A83, 0x59B1, 0x8A84, 0x59B2, 0xE6A7,
	0x59B3, 0x8A85, 0x59B4, 0x8A86, 0x59B5, 0x8A87, 0x59B6, 0x8A88,	0x59B7, 0x8A89, 0x59B8, 0x8A8A, 0x59B9, 0xC3C3, 0x59BA, 0x8A8B,
	0x59BB, 0xC6DE, 0x59BC, 0x8A8C, 0x59BD, 0x8A8D, 0x59BE, 0xE6AA,	0x59BF, 0x8A8E, 0x59C0, 0x8A8F, 0x59C1, 0x8A90, 0x59C2, 0x8A91,
	0x59C3, 0x8A92, 0x59C4, 0x8A93, 0x59C5, 0x8A94, 0x59C6, 0xC4B7,	0x59C7, 0x8A95, 0x59C8, 0x8A96, 0x59C9, 0x8A97, 0x59CA, 0xE6A2,
	0x59CB, 0xCABC, 0x59CC, 0x8A98, 0x59CD, 0x8A99, 0x59CE, 0x8A9A,	0x59CF, 0x8A9B, 0x59D0, 0xBDE3, 0x59D1, 0xB9C3, 0x59D2, 0xE6A6,
	0x59D3, 0xD0D5, 0x59D4, 0xCEAF, 0x59D5, 0x8A9C, 0x59D6, 0x8A9D,	0x59D7, 0xE6A9, 0x59D8, 0xE6B0, 0x59D9, 0x8A9E, 0x59DA, 0xD2A6,
	0x59DB, 0x8A9F, 0x59DC, 0xBDAA, 0x59DD, 0xE6AD, 0x59DE, 0x8AA0,	0x59DF, 0x8AA1, 0x59E0, 0x8AA2, 0x59E1, 0x8AA3, 0x59E2, 0x8AA4,
	0x59E3, 0xE6AF, 0x59E4, 0x8AA5, 0x59E5, 0xC0D1, 0x59E6, 0x8AA6,	0x59E7, 0x8AA7, 0x59E8, 0xD2CC, 0x59E9, 0x8AA8, 0x59EA, 0x8AA9,
	0x59EB, 0x8AAA, 0x59EC, 0xBCA7, 0x59ED, 0x8AAB, 0x59EE, 0x8AAC,	0x59EF, 0x8AAD, 0x59F0, 0x8AAE, 0x59F1, 0x8AAF, 0x59F2, 0x8AB0,
	0x59F3, 0x8AB1, 0x59F4, 0x8AB2, 0x59F5, 0x8AB3, 0x59F6, 0x8AB4,	0x59F7, 0x8AB5, 0x59F8, 0x8AB6, 0x59F9, 0xE6B1, 0x59FA, 0x8AB7,
	0x59FB, 0xD2F6, 0x59FC, 0x8AB8, 0x59FD, 0x8AB9, 0x59FE, 0x8ABA,	0x59FF, 0xD7CB, 0x5A00, 0x8ABB, 0x5A01, 0xCDFE, 0x5A02, 0x8ABC,
	0x5A03, 0xCDDE, 0x5A04, 0xC2A6, 0x5A05, 0xE6AB, 0x5A06, 0xE6AC,	0x5A07, 0xBDBF, 0x5A08, 0xE6AE, 0x5A09, 0xE6B3, 0x5A0A, 0x8ABD,
	0x5A0B, 0x8ABE, 0x5A0C, 0xE6B2, 0x5A0D, 0x8ABF, 0x5A0E, 0x8AC0,	0x5A0F, 0x8AC1, 0x5A10, 0x8AC2, 0x5A11, 0xE6B6, 0x5A12, 0x8AC3,
	0x5A13, 0xE6B8, 0x5A14, 0x8AC4, 0x5A15, 0x8AC5, 0x5A16, 0x8AC6,	0x5A17, 0x8AC7, 0x5A18, 0xC4EF, 0x5A19, 0x8AC8, 0x5A1A, 0x8AC9,
	0x5A1B, 0x8ACA, 0x5A1C, 0xC4C8, 0x5A1D, 0x8ACB, 0x5A1E, 0x8ACC,	0x5A1F, 0xBEEA, 0x5A20, 0xC9EF, 0x5A21, 0x8ACD, 0x5A22, 0x8ACE,
	0x5A23, 0xE6B7, 0x5A24, 0x8ACF, 0x5A25, 0xB6F0, 0x5A26, 0x8AD0,	0x5A27, 0x8AD1, 0x5A28, 0x8AD2, 0x5A29, 0xC3E4, 0x5A2A, 0x8AD3,
	0x5A2B, 0x8AD4, 0x5A2C, 0x8AD5, 0x5A2D, 0x8AD6, 0x5A2E, 0x8AD7,	0x5A2F, 0x8AD8, 0x5A30, 0x8AD9, 0x5A31, 0xD3E9, 0x5A32, 0xE6B4,
	0x5A33, 0x8ADA, 0x5A34, 0xE6B5, 0x5A35, 0x8ADB, 0x5A36, 0xC8A2,	0x5A37, 0x8ADC, 0x5A38, 0x8ADD, 0x5A39, 0x8ADE, 0x5A3A, 0x8ADF,
	0x5A3B, 0x8AE0, 0x5A3C, 0xE6BD, 0x5A3D, 0x8AE1, 0x5A3E, 0x8AE2,	0x5A3F, 0x8AE3, 0x5A40, 0xE6B9, 0x5A41, 0x8AE4, 0x5A42, 0x8AE5,
	0x5A43, 0x8AE6, 0x5A44, 0x8AE7, 0x5A45, 0x8AE8, 0x5A46, 0xC6C5,	0x5A47, 0x8AE9, 0x5A48, 0x8AEA, 0x5A49, 0xCDF1, 0x5A4A, 0xE6BB,
	0x5A4B, 0x8AEB, 0x5A4C, 0x8AEC, 0x5A4D, 0x8AED, 0x5A4E, 0x8AEE,	0x5A4F, 0x8AEF, 0x5A50, 0x8AF0, 0x5A51, 0x8AF1, 0x5A52, 0x8AF2,
	0x5A53, 0x8AF3, 0x5A54, 0x8AF4, 0x5A55, 0xE6BC, 0x5A56, 0x8AF5,	0x5A57, 0x8AF6, 0x5A58, 0x8AF7, 0x5A59, 0x8AF8, 0x5A5A, 0xBBE9,
	0x5A5B, 0x8AF9, 0x5A5C, 0x8AFA, 0x5A5D, 0x8AFB, 0x5A5E, 0x8AFC,	0x5A5F, 0x8AFD, 0x5A60, 0x8AFE, 0x5A61, 0x8B40, 0x5A62, 0xE6BE,
	0x5A63, 0x8B41, 0x5A64, 0x8B42, 0x5A65, 0x8B43, 0x5A66, 0x8B44,	0x5A67, 0xE6BA, 0x5A68, 0x8B45, 0x5A69, 0x8B46, 0x5A6A, 0xC0B7,
	0x5A6B, 0x8B47, 0x5A6C, 0x8B48, 0x5A6D, 0x8B49, 0x5A6E, 0x8B4A,	0x5A6F, 0x8B4B, 0x5A70, 0x8B4C, 0x5A71, 0x8B4D, 0x5A72, 0x8B4E,
	0x5A73, 0x8B4F, 0x5A74, 0xD3A4, 0x5A75, 0xE6BF, 0x5A76, 0xC9F4,	0x5A77, 0xE6C3, 0x5A78, 0x8B50, 0x5A79, 0x8B51, 0x5A7A, 0xE6C4,
	0x5A7B, 0x8B52, 0x5A7C, 0x8B53, 0x5A7D, 0x8B54, 0x5A7E, 0x8B55,	0x5A7F, 0xD0F6, 0x5A80, 0x8B56, 0x5A81, 0x8B57, 0x5A82, 0x8B58,
	0x5A83, 0x8B59, 0x5A84, 0x8B5A, 0x5A85, 0x8B5B, 0x5A86, 0x8B5C,	0x5A87, 0x8B5D, 0x5A88, 0x8B5E, 0x5A89, 0x8B5F, 0x5A8A, 0x8B60,
	0x5A8B, 0x8B61, 0x5A8C, 0x8B62, 0x5A8D, 0x8B63, 0x5A8E, 0x8B64,	0x5A8F, 0x8B65, 0x5A90, 0x8B66, 0x5A91, 0x8B67, 0x5A92, 0xC3BD,
	0x5A93, 0x8B68, 0x5A94, 0x8B69, 0x5A95, 0x8B6A, 0x5A96, 0x8B6B,	0x5A97, 0x8B6C, 0x5A98, 0x8B6D, 0x5A99, 0x8B6E, 0x5A9A, 0xC3C4,
	0x5A9B, 0xE6C2, 0x5A9C, 0x8B6F, 0x5A9D, 0x8B70, 0x5A9E, 0x8B71,	0x5A9F, 0x8B72, 0x5AA0, 0x8B73, 0x5AA1, 0x8B74, 0x5AA2, 0x8B75,
	0x5AA3, 0x8B76, 0x5AA4, 0x8B77, 0x5AA5, 0x8B78, 0x5AA6, 0x8B79,	0x5AA7, 0x8B7A, 0x5AA8, 0x8B7B, 0x5AA9, 0x8B7C, 0x5AAA, 0xE6C1,
	0x5AAB, 0x8B7D, 0x5AAC, 0x8B7E, 0x5AAD, 0x8B80, 0x5AAE, 0x8B81,	0x5AAF, 0x8B82, 0x5AB0, 0x8B83, 0x5AB1, 0x8B84, 0x5AB2, 0xE6C7,
	0x5AB3, 0xCFB1, 0x5AB4, 0x8B85, 0x5AB5, 0xEBF4, 0x5AB6, 0x8B86,	0x5AB7, 0x8B87, 0x5AB8, 0xE6CA, 0x5AB9, 0x8B88, 0x5ABA, 0x8B89,
	0x5ABB, 0x8B8A, 0x5ABC, 0x8B8B, 0x5ABD, 0x8B8C, 0x5ABE, 0xE6C5,	0x5ABF, 0x8B8D, 0x5AC0, 0x8B8E, 0x5AC1, 0xBCDE, 0x5AC2, 0xC9A9,
	0x5AC3, 0x8B8F, 0x5AC4, 0x8B90, 0x5AC5, 0x8B91, 0x5AC6, 0x8B92,	0x5AC7, 0x8B93, 0x5AC8, 0x8B94, 0x5AC9, 0xBCB5, 0x5ACA, 0x8B95,
	0x5ACB, 0x8B96, 0x5ACC, 0xCFD3, 0x5ACD, 0x8B97, 0x5ACE, 0x8B98,	0x5ACF, 0x8B99, 0x5AD0, 0x8B9A, 0x5AD1, 0x8B9B, 0x5AD2, 0xE6C8,
	0x5AD3, 0x8B9C, 0x5AD4, 0xE6C9, 0x5AD5, 0x8B9D, 0x5AD6, 0xE6CE,	0x5AD7, 0x8B9E, 0x5AD8, 0xE6D0, 0x5AD9, 0x8B9F, 0x5ADA, 0x8BA0,
	0x5ADB, 0x8BA1, 0x5ADC, 0xE6D1, 0x5ADD, 0x8BA2, 0x5ADE, 0x8BA3,	0x5ADF, 0x8BA4, 0x5AE0, 0xE6CB, 0x5AE1, 0xB5D5, 0x5AE2, 0x8BA5,
	0x5AE3, 0xE6CC, 0x5AE4, 0x8BA6, 0x5AE5, 0x8BA7, 0x5AE6, 0xE6CF,	0x5AE7, 0x8BA8, 0x5AE8, 0x8BA9, 0x5AE9, 0xC4DB, 0x5AEA, 0x8BAA,
	0x5AEB, 0xE6C6, 0x5AEC, 0x8BAB, 0x5AED, 0x8BAC, 0x5AEE, 0x8BAD,	0x5AEF, 0x8BAE, 0x5AF0, 0x8BAF, 0x5AF1, 0xE6CD, 0x5AF2, 0x8BB0,
	0x5AF3, 0x8BB1, 0x5AF4, 0x8BB2, 0x5AF5, 0x8BB3, 0x5AF6, 0x8BB4,	0x5AF7, 0x8BB5, 0x5AF8, 0x8BB6, 0x5AF9, 0x8BB7, 0x5AFA, 0x8BB8,
	0x5AFB, 0x8BB9, 0x5AFC, 0x8BBA, 0x5AFD, 0x8BBB, 0x5AFE, 0x8BBC,	0x5AFF, 0x8BBD, 0x5B00, 0x8BBE, 0x5B01, 0x8BBF, 0x5B02, 0x8BC0,
	0x5B03, 0x8BC1, 0x5B04, 0x8BC2, 0x5B05, 0x8BC3, 0x5B06, 0x8BC4,	0x5B07, 0x8BC5, 0x5B08, 0x8BC6, 0x5B09, 0xE6D2, 0x5B0A, 0x8BC7,
	0x5B0B, 0x8BC8, 0x5B0C, 0x8BC9, 0x5B0D, 0x8BCA, 0x5B0E, 0x8BCB,	0x5B0F, 0x8BCC, 0x5B10, 0x8BCD, 0x5B11, 0x8BCE, 0x5B12, 0x8BCF,
	0x5B13, 0x8BD0, 0x5B14, 0x8BD1, 0x5B15, 0x8BD2, 0x5B16, 0xE6D4,	0x5B17, 0xE6D3, 0x5B18, 0x8BD3, 0x5B19, 0x8BD4, 0x5B1A, 0x8BD5,
	0x5B1B, 0x8BD6, 0x5B1C, 0x8BD7, 0x5B1D, 0x8BD8, 0x5B1E, 0x8BD9,	0x5B1F, 0x8BDA, 0x5B20, 0x8BDB, 0x5B21, 0x8BDC, 0x5B22, 0x8BDD,
	0x5B23, 0x8BDE, 0x5B24, 0x8BDF, 0x5B25, 0x8BE0, 0x5B26, 0x8BE1,	0x5B27, 0x8BE2, 0x5B28, 0x8BE3, 0x5B29, 0x8BE4, 0x5B2A, 0x8BE5,
	0x5B2B, 0x8BE6, 0x5B2C, 0x8BE7, 0x5B2D, 0x8BE8, 0x5B2E, 0x8BE9,	0x5B2F, 0x8BEA, 0x5B30, 0x8BEB, 0x5B31, 0x8BEC, 0x5B32, 0xE6D5,
	0x5B33, 0x8BED, 0x5B34, 0xD9F8, 0x5B35, 0x8BEE, 0x5B36, 0x8BEF,	0x5B37, 0xE6D6, 0x5B38, 0x8BF0, 0x5B39, 0x8BF1, 0x5B3A, 0x8BF2,
	0x5B3B, 0x8BF3, 0x5B3C, 0x8BF4, 0x5B3D, 0x8BF5, 0x5B3E, 0x8BF6,	0x5B3F, 0x8BF7, 0x5B40, 0xE6D7, 0x5B41, 0x8BF8, 0x5B42, 0x8BF9,
	0x5B43, 0x8BFA, 0x5B44, 0x8BFB, 0x5B45, 0x8BFC, 0x5B46, 0x8BFD,	0x5B47, 0x8BFE, 0x5B48, 0x8C40, 0x5B49, 0x8C41, 0x5B4A, 0x8C42,
	0x5B4B, 0x8C43, 0x5B4C, 0x8C44, 0x5B4D, 0x8C45, 0x5B4E, 0x8C46,	0x5B4F, 0x8C47, 0x5B50, 0xD7D3, 0x5B51, 0xE6DD, 0x5B52, 0x8C48,
	0x5B53, 0xE6DE, 0x5B54, 0xBFD7, 0x5B55, 0xD4D0, 0x5B56, 0x8C49,	0x5B57, 0xD7D6, 0x5B58, 0xB4E6, 0x5B59, 0xCBEF, 0x5B5A, 0xE6DA,
	0x5B5B, 0xD8C3, 0x5B5C, 0xD7CE, 0x5B5D, 0xD0A2, 0x5B5E, 0x8C4A,	0x5B5F, 0xC3CF, 0x5B60, 0x8C4B, 0x5B61, 0x8C4C, 0x5B62, 0xE6DF,
	0x5B63, 0xBCBE, 0x5B64, 0xB9C2, 0x5B65, 0xE6DB, 0x5B66, 0xD1A7,	0x5B67, 0x8C4D, 0x5B68, 0x8C4E, 0x5B69, 0xBAA2, 0x5B6A, 0xC2CF,
	0x5B6B, 0x8C4F, 0x5B6C, 0xD8AB, 0x5B6D, 0x8C50, 0x5B6E, 0x8C51,	0x5B6F, 0x8C52, 0x5B70, 0xCAEB, 0x5B71, 0xE5EE, 0x5B72, 0x8C53,
	0x5B73, 0xE6DC, 0x5B74, 0x8C54, 0x5B75, 0xB7F5, 0x5B76, 0x8C55,	0x5B77, 0x8C56, 0x5B78, 0x8C57, 0x5B79, 0x8C58, 0x5B7A, 0xC8E6,
	0x5B7B, 0x8C59, 0x5B7C, 0x8C5A, 0x5B7D, 0xC4F5, 0x5B7E, 0x8C5B,	0x5B7F, 0x8C5C, 0x5B80, 0xE5B2, 0x5B81, 0xC4FE, 0x5B82, 0x8C5D,
	0x5B83, 0xCBFC, 0x5B84, 0xE5B3, 0x5B85, 0xD5AC, 0x5B86, 0x8C5E,	0x5B87, 0xD3EE, 0x5B88, 0xCAD8, 0x5B89, 0xB0B2, 0x5B8A, 0x8C5F,
	0x5B8B, 0xCBCE, 0x5B8C, 0xCDEA, 0x5B8D, 0x8C60, 0x5B8E, 0x8C61,	0x5B8F, 0xBAEA, 0x5B90, 0x8C62, 0x5B91, 0x8C63, 0x5B92, 0x8C64,
	0x5B93, 0xE5B5, 0x5B94, 0x8C65, 0x5B95, 0xE5B4, 0x5B96, 0x8C66,	0x5B97, 0xD7DA, 0x5B98, 0xB9D9, 0x5B99, 0xD6E6, 0x5B9A, 0xB6A8,
	0x5B9B, 0xCDF0, 0x5B9C, 0xD2CB, 0x5B9D, 0xB1A6, 0x5B9E, 0xCAB5,	0x5B9F, 0x8C67, 0x5BA0, 0xB3E8, 0x5BA1, 0xC9F3, 0x5BA2, 0xBFCD,
	0x5BA3, 0xD0FB, 0x5BA4, 0xCAD2, 0x5BA5, 0xE5B6, 0x5BA6, 0xBBC2,	0x5BA7, 0x8C68, 0x5BA8, 0x8C69, 0x5BA9, 0x8C6A, 0x5BAA, 0xCFDC,
	0x5BAB, 0xB9AC, 0x5BAC, 0x8C6B, 0x5BAD, 0x8C6C, 0x5BAE, 0x8C6D,	0x5BAF, 0x8C6E, 0x5BB0, 0xD4D7, 0x5BB1, 0x8C6F, 0x5BB2, 0x8C70,
	0x5BB3, 0xBAA6, 0x5BB4, 0xD1E7, 0x5BB5, 0xCFFC, 0x5BB6, 0xBCD2,	0x5BB7, 0x8C71, 0x5BB8, 0xE5B7, 0x5BB9, 0xC8DD, 0x5BBA, 0x8C72,
	0x5BBB, 0x8C73, 0x5BBC, 0x8C74, 0x5BBD, 0xBFED, 0x5BBE, 0xB1F6,	0x5BBF, 0xCBDE, 0x5BC0, 0x8C75, 0x5BC1, 0x8C76, 0x5BC2, 0xBCC5,
	0x5BC3, 0x8C77, 0x5BC4, 0xBCC4, 0x5BC5, 0xD2FA, 0x5BC6, 0xC3DC,	0x5BC7, 0xBFDC, 0x5BC8, 0x8C78, 0x5BC9, 0x8C79, 0x5BCA, 0x8C7A,
	0x5BCB, 0x8C7B, 0x5BCC, 0xB8BB, 0x5BCD, 0x8C7C, 0x5BCE, 0x8C7D,	0x5BCF, 0x8C7E, 0x5BD0, 0xC3C2, 0x5BD1, 0x8C80, 0x5BD2, 0xBAAE,
	0x5BD3, 0xD4A2, 0x5BD4, 0x8C81, 0x5BD5, 0x8C82, 0x5BD6, 0x8C83,	0x5BD7, 0x8C84, 0x5BD8, 0x8C85, 0x5BD9, 0x8C86, 0x5BDA, 0x8C87,
	0x5BDB, 0x8C88, 0x5BDC, 0x8C89, 0x5BDD, 0xC7DE, 0x5BDE, 0xC4AF,	0x5BDF, 0xB2EC, 0x5BE0, 0x8C8A, 0x5BE1, 0xB9D1, 0x5BE2, 0x8C8B,
	0x5BE3, 0x8C8C, 0x5BE4, 0xE5BB, 0x5BE5, 0xC1C8, 0x5BE6, 0x8C8D,	0x5BE7, 0x8C8E, 0x5BE8, 0xD5AF, 0x5BE9, 0x8C8F, 0x5BEA, 0x8C90,
	0x5BEB, 0x8C91, 0x5BEC, 0x8C92, 0x5BED, 0x8C93, 0x5BEE, 0xE5BC,	0x5BEF, 0x8C94, 0x5BF0, 0xE5BE, 0x5BF1, 0x8C95, 0x5BF2, 0x8C96,
	0x5BF3, 0x8C97, 0x5BF4, 0x8C98, 0x5BF5, 0x8C99, 0x5BF6, 0x8C9A,	0x5BF7, 0x8C9B, 0x5BF8, 0xB4E7, 0x5BF9, 0xB6D4, 0x5BFA, 0xCBC2,
	0x5BFB, 0xD1B0, 0x5BFC, 0xB5BC, 0x5BFD, 0x8C9C, 0x5BFE, 0x8C9D,	0x5BFF, 0xCAD9, 0x5C00, 0x8C9E, 0x5C01, 0xB7E2, 0x5C02, 0x8C9F,
	0x5C03, 0x8CA0, 0x5C04, 0xC9E4, 0x5C05, 0x8CA1, 0x5C06, 0xBDAB,	0x5C07, 0x8CA2, 0x5C08, 0x8CA3, 0x5C09, 0xCEBE, 0x5C0A, 0xD7F0,
	0x5C0B, 0x8CA4, 0x5C0C, 0x8CA5, 0x5C0D, 0x8CA6, 0x5C0E, 0x8CA7,	0x5C0F, 0xD0A1, 0x5C10, 0x8CA8, 0x5C11, 0xC9D9, 0x5C12, 0x8CA9,
	0x5C13, 0x8CAA, 0x5C14, 0xB6FB, 0x5C15, 0xE6D8, 0x5C16, 0xBCE2,	0x5C17, 0x8CAB, 0x5C18, 0xB3BE, 0x5C19, 0x8CAC, 0x5C1A, 0xC9D0,
	0x5C1B, 0x8CAD, 0x5C1C, 0xE6D9, 0x5C1D, 0xB3A2, 0x5C1E, 0x8CAE,	0x5C1F, 0x8CAF, 0x5C20, 0x8CB0, 0x5C21, 0x8CB1, 0x5C22, 0xDECC,
	0x5C23, 0x8CB2, 0x5C24, 0xD3C8, 0x5C25, 0xDECD, 0x5C26, 0x8CB3,	0x5C27, 0xD2A2, 0x5C28, 0x8CB4, 0x5C29, 0x8CB5, 0x5C2A, 0x8CB6,
	0x5C2B, 0x8CB7, 0x5C2C, 0xDECE, 0x5C2D, 0x8CB8, 0x5C2E, 0x8CB9,	0x5C2F, 0x8CBA, 0x5C30, 0x8CBB, 0x5C31, 0xBECD, 0x5C32, 0x8CBC,
	0x5C33, 0x8CBD, 0x5C34, 0xDECF, 0x5C35, 0x8CBE, 0x5C36, 0x8CBF,	0x5C37, 0x8CC0, 0x5C38, 0xCAAC, 0x5C39, 0xD2FC, 0x5C3A, 0xB3DF,
	0x5C3B, 0xE5EA, 0x5C3C, 0xC4E1, 0x5C3D, 0xBEA1, 0x5C3E, 0xCEB2,	0x5C3F, 0xC4F2, 0x5C40, 0xBED6, 0x5C41, 0xC6A8, 0x5C42, 0xB2E3,
	0x5C43, 0x8CC1, 0x5C44, 0x8CC2, 0x5C45, 0xBED3, 0x5C46, 0x8CC3,	0x5C47, 0x8CC4, 0x5C48, 0xC7FC, 0x5C49, 0xCCEB, 0x5C4A, 0xBDEC,
	0x5C4B, 0xCEDD, 0x5C4C, 0x8CC5, 0x5C4D, 0x8CC6, 0x5C4E, 0xCABA,	0x5C4F, 0xC6C1, 0x5C50, 0xE5EC, 0x5C51, 0xD0BC, 0x5C52, 0x8CC7,
	0x5C53, 0x8CC8, 0x5C54, 0x8CC9, 0x5C55, 0xD5B9, 0x5C56, 0x8CCA,	0x5C57, 0x8CCB, 0x5C58, 0x8CCC, 0x5C59, 0xE5ED, 0x5C5A, 0x8CCD,
	0x5C5B, 0x8CCE, 0x5C5C, 0x8CCF, 0x5C5D, 0x8CD0, 0x5C5E, 0xCAF4,	0x5C5F, 0x8CD1, 0x5C60, 0xCDC0, 0x5C61, 0xC2C5, 0x5C62, 0x8CD2,
	0x5C63, 0xE5EF, 0x5C64, 0x8CD3, 0x5C65, 0xC2C4, 0x5C66, 0xE5F0,	0x5C67, 0x8CD4, 0x5C68, 0x8CD5, 0x5C69, 0x8CD6, 0x5C6A, 0x8CD7,
	0x5C6B, 0x8CD8, 0x5C6C, 0x8CD9, 0x5C6D, 0x8CDA, 0x5C6E, 0xE5F8,	0x5C6F, 0xCDCD, 0x5C70, 0x8CDB, 0x5C71, 0xC9BD, 0x5C72, 0x8CDC,
	0x5C73, 0x8CDD, 0x5C74, 0x8CDE, 0x5C75, 0x8CDF, 0x5C76, 0x8CE0,	0x5C77, 0x8CE1, 0x5C78, 0x8CE2, 0x5C79, 0xD2D9, 0x5C7A, 0xE1A8,
	0x5C7B, 0x8CE3, 0x5C7C, 0x8CE4, 0x5C7D, 0x8CE5, 0x5C7E, 0x8CE6,	0x5C7F, 0xD3EC, 0x5C80, 0x8CE7, 0x5C81, 0xCBEA, 0x5C82, 0xC6F1,
	0x5C83, 0x8CE8, 0x5C84, 0x8CE9, 0x5C85, 0x8CEA, 0x5C86, 0x8CEB,	0x5C87, 0x8CEC, 0x5C88, 0xE1AC, 0x5C89, 0x8CED, 0x5C8A, 0x8CEE,
	0x5C8B, 0x8CEF, 0x5C8C, 0xE1A7, 0x5C8D, 0xE1A9, 0x5C8E, 0x8CF0,	0x5C8F, 0x8CF1, 0x5C90, 0xE1AA, 0x5C91, 0xE1AF, 0x5C92, 0x8CF2,
	0x5C93, 0x8CF3, 0x5C94, 0xB2ED, 0x5C95, 0x8CF4, 0x5C96, 0xE1AB,	0x5C97, 0xB8DA, 0x5C98, 0xE1AD, 0x5C99, 0xE1AE, 0x5C9A, 0xE1B0,
	0x5C9B, 0xB5BA, 0x5C9C, 0xE1B1, 0x5C9D, 0x8CF5, 0x5C9E, 0x8CF6,	0x5C9F, 0x8CF7, 0x5CA0, 0x8CF8, 0x5CA1, 0x8CF9, 0x5CA2, 0xE1B3,
	0x5CA3, 0xE1B8, 0x5CA4, 0x8CFA, 0x5CA5, 0x8CFB, 0x5CA6, 0x8CFC,	0x5CA7, 0x8CFD, 0x5CA8, 0x8CFE, 0x5CA9, 0xD1D2, 0x5CAA, 0x8D40,
	0x5CAB, 0xE1B6, 0x5CAC, 0xE1B5, 0x5CAD, 0xC1EB, 0x5CAE, 0x8D41,	0x5CAF, 0x8D42, 0x5CB0, 0x8D43, 0x5CB1, 0xE1B7, 0x5CB2, 0x8D44,
	0x5CB3, 0xD4C0, 0x5CB4, 0x8D45, 0x5CB5, 0xE1B2, 0x5CB6, 0x8D46,	0x5CB7, 0xE1BA, 0x5CB8, 0xB0B6, 0x5CB9, 0x8D47, 0x5CBA, 0x8D48,
	0x5CBB, 0x8D49, 0x5CBC, 0x8D4A, 0x5CBD, 0xE1B4, 0x5CBE, 0x8D4B,	0x5CBF, 0xBFF9, 0x5CC0, 0x8D4C, 0x5CC1, 0xE1B9, 0x5CC2, 0x8D4D,
	0x5CC3, 0x8D4E, 0x5CC4, 0xE1BB, 0x5CC5, 0x8D4F, 0x5CC6, 0x8D50,	0x5CC7, 0x8D51, 0x5CC8, 0x8D52, 0x5CC9, 0x8D53, 0x5CCA, 0x8D54,
	0x5CCB, 0xE1BE, 0x5CCC, 0x8D55, 0x5CCD, 0x8D56, 0x5CCE, 0x8D57,	0x5CCF, 0x8D58, 0x5CD0, 0x8D59, 0x5CD1, 0x8D5A, 0x5CD2, 0xE1BC,
	0x5CD3, 0x8D5B, 0x5CD4, 0x8D5C, 0x5CD5, 0x8D5D, 0x5CD6, 0x8D5E,	0x5CD7, 0x8D5F, 0x5CD8, 0x8D60, 0x5CD9, 0xD6C5, 0x5CDA, 0x8D61,
	0x5CDB, 0x8D62, 0x5CDC, 0x8D63, 0x5CDD, 0x8D64, 0x5CDE, 0x8D65,	0x5CDF, 0x8D66, 0x5CE0, 0x8D67, 0x5CE1, 0xCFBF, 0x5CE2, 0x8D68,
	0x5CE3, 0x8D69, 0x5CE4, 0xE1BD, 0x5CE5, 0xE1BF, 0x5CE6, 0xC2CD,	0x5CE7, 0x8D6A, 0x5CE8, 0xB6EB, 0x5CE9, 0x8D6B, 0x5CEA, 0xD3F8,
	0x5CEB, 0x8D6C, 0x5CEC, 0x8D6D, 0x5CED, 0xC7CD, 0x5CEE, 0x8D6E,	0x5CEF, 0x8D6F, 0x5CF0, 0xB7E5, 0x5CF1, 0x8D70, 0x5CF2, 0x8D71,
	0x5CF3, 0x8D72, 0x5CF4, 0x8D73, 0x5CF5, 0x8D74, 0x5CF6, 0x8D75,	0x5CF7, 0x8D76, 0x5CF8, 0x8D77, 0x5CF9, 0x8D78, 0x5CFA, 0x8D79,
	0x5CFB, 0xBEFE, 0x5CFC, 0x8D7A, 0x5CFD, 0x8D7B, 0x5CFE, 0x8D7C,	0x5CFF, 0x8D7D, 0x5D00, 0x8D7E, 0x5D01, 0x8D80, 0x5D02, 0xE1C0,
	0x5D03, 0xE1C1, 0x5D04, 0x8D81, 0x5D05, 0x8D82, 0x5D06, 0xE1C7,	0x5D07, 0xB3E7, 0x5D08, 0x8D83, 0x5D09, 0x8D84, 0x5D0A, 0x8D85,
	0x5D0B, 0x8D86, 0x5D0C, 0x8D87, 0x5D0D, 0x8D88, 0x5D0E, 0xC6E9,	0x5D0F, 0x8D89, 0x5D10, 0x8D8A, 0x5D11, 0x8D8B, 0x5D12, 0x8D8C,
	0x5D13, 0x8D8D, 0x5D14, 0xB4DE, 0x5D15, 0x8D8E, 0x5D16, 0xD1C2,	0x5D17, 0x8D8F, 0x5D18, 0x8D90, 0x5D19, 0x8D91, 0x5D1A, 0x8D92,
	0x5D1B, 0xE1C8, 0x5D1C, 0x8D93, 0x5D1D, 0x8D94, 0x5D1E, 0xE1C6,	0x5D1F, 0x8D95, 0x5D20, 0x8D96, 0x5D21, 0x8D97, 0x5D22, 0x8D98,
	0x5D23, 0x8D99, 0x5D24, 0xE1C5, 0x5D25, 0x8D9A, 0x5D26, 0xE1C3,	0x5D27, 0xE1C2, 0x5D28, 0x8D9B, 0x5D29, 0xB1C0, 0x5D2A, 0x8D9C,
	0x5D2B, 0x8D9D, 0x5D2C, 0x8D9E, 0x5D2D, 0xD5B8, 0x5D2E, 0xE1C4,	0x5D2F, 0x8D9F, 0x5D30, 0x8DA0, 0x5D31, 0x8DA1, 0x5D32, 0x8DA2,
	0x5D33, 0x8DA3, 0x5D34, 0xE1CB, 0x5D35, 0x8DA4, 0x5D36, 0x8DA5,	0x5D37, 0x8DA6, 0x5D38, 0x8DA7, 0x5D39, 0x8DA8, 0x5D3A, 0x8DA9,
	0x5D3B, 0x8DAA, 0x5D3C, 0x8DAB, 0x5D3D, 0xE1CC, 0x5D3E, 0xE1CA,	0x5D3F, 0x8DAC, 0x5D40, 0x8DAD, 0x5D41, 0x8DAE, 0x5D42, 0x8DAF,
	0x5D43, 0x8DB0, 0x5D44, 0x8DB1, 0x5D45, 0x8DB2, 0x5D46, 0x8DB3,	0x5D47, 0xEFFA, 0x5D48, 0x8DB4, 0x5D49, 0x8DB5, 0x5D4A, 0xE1D3,
	0x5D4B, 0xE1D2, 0x5D4C, 0xC7B6, 0x5D4D, 0x8DB6, 0x5D4E, 0x8DB7,	0x5D4F, 0x8DB8, 0x5D50, 0x8DB9, 0x5D51, 0x8DBA, 0x5D52, 0x8DBB,
	0x5D53, 0x8DBC, 0x5D54, 0x8DBD, 0x5D55, 0x8DBE, 0x5D56, 0x8DBF,	0x5D57, 0x8DC0, 0x5D58, 0xE1C9, 0x5D59, 0x8DC1, 0x5D5A, 0x8DC2,
	0x5D5B, 0xE1CE, 0x5D5C, 0x8DC3, 0x5D5D, 0xE1D0, 0x5D5E, 0x8DC4,	0x5D5F, 0x8DC5, 0x5D60, 0x8DC6, 0x5D61, 0x8DC7, 0x5D62, 0x8DC8,
	0x5D63, 0x8DC9, 0x5D64, 0x8DCA, 0x5D65, 0x8DCB, 0x5D66, 0x8DCC,	0x5D67, 0x8DCD, 0x5D68, 0x8DCE, 0x5D69, 0xE1D4, 0x5D6A, 0x8DCF,
	0x5D6B, 0xE1D1, 0x5D6C, 0xE1CD, 0x5D6D, 0x8DD0, 0x5D6E, 0x8DD1,	0x5D6F, 0xE1CF, 0x5D70, 0x8DD2, 0x5D71, 0x8DD3, 0x5D72, 0x8DD4,
	0x5D73, 0x8DD5, 0x5D74, 0xE1D5, 0x5D75, 0x8DD6, 0x5D76, 0x8DD7,	0x5D77, 0x8DD8, 0x5D78, 0x8DD9, 0x5D79, 0x8DDA, 0x5D7A, 0x8DDB,
	0x5D7B, 0x8DDC, 0x5D7C, 0x8DDD, 0x5D7D, 0x8DDE, 0x5D7E, 0x8DDF,	0x5D7F, 0x8DE0, 0x5D80, 0x8DE1, 0x5D81, 0x8DE2, 0x5D82, 0xE1D6,
	0x5D83, 0x8DE3, 0x5D84, 0x8DE4, 0x5D85, 0x8DE5, 0x5D86, 0x8DE6,	0x5D87, 0x8DE7, 0x5D88, 0x8DE8, 0x5D89, 0x8DE9, 0x5D8A, 0x8DEA,
	0x5D8B, 0x8DEB, 0x5D8C, 0x8DEC, 0x5D8D, 0x8DED, 0x5D8E, 0x8DEE,	0x5D8F, 0x8DEF, 0x5D90, 0x8DF0, 0x5D91, 0x8DF1, 0x5D92, 0x8DF2,
	0x5D93, 0x8DF3, 0x5D94, 0x8DF4, 0x5D95, 0x8DF5, 0x5D96, 0x8DF6,	0x5D97, 0x8DF7, 0x5D98, 0x8DF8, 0x5D99, 0xE1D7, 0x5D9A, 0x8DF9,
	0x5D9B, 0x8DFA, 0x5D9C, 0x8DFB, 0x5D9D, 0xE1D8, 0x5D9E, 0x8DFC,	0x5D9F, 0x8DFD, 0x5DA0, 0x8DFE, 0x5DA1, 0x8E40, 0x5DA2, 0x8E41,
	0x5DA3, 0x8E42, 0x5DA4, 0x8E43, 0x5DA5, 0x8E44, 0x5DA6, 0x8E45,	0x5DA7, 0x8E46, 0x5DA8, 0x8E47, 0x5DA9, 0x8E48, 0x5DAA, 0x8E49,
	0x5DAB, 0x8E4A, 0x5DAC, 0x8E4B, 0x5DAD, 0x8E4C, 0x5DAE, 0x8E4D,	0x5DAF, 0x8E4E, 0x5DB0, 0x8E4F, 0x5DB1, 0x8E50, 0x5DB2, 0x8E51,
	0x5DB3, 0x8E52, 0x5DB4, 0x8E53, 0x5DB5, 0x8E54, 0x5DB6, 0x8E55,	0x5DB7, 0xE1DA, 0x5DB8, 0x8E56, 0x5DB9, 0x8E57, 0x5DBA, 0x8E58,
	0x5DBB, 0x8E59, 0x5DBC, 0x8E5A, 0x5DBD, 0x8E5B, 0x5DBE, 0x8E5C,	0x5DBF, 0x8E5D, 0x5DC0, 0x8E5E, 0x5DC1, 0x8E5F, 0x5DC2, 0x8E60,
	0x5DC3, 0x8E61, 0x5DC4, 0x8E62, 0x5DC5, 0xE1DB, 0x5DC6, 0x8E63,	0x5DC7, 0x8E64, 0x5DC8, 0x8E65, 0x5DC9, 0x8E66, 0x5DCA, 0x8E67,
	0x5DCB, 0x8E68, 0x5DCC, 0x8E69, 0x5DCD, 0xCEA1, 0x5DCE, 0x8E6A,	0x5DCF, 0x8E6B, 0x5DD0, 0x8E6C, 0x5DD1, 0x8E6D, 0x5DD2, 0x8E6E,
	0x5DD3, 0x8E6F, 0x5DD4, 0x8E70, 0x5DD5, 0x8E71, 0x5DD6, 0x8E72,	0x5DD7, 0x8E73, 0x5DD8, 0x8E74, 0x5DD9, 0x8E75, 0x5DDA, 0x8E76,
	0x5DDB, 0xE7DD, 0x5DDC, 0x8E77, 0x5DDD, 0xB4A8, 0x5DDE, 0xD6DD,	0x5DDF, 0x8E78, 0x5DE0, 0x8E79, 0x5DE1, 0xD1B2, 0x5DE2, 0xB3B2,
	0x5DE3, 0x8E7A, 0x5DE4, 0x8E7B, 0x5DE5, 0xB9A4, 0x5DE6, 0xD7F3,	0x5DE7, 0xC7C9, 0x5DE8, 0xBEDE, 0x5DE9, 0xB9AE, 0x5DEA, 0x8E7C,
	0x5DEB, 0xCED7, 0x5DEC, 0x8E7D, 0x5DED, 0x8E7E, 0x5DEE, 0xB2EE,	0x5DEF, 0xDBCF, 0x5DF0, 0x8E80, 0x5DF1, 0xBCBA, 0x5DF2, 0xD2D1,
	0x5DF3, 0xCBC8, 0x5DF4, 0xB0CD, 0x5DF5, 0x8E81, 0x5DF6, 0x8E82,	0x5DF7, 0xCFEF, 0x5DF8, 0x8E83, 0x5DF9, 0x8E84, 0x5DFA, 0x8E85,
	0x5DFB, 0x8E86, 0x5DFC, 0x8E87, 0x5DFD, 0xD9E3, 0x5DFE, 0xBDED,	0x5DFF, 0x8E88, 0x5E00, 0x8E89, 0x5E01, 0xB1D2, 0x5E02, 0xCAD0,
	0x5E03, 0xB2BC, 0x5E04, 0x8E8A, 0x5E05, 0xCBA7, 0x5E06, 0xB7AB,	0x5E07, 0x8E8B, 0x5E08, 0xCAA6, 0x5E09, 0x8E8C, 0x5E0A, 0x8E8D,
	0x5E0B, 0x8E8E, 0x5E0C, 0xCFA3, 0x5E0D, 0x8E8F, 0x5E0E, 0x8E90,	0x5E0F, 0xE0F8, 0x5E10, 0xD5CA, 0x5E11, 0xE0FB, 0x5E12, 0x8E91,
	0x5E13, 0x8E92, 0x5E14, 0xE0FA, 0x5E15, 0xC5C1, 0x5E16, 0xCCFB,	0x5E17, 0x8E93, 0x5E18, 0xC1B1, 0x5E19, 0xE0F9, 0x5E1A, 0xD6E3,
	0x5E1B, 0xB2AF, 0x5E1C, 0xD6C4, 0x5E1D, 0xB5DB, 0x5E1E, 0x8E94,	0x5E1F, 0x8E95, 0x5E20, 0x8E96, 0x5E21, 0x8E97, 0x5E22, 0x8E98,
	0x5E23, 0x8E99, 0x5E24, 0x8E9A, 0x5E25, 0x8E9B, 0x5E26, 0xB4F8,	0x5E27, 0xD6A1, 0x5E28, 0x8E9C, 0x5E29, 0x8E9D, 0x5E2A, 0x8E9E,
	0x5E2B, 0x8E9F, 0x5E2C, 0x8EA0, 0x5E2D, 0xCFAF, 0x5E2E, 0xB0EF,	0x5E2F, 0x8EA1, 0x5E30, 0x8EA2, 0x5E31, 0xE0FC, 0x5E32, 0x8EA3,
	0x5E33, 0x8EA4, 0x5E34, 0x8EA5, 0x5E35, 0x8EA6, 0x5E36, 0x8EA7,	0x5E37, 0xE1A1, 0x5E38, 0xB3A3, 0x5E39, 0x8EA8, 0x5E3A, 0x8EA9,
	0x5E3B, 0xE0FD, 0x5E3C, 0xE0FE, 0x5E3D, 0xC3B1, 0x5E3E, 0x8EAA,	0x5E3F, 0x8EAB, 0x5E40, 0x8EAC, 0x5E41, 0x8EAD, 0x5E42, 0xC3DD,
	0x5E43, 0x8EAE, 0x5E44, 0xE1A2, 0x5E45, 0xB7F9, 0x5E46, 0x8EAF,	0x5E47, 0x8EB0, 0x5E48, 0x8EB1, 0x5E49, 0x8EB2, 0x5E4A, 0x8EB3,
	0x5E4B, 0x8EB4, 0x5E4C, 0xBBCF, 0x5E4D, 0x8EB5, 0x5E4E, 0x8EB6,	0x5E4F, 0x8EB7, 0x5E50, 0x8EB8, 0x5E51, 0x8EB9, 0x5E52, 0x8EBA,
	0x5E53, 0x8EBB, 0x5E54, 0xE1A3, 0x5E55, 0xC4BB, 0x5E56, 0x8EBC,	0x5E57, 0x8EBD, 0x5E58, 0x8EBE, 0x5E59, 0x8EBF, 0x5E5A, 0x8EC0,
	0x5E5B, 0xE1A4, 0x5E5C, 0x8EC1, 0x5E5D, 0x8EC2, 0x5E5E, 0xE1A5,	0x5E5F, 0x8EC3, 0x5E60, 0x8EC4, 0x5E61, 0xE1A6, 0x5E62, 0xB4B1,
	0x5E63, 0x8EC5, 0x5E64, 0x8EC6, 0x5E65, 0x8EC7, 0x5E66, 0x8EC8,	0x5E67, 0x8EC9, 0x5E68, 0x8ECA, 0x5E69, 0x8ECB, 0x5E6A, 0x8ECC,
	0x5E6B, 0x8ECD, 0x5E6C, 0x8ECE, 0x5E6D, 0x8ECF, 0x5E6E, 0x8ED0,	0x5E6F, 0x8ED1, 0x5E70, 0x8ED2, 0x5E71, 0x8ED3, 0x5E72, 0xB8C9,
	0x5E73, 0xC6BD, 0x5E74, 0xC4EA, 0x5E75, 0x8ED4, 0x5E76, 0xB2A2,	0x5E77, 0x8ED5, 0x5E78, 0xD0D2, 0x5E79, 0x8ED6, 0x5E7A, 0xE7DB,
	0x5E7B, 0xBBC3, 0x5E7C, 0xD3D7, 0x5E7D, 0xD3C4, 0x5E7E, 0x8ED7,	0x5E7F, 0xB9E3, 0x5E80, 0xE2CF, 0x5E81, 0x8ED8, 0x5E82, 0x8ED9,
	0x5E83, 0x8EDA, 0x5E84, 0xD7AF, 0x5E85, 0x8EDB, 0x5E86, 0xC7EC,	0x5E87, 0xB1D3, 0x5E88, 0x8EDC, 0x5E89, 0x8EDD, 0x5E8A, 0xB4B2,
	0x5E8B, 0xE2D1, 0x5E8C, 0x8EDE, 0x5E8D, 0x8EDF, 0x5E8E, 0x8EE0,	0x5E8F, 0xD0F2, 0x5E90, 0xC2AE, 0x5E91, 0xE2D0, 0x5E92, 0x8EE1,
	0x5E93, 0xBFE2, 0x5E94, 0xD3A6, 0x5E95, 0xB5D7, 0x5E96, 0xE2D2,	0x5E97, 0xB5EA, 0x5E98, 0x8EE2, 0x5E99, 0xC3ED, 0x5E9A, 0xB8FD,
	0x5E9B, 0x8EE3, 0x5E9C, 0xB8AE, 0x5E9D, 0x8EE4, 0x5E9E, 0xC5D3,	0x5E9F, 0xB7CF, 0x5EA0, 0xE2D4, 0x5EA1, 0x8EE5, 0x5EA2, 0x8EE6,
	0x5EA3, 0x8EE7, 0x5EA4, 0x8EE8, 0x5EA5, 0xE2D3, 0x5EA6, 0xB6C8,	0x5EA7, 0xD7F9, 0x5EA8, 0x8EE9, 0x5EA9, 0x8EEA, 0x5EAA, 0x8EEB,
	0x5EAB, 0x8EEC, 0x5EAC, 0x8EED, 0x5EAD, 0xCDA5, 0x5EAE, 0x8EEE,	0x5EAF, 0x8EEF, 0x5EB0, 0x8EF0, 0x5EB1, 0x8EF1, 0x5EB2, 0x8EF2,
	0x5EB3, 0xE2D8, 0x5EB4, 0x8EF3, 0x5EB5, 0xE2D6, 0x5EB6, 0xCAFC,	0x5EB7, 0xBFB5, 0x5EB8, 0xD3B9, 0x5EB9, 0xE2D5, 0x5EBA, 0x8EF4,
	0x5EBB, 0x8EF5, 0x5EBC, 0x8EF6, 0x5EBD, 0x8EF7, 0x5EBE, 0xE2D7,	0x5EBF, 0x8EF8, 0x5EC0, 0x8EF9, 0x5EC1, 0x8EFA, 0x5EC2, 0x8EFB,
	0x5EC3, 0x8EFC, 0x5EC4, 0x8EFD, 0x5EC5, 0x8EFE, 0x5EC6, 0x8F40,	0x5EC7, 0x8F41, 0x5EC8, 0x8F42, 0x5EC9, 0xC1AE, 0x5ECA, 0xC0C8,
	0x5ECB, 0x8F43, 0x5ECC, 0x8F44, 0x5ECD, 0x8F45, 0x5ECE, 0x8F46,	0x5ECF, 0x8F47, 0x5ED0, 0x8F48, 0x5ED1, 0xE2DB, 0x5ED2, 0xE2DA,
	0x5ED3, 0xC0AA, 0x5ED4, 0x8F49, 0x5ED5, 0x8F4A, 0x5ED6, 0xC1CE,	0x5ED7, 0x8F4B, 0x5ED8, 0x8F4C, 0x5ED9, 0x8F4D, 0x5EDA, 0x8F4E,
	0x5EDB, 0xE2DC, 0x5EDC, 0x8F4F, 0x5EDD, 0x8F50, 0x5EDE, 0x8F51,	0x5EDF, 0x8F52, 0x5EE0, 0x8F53, 0x5EE1, 0x8F54, 0x5EE2, 0x8F55,
	0x5EE3, 0x8F56, 0x5EE4, 0x8F57, 0x5EE5, 0x8F58, 0x5EE6, 0x8F59,	0x5EE7, 0x8F5A, 0x5EE8, 0xE2DD, 0x5EE9, 0x8F5B, 0x5EEA, 0xE2DE,
	0x5EEB, 0x8F5C, 0x5EEC, 0x8F5D, 0x5EED, 0x8F5E, 0x5EEE, 0x8F5F,	0x5EEF, 0x8F60, 0x5EF0, 0x8F61, 0x5EF1, 0x8F62, 0x5EF2, 0x8F63,
	0x5EF3, 0x8F64, 0x5EF4, 0xDBC8, 0x5EF5, 0x8F65, 0x5EF6, 0xD1D3,	0x5EF7, 0xCDA2, 0x5EF8, 0x8F66, 0x5EF9, 0x8F67, 0x5EFA, 0xBDA8,
	0x5EFB, 0x8F68, 0x5EFC, 0x8F69, 0x5EFD, 0x8F6A, 0x5EFE, 0xDEC3,	0x5EFF, 0xD8A5, 0x5F00, 0xBFAA, 0x5F01, 0xDBCD, 0x5F02, 0xD2EC,
	0x5F03, 0xC6FA, 0x5F04, 0xC5AA, 0x5F05, 0x8F6B, 0x5F06, 0x8F6C,	0x5F07, 0x8F6D, 0x5F08, 0xDEC4, 0x5F09, 0x8F6E, 0x5F0A, 0xB1D7,
	0x5F0B, 0xDFAE, 0x5F0C, 0x8F6F, 0x5F0D, 0x8F70, 0x5F0E, 0x8F71,	0x5F0F, 0xCABD, 0x5F10, 0x8F72, 0x5F11, 0xDFB1, 0x5F12, 0x8F73,
	0x5F13, 0xB9AD, 0x5F14, 0x8F74, 0x5F15, 0xD2FD, 0x5F16, 0x8F75,	0x5F17, 0xB8A5, 0x5F18, 0xBAEB, 0x5F19, 0x8F76, 0x5F1A, 0x8F77,
	0x5F1B, 0xB3DA, 0x5F1C, 0x8F78, 0x5F1D, 0x8F79, 0x5F1E, 0x8F7A,	0x5F1F, 0xB5DC, 0x5F20, 0xD5C5, 0x5F21, 0x8F7B, 0x5F22, 0x8F7C,
	0x5F23, 0x8F7D, 0x5F24, 0x8F7E, 0x5F25, 0xC3D6, 0x5F26, 0xCFD2,	0x5F27, 0xBBA1, 0x5F28, 0x8F80, 0x5F29, 0xE5F3, 0x5F2A, 0xE5F2,
	0x5F2B, 0x8F81, 0x5F2C, 0x8F82, 0x5F2D, 0xE5F4, 0x5F2E, 0x8F83,	0x5F2F, 0xCDE4, 0x5F30, 0x8F84, 0x5F31, 0xC8F5, 0x5F32, 0x8F85,
	0x5F33, 0x8F86, 0x5F34, 0x8F87, 0x5F35, 0x8F88, 0x5F36, 0x8F89,	0x5F37, 0x8F8A, 0x5F38, 0x8F8B, 0x5F39, 0xB5AF, 0x5F3A, 0xC7BF,
	0x5F3B, 0x8F8C, 0x5F3C, 0xE5F6, 0x5F3D, 0x8F8D, 0x5F3E, 0x8F8E,	0x5F3F, 0x8F8F, 0x5F40, 0xECB0, 0x5F41, 0x8F90, 0x5F42, 0x8F91,
	0x5F43, 0x8F92, 0x5F44, 0x8F93, 0x5F45, 0x8F94, 0x5F46, 0x8F95,	0x5F47, 0x8F96, 0x5F48, 0x8F97, 0x5F49, 0x8F98, 0x5F4A, 0x8F99,
	0x5F4B, 0x8F9A, 0x5F4C, 0x8F9B, 0x5F4D, 0x8F9C, 0x5F4E, 0x8F9D,	0x5F4F, 0x8F9E, 0x5F50, 0xE5E6, 0x5F51, 0x8F9F, 0x5F52, 0xB9E9,
	0x5F53, 0xB5B1, 0x5F54, 0x8FA0, 0x5F55, 0xC2BC, 0x5F56, 0xE5E8,	0x5F57, 0xE5E7, 0x5F58, 0xE5E9, 0x5F59, 0x8FA1, 0x5F5A, 0x8FA2,
	0x5F5B, 0x8FA3, 0x5F5C, 0x8FA4, 0x5F5D, 0xD2CD, 0x5F5E, 0x8FA5,	0x5F5F, 0x8FA6, 0x5F60, 0x8FA7, 0x5F61, 0xE1EA, 0x5F62, 0xD0CE,
	0x5F63, 0x8FA8, 0x5F64, 0xCDAE, 0x5F65, 0x8FA9, 0x5F66, 0xD1E5,	0x5F67, 0x8FAA, 0x5F68, 0x8FAB, 0x5F69, 0xB2CA, 0x5F6A, 0xB1EB,
	0x5F6B, 0x8FAC, 0x5F6C, 0xB1F2, 0x5F6D, 0xC5ED, 0x5F6E, 0x8FAD,	0x5F6F, 0x8FAE, 0x5F70, 0xD5C3, 0x5F71, 0xD3B0, 0x5F72, 0x8FAF,
	0x5F73, 0xE1DC, 0x5F74, 0x8FB0, 0x5F75, 0x8FB1, 0x5F76, 0x8FB2,	0x5F77, 0xE1DD, 0x5F78, 0x8FB3, 0x5F79, 0xD2DB, 0x5F7A, 0x8FB4,
	0x5F7B, 0xB3B9, 0x5F7C, 0xB1CB, 0x5F7D, 0x8FB5, 0x5F7E, 0x8FB6,	0x5F7F, 0x8FB7, 0x5F80, 0xCDF9, 0x5F81, 0xD5F7, 0x5F82, 0xE1DE,
	0x5F83, 0x8FB8, 0x5F84, 0xBEB6, 0x5F85, 0xB4FD, 0x5F86, 0x8FB9,	0x5F87, 0xE1DF, 0x5F88, 0xBADC, 0x5F89, 0xE1E0, 0x5F8A, 0xBBB2,
	0x5F8B, 0xC2C9, 0x5F8C, 0xE1E1, 0x5F8D, 0x8FBA, 0x5F8E, 0x8FBB,	0x5F8F, 0x8FBC, 0x5F90, 0xD0EC, 0x5F91, 0x8FBD, 0x5F92, 0xCDBD,
	0x5F93, 0x8FBE, 0x5F94, 0x8FBF, 0x5F95, 0xE1E2, 0x5F96, 0x8FC0,	0x5F97, 0xB5C3, 0x5F98, 0xC5C7, 0x5F99, 0xE1E3, 0x5F9A, 0x8FC1,
	0x5F9B, 0x8FC2, 0x5F9C, 0xE1E4, 0x5F9D, 0x8FC3, 0x5F9E, 0x8FC4,	0x5F9F, 0x8FC5, 0x5FA0, 0x8FC6, 0x5FA1, 0xD3F9, 0x5FA2, 0x8FC7,
	0x5FA3, 0x8FC8, 0x5FA4, 0x8FC9, 0x5FA5, 0x8FCA, 0x5FA6, 0x8FCB,	0x5FA7, 0x8FCC, 0x5FA8, 0xE1E5, 0x5FA9, 0x8FCD, 0x5FAA, 0xD1AD,
	0x5FAB, 0x8FCE, 0x5FAC, 0x8FCF, 0x5FAD, 0xE1E6, 0x5FAE, 0xCEA2,	0x5FAF, 0x8FD0, 0x5FB0, 0x8FD1, 0x5FB1, 0x8FD2, 0x5FB2, 0x8FD3,
	0x5FB3, 0x8FD4, 0x5FB4, 0x8FD5, 0x5FB5, 0xE1E7, 0x5FB6, 0x8FD6,	0x5FB7, 0xB5C2, 0x5FB8, 0x8FD7, 0x5FB9, 0x8FD8, 0x5FBA, 0x8FD9,
	0x5FBB, 0x8FDA, 0x5FBC, 0xE1E8, 0x5FBD, 0xBBD5, 0x5FBE, 0x8FDB,	0x5FBF, 0x8FDC, 0x5FC0, 0x8FDD, 0x5FC1, 0x8FDE, 0x5FC2, 0x8FDF,
	0x5FC3, 0xD0C4, 0x5FC4, 0xE2E0, 0x5FC5, 0xB1D8, 0x5FC6, 0xD2E4,	0x5FC7, 0x8FE0, 0x5FC8, 0x8FE1, 0x5FC9, 0xE2E1, 0x5FCA, 0x8FE2,
	0x5FCB, 0x8FE3, 0x5FCC, 0xBCC9, 0x5FCD, 0xC8CC, 0x5FCE, 0x8FE4,	0x5FCF, 0xE2E3, 0x5FD0, 0xECFE, 0x5FD1, 0xECFD, 0x5FD2, 0xDFAF,
	0x5FD3, 0x8FE5, 0x5FD4, 0x8FE6, 0x5FD5, 0x8FE7, 0x5FD6, 0xE2E2,	0x5FD7, 0xD6BE, 0x5FD8, 0xCDFC, 0x5FD9, 0xC3A6, 0x5FDA, 0x8FE8,
	0x5FDB, 0x8FE9, 0x5FDC, 0x8FEA, 0x5FDD, 0xE3C3, 0x5FDE, 0x8FEB,	0x5FDF, 0x8FEC, 0x5FE0, 0xD6D2, 0x5FE1, 0xE2E7, 0x5FE2, 0x8FED,
	0x5FE3, 0x8FEE, 0x5FE4, 0xE2E8, 0x5FE5, 0x8FEF, 0x5FE6, 0x8FF0,	0x5FE7, 0xD3C7, 0x5FE8, 0x8FF1, 0x5FE9, 0x8FF2, 0x5FEA, 0xE2EC,
	0x5FEB, 0xBFEC, 0x5FEC, 0x8FF3, 0x5FED, 0xE2ED, 0x5FEE, 0xE2E5,	0x5FEF, 0x8FF4, 0x5FF0, 0x8FF5, 0x5FF1, 0xB3C0, 0x5FF2, 0x8FF6,
	0x5FF3, 0x8FF7, 0x5FF4, 0x8FF8, 0x5FF5, 0xC4EE, 0x5FF6, 0x8FF9,	0x5FF7, 0x8FFA, 0x5FF8, 0xE2EE, 0x5FF9, 0x8FFB, 0x5FFA, 0x8FFC,
	0x5FFB, 0xD0C3, 0x5FFC, 0x8FFD, 0x5FFD, 0xBAF6, 0x5FFE, 0xE2E9,	0x5FFF, 0xB7DE, 0x6000, 0xBBB3, 0x6001, 0xCCAC, 0x6002, 0xCBCB,
	0x6003, 0xE2E4, 0x6004, 0xE2E6, 0x6005, 0xE2EA, 0x6006, 0xE2EB,	0x6007, 0x8FFE, 0x6008, 0x9040, 0x6009, 0x9041, 0x600A, 0xE2F7,
	0x600B, 0x9042, 0x600C, 0x9043, 0x600D, 0xE2F4, 0x600E, 0xD4F5,	0x600F, 0xE2F3, 0x6010, 0x9044, 0x6011, 0x9045, 0x6012, 0xC5AD,
	0x6013, 0x9046, 0x6014, 0xD5FA, 0x6015, 0xC5C2, 0x6016, 0xB2C0,	0x6017, 0x9047, 0x6018, 0x9048, 0x6019, 0xE2EF, 0x601A, 0x9049,
	0x601B, 0xE2F2, 0x601C, 0xC1AF, 0x601D, 0xCBBC, 0x601E, 0x904A,	0x601F, 0x904B, 0x6020, 0xB5A1, 0x6021, 0xE2F9, 0x6022, 0x904C,
	0x6023, 0x904D, 0x6024, 0x904E, 0x6025, 0xBCB1, 0x6026, 0xE2F1,	0x6027, 0xD0D4, 0x6028, 0xD4B9, 0x6029, 0xE2F5, 0x602A, 0xB9D6,
	0x602B, 0xE2F6, 0x602C, 0x904F, 0x602D, 0x9050, 0x602E, 0x9051,	0x602F, 0xC7D3, 0x6030, 0x9052, 0x6031, 0x9053, 0x6032, 0x9054,
	0x6033, 0x9055, 0x6034, 0x9056, 0x6035, 0xE2F0, 0x6036, 0x9057,	0x6037, 0x9058, 0x6038, 0x9059, 0x6039, 0x905A, 0x603A, 0x905B,
	0x603B, 0xD7DC, 0x603C, 0xEDA1, 0x603D, 0x905C, 0x603E, 0x905D,	0x603F, 0xE2F8, 0x6040, 0x905E, 0x6041, 0xEDA5, 0x6042, 0xE2FE,
	0x6043, 0xCAD1, 0x6044, 0x905F, 0x6045, 0x9060, 0x6046, 0x9061,	0x6047, 0x9062, 0x6048, 0x9063, 0x6049, 0x9064, 0x604A, 0x9065,
	0x604B, 0xC1B5, 0x604C, 0x9066, 0x604D, 0xBBD0, 0x604E, 0x9067,	0x604F, 0x9068, 0x6050, 0xBFD6, 0x6051, 0x9069, 0x6052, 0xBAE3,
	0x6053, 0x906A, 0x6054, 0x906B, 0x6055, 0xCBA1, 0x6056, 0x906C,	0x6057, 0x906D, 0x6058, 0x906E, 0x6059, 0xEDA6, 0x605A, 0xEDA3,
	0x605B, 0x906F, 0x605C, 0x9070, 0x605D, 0xEDA2, 0x605E, 0x9071,	0x605F, 0x9072, 0x6060, 0x9073, 0x6061, 0x9074, 0x6062, 0xBBD6,
	0x6063, 0xEDA7, 0x6064, 0xD0F4, 0x6065, 0x9075, 0x6066, 0x9076,	0x6067, 0xEDA4, 0x6068, 0xBADE, 0x6069, 0xB6F7, 0x606A, 0xE3A1,
	0x606B, 0xB6B2, 0x606C, 0xCCF1, 0x606D, 0xB9A7, 0x606E, 0x9077,	0x606F, 0xCFA2, 0x6070, 0xC7A1, 0x6071, 0x9078, 0x6072, 0x9079,
	0x6073, 0xBFD2, 0x6074, 0x907A, 0x6075, 0x907B, 0x6076, 0xB6F1,	0x6077, 0x907C, 0x6078, 0xE2FA, 0x6079, 0xE2FB, 0x607A, 0xE2FD,
	0x607B, 0xE2FC, 0x607C, 0xC4D5, 0x607D, 0xE3A2, 0x607E, 0x907D,	0x607F, 0xD3C1, 0x6080, 0x907E, 0x6081, 0x9080, 0x6082, 0x9081,
	0x6083, 0xE3A7, 0x6084, 0xC7C4, 0x6085, 0x9082, 0x6086, 0x9083,	0x6087, 0x9084, 0x6088, 0x9085, 0x6089, 0xCFA4, 0x608A, 0x9086,
	0x608B, 0x9087, 0x608C, 0xE3A9, 0x608D, 0xBAB7, 0x608E, 0x9088,	0x608F, 0x9089, 0x6090, 0x908A, 0x6091, 0x908B, 0x6092, 0xE3A8,
	0x6093, 0x908C, 0x6094, 0xBBDA, 0x6095, 0x908D, 0x6096, 0xE3A3,	0x6097, 0x908E, 0x6098, 0x908F, 0x6099, 0x9090, 0x609A, 0xE3A4,
	0x609B, 0xE3AA, 0x609C, 0x9091, 0x609D, 0xE3A6, 0x609E, 0x9092,	0x609F, 0xCEF2, 0x60A0, 0xD3C6, 0x60A1, 0x9093, 0x60A2, 0x9094,
	0x60A3, 0xBBBC, 0x60A4, 0x9095, 0x60A5, 0x9096, 0x60A6, 0xD4C3,	0x60A7, 0x9097, 0x60A8, 0xC4FA, 0x60A9, 0x9098, 0x60AA, 0x9099,
	0x60AB, 0xEDA8, 0x60AC, 0xD0FC, 0x60AD, 0xE3A5, 0x60AE, 0x909A,	0x60AF, 0xC3F5, 0x60B0, 0x909B, 0x60B1, 0xE3AD, 0x60B2, 0xB1AF,
	0x60B3, 0x909C, 0x60B4, 0xE3B2, 0x60B5, 0x909D, 0x60B6, 0x909E,	0x60B7, 0x909F, 0x60B8, 0xBCC2, 0x60B9, 0x90A0, 0x60BA, 0x90A1,
	0x60BB, 0xE3AC, 0x60BC, 0xB5BF, 0x60BD, 0x90A2, 0x60BE, 0x90A3,	0x60BF, 0x90A4, 0x60C0, 0x90A5, 0x60C1, 0x90A6, 0x60C2, 0x90A7,
	0x60C3, 0x90A8, 0x60C4, 0x90A9, 0x60C5, 0xC7E9, 0x60C6, 0xE3B0,	0x60C7, 0x90AA, 0x60C8, 0x90AB, 0x60C9, 0x90AC, 0x60CA, 0xBEAA,
	0x60CB, 0xCDEF, 0x60CC, 0x90AD, 0x60CD, 0x90AE, 0x60CE, 0x90AF,	0x60CF, 0x90B0, 0x60D0, 0x90B1, 0x60D1, 0xBBF3, 0x60D2, 0x90B2,
	0x60D3, 0x90B3, 0x60D4, 0x90B4, 0x60D5, 0xCCE8, 0x60D6, 0x90B5,	0x60D7, 0x90B6, 0x60D8, 0xE3AF, 0x60D9, 0x90B7, 0x60DA, 0xE3B1,
	0x60DB, 0x90B8, 0x60DC, 0xCFA7, 0x60DD, 0xE3AE, 0x60DE, 0x90B9,	0x60DF, 0xCEA9, 0x60E0, 0xBBDD, 0x60E1, 0x90BA, 0x60E2, 0x90BB,
	0x60E3, 0x90BC, 0x60E4, 0x90BD, 0x60E5, 0x90BE, 0x60E6, 0xB5EB,	0x60E7, 0xBEE5, 0x60E8, 0xB2D2, 0x60E9, 0xB3CD, 0x60EA, 0x90BF,
	0x60EB, 0xB1B9, 0x60EC, 0xE3AB, 0x60ED, 0xB2D1, 0x60EE, 0xB5AC,	0x60EF, 0xB9DF, 0x60F0, 0xB6E8, 0x60F1, 0x90C0, 0x60F2, 0x90C1,
	0x60F3, 0xCFEB, 0x60F4, 0xE3B7, 0x60F5, 0x90C2, 0x60F6, 0xBBCC,	0x60F7, 0x90C3, 0x60F8, 0x90C4, 0x60F9, 0xC8C7, 0x60FA, 0xD0CA,
	0x60FB, 0x90C5, 0x60FC, 0x90C6, 0x60FD, 0x90C7, 0x60FE, 0x90C8,	0x60FF, 0x90C9, 0x6100, 0xE3B8, 0x6101, 0xB3EE, 0x6102, 0x90CA,
	0x6103, 0x90CB, 0x6104, 0x90CC, 0x6105, 0x90CD, 0x6106, 0xEDA9,	0x6107, 0x90CE, 0x6108, 0xD3FA, 0x6109, 0xD3E4, 0x610A, 0x90CF,
	0x610B, 0x90D0, 0x610C, 0x90D1, 0x610D, 0xEDAA, 0x610E, 0xE3B9,	0x610F, 0xD2E2, 0x6110, 0x90D2, 0x6111, 0x90D3, 0x6112, 0x90D4,
	0x6113, 0x90D5, 0x6114, 0x90D6, 0x6115, 0xE3B5, 0x6116, 0x90D7,	0x6117, 0x90D8, 0x6118, 0x90D9, 0x6119, 0x90DA, 0x611A, 0xD3DE,
	0x611B, 0x90DB, 0x611C, 0x90DC, 0x611D, 0x90DD, 0x611E, 0x90DE,	0x611F, 0xB8D0, 0x6120, 0xE3B3, 0x6121, 0x90DF, 0x6122, 0x90E0,
	0x6123, 0xE3B6, 0x6124, 0xB7DF, 0x6125, 0x90E1, 0x6126, 0xE3B4,	0x6127, 0xC0A2, 0x6128, 0x90E2, 0x6129, 0x90E3, 0x612A, 0x90E4,
	0x612B, 0xE3BA, 0x612C, 0x90E5, 0x612D, 0x90E6, 0x612E, 0x90E7,	0x612F, 0x90E8, 0x6130, 0x90E9, 0x6131, 0x90EA, 0x6132, 0x90EB,
	0x6133, 0x90EC, 0x6134, 0x90ED, 0x6135, 0x90EE, 0x6136, 0x90EF,	0x6137, 0x90F0, 0x6138, 0x90F1, 0x6139, 0x90F2, 0x613A, 0x90F3,
	0x613B, 0x90F4, 0x613C, 0x90F5, 0x613D, 0x90F6, 0x613E, 0x90F7,	0x613F, 0xD4B8, 0x6140, 0x90F8, 0x6141, 0x90F9, 0x6142, 0x90FA,
	0x6143, 0x90FB, 0x6144, 0x90FC, 0x6145, 0x90FD, 0x6146, 0x90FE,	0x6147, 0x9140, 0x6148, 0xB4C8, 0x6149, 0x9141, 0x614A, 0xE3BB,
	0x614B, 0x9142, 0x614C, 0xBBC5, 0x614D, 0x9143, 0x614E, 0xC9F7,	0x614F, 0x9144, 0x6150, 0x9145, 0x6151, 0xC9E5, 0x6152, 0x9146,
	0x6153, 0x9147, 0x6154, 0x9148, 0x6155, 0xC4BD, 0x6156, 0x9149,	0x6157, 0x914A, 0x6158, 0x914B, 0x6159, 0x914C, 0x615A, 0x914D,
	0x615B, 0x914E, 0x615C, 0x914F, 0x615D, 0xEDAB, 0x615E, 0x9150,	0x615F, 0x9151, 0x6160, 0x9152, 0x6161, 0x9153, 0x6162, 0xC2FD,
	0x6163, 0x9154, 0x6164, 0x9155, 0x6165, 0x9156, 0x6166, 0x9157,	0x6167, 0xBBDB, 0x6168, 0xBFAE, 0x6169, 0x9158, 0x616A, 0x9159,
	0x616B, 0x915A, 0x616C, 0x915B, 0x616D, 0x915C, 0x616E, 0x915D,	0x616F, 0x915E, 0x6170, 0xCEBF, 0x6171, 0x915F, 0x6172, 0x9160,
	0x6173, 0x9161, 0x6174, 0x9162, 0x6175, 0xE3BC, 0x6176, 0x9163,	0x6177, 0xBFB6, 0x6178, 0x9164, 0x6179, 0x9165, 0x617A, 0x9166,
	0x617B, 0x9167, 0x617C, 0x9168, 0x617D, 0x9169, 0x617E, 0x916A,	0x617F, 0x916B, 0x6180, 0x916C, 0x6181, 0x916D, 0x6182, 0x916E,
	0x6183, 0x916F, 0x6184, 0x9170, 0x6185, 0x9171, 0x6186, 0x9172,	0x6187, 0x9173, 0x6188, 0x9174, 0x6189, 0x9175, 0x618A, 0x9176,
	0x618B, 0xB1EF, 0x618C, 0x9177, 0x618D, 0x9178, 0x618E, 0xD4F7,	0x618F, 0x9179, 0x6190, 0x917A, 0x6191, 0x917B, 0x6192, 0x917C,
	0x6193, 0x917D, 0x6194, 0xE3BE, 0x6195, 0x917E, 0x6196, 0x9180,	0x6197, 0x9181, 0x6198, 0x9182, 0x6199, 0x9183, 0x619A, 0x9184,
	0x619B, 0x9185, 0x619C, 0x9186, 0x619D, 0xEDAD, 0x619E, 0x9187,	0x619F, 0x9188, 0x61A0, 0x9189, 0x61A1, 0x918A, 0x61A2, 0x918B,
	0x61A3, 0x918C, 0x61A4, 0x918D, 0x61A5, 0x918E, 0x61A6, 0x918F,	0x61A7, 0xE3BF, 0x61A8, 0xBAA9, 0x61A9, 0xEDAC, 0x61AA, 0x9190,
	0x61AB, 0x9191, 0x61AC, 0xE3BD, 0x61AD, 0x9192, 0x61AE, 0x9193,	0x61AF, 0x9194, 0x61B0, 0x9195, 0x61B1, 0x9196, 0x61B2, 0x9197,
	0x61B3, 0x9198, 0x61B4, 0x9199, 0x61B5, 0x919A, 0x61B6, 0x919B,	0x61B7, 0xE3C0, 0x61B8, 0x919C, 0x61B9, 0x919D, 0x61BA, 0x919E,
	0x61BB, 0x919F, 0x61BC, 0x91A0, 0x61BD, 0x91A1, 0x61BE, 0xBAB6,	0x61BF, 0x91A2, 0x61C0, 0x91A3, 0x61C1, 0x91A4, 0x61C2, 0xB6AE,
	0x61C3, 0x91A5, 0x61C4, 0x91A6, 0x61C5, 0x91A7, 0x61C6, 0x91A8,	0x61C7, 0x91A9, 0x61C8, 0xD0B8, 0x61C9, 0x91AA, 0x61CA, 0xB0C3,
	0x61CB, 0xEDAE, 0x61CC, 0x91AB, 0x61CD, 0x91AC, 0x61CE, 0x91AD,	0x61CF, 0x91AE, 0x61D0, 0x91AF, 0x61D1, 0xEDAF, 0x61D2, 0xC0C1,
	0x61D3, 0x91B0, 0x61D4, 0xE3C1, 0x61D5, 0x91B1, 0x61D6, 0x91B2,	0x61D7, 0x91B3, 0x61D8, 0x91B4, 0x61D9, 0x91B5, 0x61DA, 0x91B6,
	0x61DB, 0x91B7, 0x61DC, 0x91B8, 0x61DD, 0x91B9, 0x61DE, 0x91BA,	0x61DF, 0x91BB, 0x61E0, 0x91BC, 0x61E1, 0x91BD, 0x61E2, 0x91BE,
	0x61E3, 0x91BF, 0x61E4, 0x91C0, 0x61E5, 0x91C1, 0x61E6, 0xC5B3,	0x61E7, 0x91C2, 0x61E8, 0x91C3, 0x61E9, 0x91C4, 0x61EA, 0x91C5,
	0x61EB, 0x91C6, 0x61EC, 0x91C7, 0x61ED, 0x91C8, 0x61EE, 0x91C9,	0x61EF, 0x91CA, 0x61F0, 0x91CB, 0x61F1, 0x91CC, 0x61F2, 0x91CD,
	0x61F3, 0x91CE, 0x61F4, 0x91CF, 0x61F5, 0xE3C2, 0x61F6, 0x91D0,	0x61F7, 0x91D1, 0x61F8, 0x91D2, 0x61F9, 0x91D3, 0x61FA, 0x91D4,
	0x61FB, 0x91D5, 0x61FC, 0x91D6, 0x61FD, 0x91D7, 0x61FE, 0x91D8,	0x61FF, 0xDCB2, 0x6200, 0x91D9, 0x6201, 0x91DA, 0x6202, 0x91DB,
	0x6203, 0x91DC, 0x6204, 0x91DD, 0x6205, 0x91DE, 0x6206, 0xEDB0,	0x6207, 0x91DF, 0x6208, 0xB8EA, 0x6209, 0x91E0, 0x620A, 0xCEEC,
	0x620B, 0xEAA7, 0x620C, 0xD0E7, 0x620D, 0xCAF9, 0x620E, 0xC8D6,	0x620F, 0xCFB7, 0x6210, 0xB3C9, 0x6211, 0xCED2, 0x6212, 0xBDE4,
	0x6213, 0x91E1, 0x6214, 0x91E2, 0x6215, 0xE3DE, 0x6216, 0xBBF2,	0x6217, 0xEAA8, 0x6218, 0xD5BD, 0x6219, 0x91E3, 0x621A, 0xC6DD,
	0x621B, 0xEAA9, 0x621C, 0x91E4, 0x621D, 0x91E5, 0x621E, 0x91E6,	0x621F, 0xEAAA, 0x6220, 0x91E7, 0x6221, 0xEAAC, 0x6222, 0xEAAB,
	0x6223, 0x91E8, 0x6224, 0xEAAE, 0x6225, 0xEAAD, 0x6226, 0x91E9,	0x6227, 0x91EA, 0x6228, 0x91EB, 0x6229, 0x91EC, 0x622A, 0xBDD8,
	0x622B, 0x91ED, 0x622C, 0xEAAF, 0x622D, 0x91EE, 0x622E, 0xC2BE,	0x622F, 0x91EF, 0x6230, 0x91F0, 0x6231, 0x91F1, 0x6232, 0x91F2,
	0x6233, 0xB4C1, 0x6234, 0xB4F7, 0x6235, 0x91F3, 0x6236, 0x91F4,	0x6237, 0xBBA7, 0x6238, 0x91F5, 0x6239, 0x91F6, 0x623A, 0x91F7,
	0x623B, 0x91F8, 0x623C, 0x91F9, 0x623D, 0xECE6, 0x623E, 0xECE5,	0x623F, 0xB7BF, 0x6240, 0xCBF9, 0x6241, 0xB1E2, 0x6242, 0x91FA,
	0x6243, 0xECE7, 0x6244, 0x91FB, 0x6245, 0x91FC, 0x6246, 0x91FD,	0x6247, 0xC9C8, 0x6248, 0xECE8, 0x6249, 0xECE9, 0x624A, 0x91FE,
	0x624B, 0xCAD6, 0x624C, 0xDED0, 0x624D, 0xB2C5, 0x624E, 0xD4FA,	0x624F, 0x9240, 0x6250, 0x9241, 0x6251, 0xC6CB, 0x6252, 0xB0C7,
	0x6253, 0xB4F2, 0x6254, 0xC8D3, 0x6255, 0x9242, 0x6256, 0x9243,	0x6257, 0x9244, 0x6258, 0xCDD0, 0x6259, 0x9245, 0x625A, 0x9246,
	0x625B, 0xBFB8, 0x625C, 0x9247, 0x625D, 0x9248, 0x625E, 0x9249,	0x625F, 0x924A, 0x6260, 0x924B, 0x6261, 0x924C, 0x6262, 0x924D,
	0x6263, 0xBFDB, 0x6264, 0x924E, 0x6265, 0x924F, 0x6266, 0xC7A4,	0x6267, 0xD6B4, 0x6268, 0x9250, 0x6269, 0xC0A9, 0x626A, 0xDED1,
	0x626B, 0xC9A8, 0x626C, 0xD1EF, 0x626D, 0xC5A4, 0x626E, 0xB0E7,	0x626F, 0xB3B6, 0x6270, 0xC8C5, 0x6271, 0x9251, 0x6272, 0x9252,
	0x6273, 0xB0E2, 0x6274, 0x9253, 0x6275, 0x9254, 0x6276, 0xB7F6,	0x6277, 0x9255, 0x6278, 0x9256, 0x6279, 0xC5FA, 0x627A, 0x9257,
	0x627B, 0x9258, 0x627C, 0xB6F3, 0x627D, 0x9259, 0x627E, 0xD5D2,	0x627F, 0xB3D0, 0x6280, 0xBCBC, 0x6281, 0x925A, 0x6282, 0x925B,
	0x6283, 0x925C, 0x6284, 0xB3AD, 0x6285, 0x925D, 0x6286, 0x925E,	0x6287, 0x925F, 0x6288, 0x9260, 0x6289, 0xBEF1, 0x628A, 0xB0D1,
	0x628B, 0x9261, 0x628C, 0x9262, 0x628D, 0x9263, 0x628E, 0x9264,	0x628F, 0x9265, 0x6290, 0x9266, 0x6291, 0xD2D6, 0x6292, 0xCAE3,
	0x6293, 0xD7A5, 0x6294, 0x9267, 0x6295, 0xCDB6, 0x6296, 0xB6B6,	0x6297, 0xBFB9, 0x6298, 0xD5DB, 0x6299, 0x9268, 0x629A, 0xB8A7,
	0x629B, 0xC5D7, 0x629C, 0x9269, 0x629D, 0x926A, 0x629E, 0x926B,	0x629F, 0xDED2, 0x62A0, 0xBFD9, 0x62A1, 0xC2D5, 0x62A2, 0xC7C0,
	0x62A3, 0x926C, 0x62A4, 0xBBA4, 0x62A5, 0xB1A8, 0x62A6, 0x926D,	0x62A7, 0x926E, 0x62A8, 0xC5EA, 0x62A9, 0x926F, 0x62AA, 0x9270,
	0x62AB, 0xC5FB, 0x62AC, 0xCCA7, 0x62AD, 0x9271, 0x62AE, 0x9272,	0x62AF, 0x9273, 0x62B0, 0x9274, 0x62B1, 0xB1A7, 0x62B2, 0x9275,
	0x62B3, 0x9276, 0x62B4, 0x9277, 0x62B5, 0xB5D6, 0x62B6, 0x9278,	0x62B7, 0x9279, 0x62B8, 0x927A, 0x62B9, 0xC4A8, 0x62BA, 0x927B,
	0x62BB, 0xDED3, 0x62BC, 0xD1BA, 0x62BD, 0xB3E9, 0x62BE, 0x927C,	0x62BF, 0xC3F2, 0x62C0, 0x927D, 0x62C1, 0x927E, 0x62C2, 0xB7F7,
	0x62C3, 0x9280, 0x62C4, 0xD6F4, 0x62C5, 0xB5A3, 0x62C6, 0xB2F0,	0x62C7, 0xC4B4, 0x62C8, 0xC4E9, 0x62C9, 0xC0AD, 0x62CA, 0xDED4,
	0x62CB, 0x9281, 0x62CC, 0xB0E8, 0x62CD, 0xC5C4, 0x62CE, 0xC1E0,	0x62CF, 0x9282, 0x62D0, 0xB9D5, 0x62D1, 0x9283, 0x62D2, 0xBEDC,
	0x62D3, 0xCDD8, 0x62D4, 0xB0CE, 0x62D5, 0x9284, 0x62D6, 0xCDCF,	0x62D7, 0xDED6, 0x62D8, 0xBED0, 0x62D9, 0xD7BE, 0x62DA, 0xDED5,
	0x62DB, 0xD5D0, 0x62DC, 0xB0DD, 0x62DD, 0x9285, 0x62DE, 0x9286,	0x62DF, 0xC4E2, 0x62E0, 0x9287, 0x62E1, 0x9288, 0x62E2, 0xC2A3,
	0x62E3, 0xBCF0, 0x62E4, 0x9289, 0x62E5, 0xD3B5, 0x62E6, 0xC0B9,	0x62E7, 0xC5A1, 0x62E8, 0xB2A6, 0x62E9, 0xD4F1, 0x62EA, 0x928A,
	0x62EB, 0x928B, 0x62EC, 0xC0A8, 0x62ED, 0xCAC3, 0x62EE, 0xDED7,	0x62EF, 0xD5FC, 0x62F0, 0x928C, 0x62F1, 0xB9B0, 0x62F2, 0x928D,
	0x62F3, 0xC8AD, 0x62F4, 0xCBA9, 0x62F5, 0x928E, 0x62F6, 0xDED9,	0x62F7, 0xBFBD, 0x62F8, 0x928F, 0x62F9, 0x9290, 0x62FA, 0x9291,
	0x62FB, 0x9292, 0x62FC, 0xC6B4, 0x62FD, 0xD7A7, 0x62FE, 0xCAB0,	0x62FF, 0xC4C3, 0x6300, 0x9293, 0x6301, 0xB3D6, 0x6302, 0xB9D2,
	0x6303, 0x9294, 0x6304, 0x9295, 0x6305, 0x9296, 0x6306, 0x9297,	0x6307, 0xD6B8, 0x6308, 0xEAFC, 0x6309, 0xB0B4, 0x630A, 0x9298,
	0x630B, 0x9299, 0x630C, 0x929A, 0x630D, 0x929B, 0x630E, 0xBFE6,	0x630F, 0x929C, 0x6310, 0x929D, 0x6311, 0xCCF4, 0x6312, 0x929E,
	0x6313, 0x929F, 0x6314, 0x92A0, 0x6315, 0x92A1, 0x6316, 0xCDDA,	0x6317, 0x92A2, 0x6318, 0x92A3, 0x6319, 0x92A4, 0x631A, 0xD6BF,
	0x631B, 0xC2CE, 0x631C, 0x92A5, 0x631D, 0xCECE, 0x631E, 0xCCA2,	0x631F, 0xD0AE, 0x6320, 0xC4D3, 0x6321, 0xB5B2, 0x6322, 0xDED8,
	0x6323, 0xD5F5, 0x6324, 0xBCB7, 0x6325, 0xBBD3, 0x6326, 0x92A6,	0x6327, 0x92A7, 0x6328, 0xB0A4, 0x6329, 0x92A8, 0x632A, 0xC5B2,
	0x632B, 0xB4EC, 0x632C, 0x92A9, 0x632D, 0x92AA, 0x632E, 0x92AB,	0x632F, 0xD5F1, 0x6330, 0x92AC, 0x6331, 0x92AD, 0x6332, 0xEAFD,
	0x6333, 0x92AE, 0x6334, 0x92AF, 0x6335, 0x92B0, 0x6336, 0x92B1,	0x6337, 0x92B2, 0x6338, 0x92B3, 0x6339, 0xDEDA, 0x633A, 0xCDA6,
	0x633B, 0x92B4, 0x633C, 0x92B5, 0x633D, 0xCDEC, 0x633E, 0x92B6,	0x633F, 0x92B7, 0x6340, 0x92B8, 0x6341, 0x92B9, 0x6342, 0xCEE6,
	0x6343, 0xDEDC, 0x6344, 0x92BA, 0x6345, 0xCDB1, 0x6346, 0xC0A6,	0x6347, 0x92BB, 0x6348, 0x92BC, 0x6349, 0xD7BD, 0x634A, 0x92BD,
	0x634B, 0xDEDB, 0x634C, 0xB0C6, 0x634D, 0xBAB4, 0x634E, 0xC9D3,	0x634F, 0xC4F3, 0x6350, 0xBEE8, 0x6351, 0x92BE, 0x6352, 0x92BF,
	0x6353, 0x92C0, 0x6354, 0x92C1, 0x6355, 0xB2B6, 0x6356, 0x92C2,	0x6357, 0x92C3, 0x6358, 0x92C4, 0x6359, 0x92C5, 0x635A, 0x92C6,
	0x635B, 0x92C7, 0x635C, 0x92C8, 0x635D, 0x92C9, 0x635E, 0xC0CC,	0x635F, 0xCBF0, 0x6360, 0x92CA, 0x6361, 0xBCF1, 0x6362, 0xBBBB,
	0x6363, 0xB5B7, 0x6364, 0x92CB, 0x6365, 0x92CC, 0x6366, 0x92CD,	0x6367, 0xC5F5, 0x6368, 0x92CE, 0x6369, 0xDEE6, 0x636A, 0x92CF,
	0x636B, 0x92D0, 0x636C, 0x92D1, 0x636D, 0xDEE3, 0x636E, 0xBEDD,	0x636F, 0x92D2, 0x6370, 0x92D3, 0x6371, 0xDEDF, 0x6372, 0x92D4,
	0x6373, 0x92D5, 0x6374, 0x92D6, 0x6375, 0x92D7, 0x6376, 0xB4B7,	0x6377, 0xBDDD, 0x6378, 0x92D8, 0x6379, 0x92D9, 0x637A, 0xDEE0,
	0x637B, 0xC4ED, 0x637C, 0x92DA, 0x637D, 0x92DB, 0x637E, 0x92DC,	0x637F, 0x92DD, 0x6380, 0xCFC6, 0x6381, 0x92DE, 0x6382, 0xB5E0,
	0x6383, 0x92DF, 0x6384, 0x92E0, 0x6385, 0x92E1, 0x6386, 0x92E2,	0x6387, 0xB6DE, 0x6388, 0xCADA, 0x6389, 0xB5F4, 0x638A, 0xDEE5,
	0x638B, 0x92E3, 0x638C, 0xD5C6, 0x638D, 0x92E4, 0x638E, 0xDEE1,	0x638F, 0xCCCD, 0x6390, 0xC6FE, 0x6391, 0x92E5, 0x6392, 0xC5C5,
	0x6393, 0x92E6, 0x6394, 0x92E7, 0x6395, 0x92E8, 0x6396, 0xD2B4,	0x6397, 0x92E9, 0x6398, 0xBEF2, 0x6399, 0x92EA, 0x639A, 0x92EB,
	0x639B, 0x92EC, 0x639C, 0x92ED, 0x639D, 0x92EE, 0x639E, 0x92EF,	0x639F, 0x92F0, 0x63A0, 0xC2D3, 0x63A1, 0x92F1, 0x63A2, 0xCCBD,
	0x63A3, 0xB3B8, 0x63A4, 0x92F2, 0x63A5, 0xBDD3, 0x63A6, 0x92F3,	0x63A7, 0xBFD8, 0x63A8, 0xCDC6, 0x63A9, 0xD1DA, 0x63AA, 0xB4EB,
	0x63AB, 0x92F4, 0x63AC, 0xDEE4, 0x63AD, 0xDEDD, 0x63AE, 0xDEE7,	0x63AF, 0x92F5, 0x63B0, 0xEAFE, 0x63B1, 0x92F6, 0x63B2, 0x92F7,
	0x63B3, 0xC2B0, 0x63B4, 0xDEE2, 0x63B5, 0x92F8, 0x63B6, 0x92F9,	0x63B7, 0xD6C0, 0x63B8, 0xB5A7, 0x63B9, 0x92FA, 0x63BA, 0xB2F4,
	0x63BB, 0x92FB, 0x63BC, 0xDEE8, 0x63BD, 0x92FC, 0x63BE, 0xDEF2,	0x63BF, 0x92FD, 0x63C0, 0x92FE, 0x63C1, 0x9340, 0x63C2, 0x9341,
	0x63C3, 0x9342, 0x63C4, 0xDEED, 0x63C5, 0x9343, 0x63C6, 0xDEF1,	0x63C7, 0x9344, 0x63C8, 0x9345, 0x63C9, 0xC8E0, 0x63CA, 0x9346,
	0x63CB, 0x9347, 0x63CC, 0x9348, 0x63CD, 0xD7E1, 0x63CE, 0xDEEF,	0x63CF, 0xC3E8, 0x63D0, 0xCCE1, 0x63D1, 0x9349, 0x63D2, 0xB2E5,
	0x63D3, 0x934A, 0x63D4, 0x934B, 0x63D5, 0x934C, 0x63D6, 0xD2BE,	0x63D7, 0x934D, 0x63D8, 0x934E, 0x63D9, 0x934F, 0x63DA, 0x9350,
	0x63DB, 0x9351, 0x63DC, 0x9352, 0x63DD, 0x9353, 0x63DE, 0xDEEE,	0x63DF, 0x9354, 0x63E0, 0xDEEB, 0x63E1, 0xCED5, 0x63E2, 0x9355,
	0x63E3, 0xB4A7, 0x63E4, 0x9356, 0x63E5, 0x9357, 0x63E6, 0x9358,	0x63E7, 0x9359, 0x63E8, 0x935A, 0x63E9, 0xBFAB, 0x63EA, 0xBEBE,
	0x63EB, 0x935B, 0x63EC, 0x935C, 0x63ED, 0xBDD2, 0x63EE, 0x935D,	0x63EF, 0x935E, 0x63F0, 0x935F, 0x63F1, 0x9360, 0x63F2, 0xDEE9,
	0x63F3, 0x9361, 0x63F4, 0xD4AE, 0x63F5, 0x9362, 0x63F6, 0xDEDE,	0x63F7, 0x9363, 0x63F8, 0xDEEA, 0x63F9, 0x9364, 0x63FA, 0x9365,
	0x63FB, 0x9366, 0x63FC, 0x9367, 0x63FD, 0xC0BF, 0x63FE, 0x9368,	0x63FF, 0xDEEC, 0x6400, 0xB2F3, 0x6401, 0xB8E9, 0x6402, 0xC2A7,
	0x6403, 0x9369, 0x6404, 0x936A, 0x6405, 0xBDC1, 0x6406, 0x936B,	0x6407, 0x936C, 0x6408, 0x936D, 0x6409, 0x936E, 0x640A, 0x936F,
	0x640B, 0xDEF5, 0x640C, 0xDEF8, 0x640D, 0x9370, 0x640E, 0x9371,	0x640F, 0xB2AB, 0x6410, 0xB4A4, 0x6411, 0x9372, 0x6412, 0x9373,
	0x6413, 0xB4EA, 0x6414, 0xC9A6, 0x6415, 0x9374, 0x6416, 0x9375,	0x6417, 0x9376, 0x6418, 0x9377, 0x6419, 0x9378, 0x641A, 0x9379,
	0x641B, 0xDEF6, 0x641C, 0xCBD1, 0x641D, 0x937A, 0x641E, 0xB8E3,	0x641F, 0x937B, 0x6420, 0xDEF7, 0x6421, 0xDEFA, 0x6422, 0x937C,
	0x6423, 0x937D, 0x6424, 0x937E, 0x6425, 0x9380, 0x6426, 0xDEF9,	0x6427, 0x9381, 0x6428, 0x9382, 0x6429, 0x9383, 0x642A, 0xCCC2,
	0x642B, 0x9384, 0x642C, 0xB0E1, 0x642D, 0xB4EE, 0x642E, 0x9385,	0x642F, 0x9386, 0x6430, 0x9387, 0x6431, 0x9388, 0x6432, 0x9389,
	0x6433, 0x938A, 0x6434, 0xE5BA, 0x6435, 0x938B, 0x6436, 0x938C,	0x6437, 0x938D, 0x6438, 0x938E, 0x6439, 0x938F, 0x643A, 0xD0AF,
	0x643B, 0x9390, 0x643C, 0x9391, 0x643D, 0xB2EB, 0x643E, 0x9392,	0x643F, 0xEBA1, 0x6440, 0x9393, 0x6441, 0xDEF4, 0x6442, 0x9394,
	0x6443, 0x9395, 0x6444, 0xC9E3, 0x6445, 0xDEF3, 0x6446, 0xB0DA,	0x6447, 0xD2A1, 0x6448, 0xB1F7, 0x6449, 0x9396, 0x644A, 0xCCAF,
	0x644B, 0x9397, 0x644C, 0x9398, 0x644D, 0x9399, 0x644E, 0x939A,	0x644F, 0x939B, 0x6450, 0x939C, 0x6451, 0x939D, 0x6452, 0xDEF0,
	0x6453, 0x939E, 0x6454, 0xCBA4, 0x6455, 0x939F, 0x6456, 0x93A0,	0x6457, 0x93A1, 0x6458, 0xD5AA, 0x6459, 0x93A2, 0x645A, 0x93A3,
	0x645B, 0x93A4, 0x645C, 0x93A5, 0x645D, 0x93A6, 0x645E, 0xDEFB,	0x645F, 0x93A7, 0x6460, 0x93A8, 0x6461, 0x93A9, 0x6462, 0x93AA,
	0x6463, 0x93AB, 0x6464, 0x93AC, 0x6465, 0x93AD, 0x6466, 0x93AE,	0x6467, 0xB4DD, 0x6468, 0x93AF, 0x6469, 0xC4A6, 0x646A, 0x93B0,
	0x646B, 0x93B1, 0x646C, 0x93B2, 0x646D, 0xDEFD, 0x646E, 0x93B3,	0x646F, 0x93B4, 0x6470, 0x93B5, 0x6471, 0x93B6, 0x6472, 0x93B7,
	0x6473, 0x93B8, 0x6474, 0x93B9, 0x6475, 0x93BA, 0x6476, 0x93BB,	0x6477, 0x93BC, 0x6478, 0xC3FE, 0x6479, 0xC4A1, 0x647A, 0xDFA1,
	0x647B, 0x93BD, 0x647C, 0x93BE, 0x647D, 0x93BF, 0x647E, 0x93C0,	0x647F, 0x93C1, 0x6480, 0x93C2, 0x6481, 0x93C3, 0x6482, 0xC1CC,
	0x6483, 0x93C4, 0x6484, 0xDEFC, 0x6485, 0xBEEF, 0x6486, 0x93C5,	0x6487, 0xC6B2, 0x6488, 0x93C6, 0x6489, 0x93C7, 0x648A, 0x93C8,
	0x648B, 0x93C9, 0x648C, 0x93CA, 0x648D, 0x93CB, 0x648E, 0x93CC,	0x648F, 0x93CD, 0x6490, 0x93CE, 0x6491, 0xB3C5, 0x6492, 0xC8F6,
	0x6493, 0x93CF, 0x6494, 0x93D0, 0x6495, 0xCBBA, 0x6496, 0xDEFE,	0x6497, 0x93D1, 0x6498, 0x93D2, 0x6499, 0xDFA4, 0x649A, 0x93D3,
	0x649B, 0x93D4, 0x649C, 0x93D5, 0x649D, 0x93D6, 0x649E, 0xD7B2,	0x649F, 0x93D7, 0x64A0, 0x93D8, 0x64A1, 0x93D9, 0x64A2, 0x93DA,
	0x64A3, 0x93DB, 0x64A4, 0xB3B7, 0x64A5, 0x93DC, 0x64A6, 0x93DD,	0x64A7, 0x93DE, 0x64A8, 0x93DF, 0x64A9, 0xC1C3, 0x64AA, 0x93E0,
	0x64AB, 0x93E1, 0x64AC, 0xC7CB, 0x64AD, 0xB2A5, 0x64AE, 0xB4E9,	0x64AF, 0x93E2, 0x64B0, 0xD7AB, 0x64B1, 0x93E3, 0x64B2, 0x93E4,
	0x64B3, 0x93E5, 0x64B4, 0x93E6, 0x64B5, 0xC4EC, 0x64B6, 0x93E7,	0x64B7, 0xDFA2, 0x64B8, 0xDFA3, 0x64B9, 0x93E8, 0x64BA, 0xDFA5,
	0x64BB, 0x93E9, 0x64BC, 0xBAB3, 0x64BD, 0x93EA, 0x64BE, 0x93EB,	0x64BF, 0x93EC, 0x64C0, 0xDFA6, 0x64C1, 0x93ED, 0x64C2, 0xC0DE,
	0x64C3, 0x93EE, 0x64C4, 0x93EF, 0x64C5, 0xC9C3, 0x64C6, 0x93F0,	0x64C7, 0x93F1, 0x64C8, 0x93F2, 0x64C9, 0x93F3, 0x64CA, 0x93F4,
	0x64CB, 0x93F5, 0x64CC, 0x93F6, 0x64CD, 0xB2D9, 0x64CE, 0xC7E6,	0x64CF, 0x93F7, 0x64D0, 0xDFA7, 0x64D1, 0x93F8, 0x64D2, 0xC7DC,
	0x64D3, 0x93F9, 0x64D4, 0x93FA, 0x64D5, 0x93FB, 0x64D6, 0x93FC,	0x64D7, 0xDFA8, 0x64D8, 0xEBA2, 0x64D9, 0x93FD, 0x64DA, 0x93FE,
	0x64DB, 0x9440, 0x64DC, 0x9441, 0x64DD, 0x9442, 0x64DE, 0xCBD3,	0x64DF, 0x9443, 0x64E0, 0x9444, 0x64E1, 0x9445, 0x64E2, 0xDFAA,
	0x64E3, 0x9446, 0x64E4, 0xDFA9, 0x64E5, 0x9447, 0x64E6, 0xB2C1,	0x64E7, 0x9448, 0x64E8, 0x9449, 0x64E9, 0x944A, 0x64EA, 0x944B,
	0x64EB, 0x944C, 0x64EC, 0x944D, 0x64ED, 0x944E, 0x64EE, 0x944F,	0x64EF, 0x9450, 0x64F0, 0x9451, 0x64F1, 0x9452, 0x64F2, 0x9453,
	0x64F3, 0x9454, 0x64F4, 0x9455, 0x64F5, 0x9456, 0x64F6, 0x9457,	0x64F7, 0x9458, 0x64F8, 0x9459, 0x64F9, 0x945A, 0x64FA, 0x945B,
	0x64FB, 0x945C, 0x64FC, 0x945D, 0x64FD, 0x945E, 0x64FE, 0x945F,	0x64FF, 0x9460, 0x6500, 0xC5CA, 0x6501, 0x9461, 0x6502, 0x9462,
	0x6503, 0x9463, 0x6504, 0x9464, 0x6505, 0x9465, 0x6506, 0x9466,	0x6507, 0x9467, 0x6508, 0x9468, 0x6509, 0xDFAB, 0x650A, 0x9469,
	0x650B, 0x946A, 0x650C, 0x946B, 0x650D, 0x946C, 0x650E, 0x946D,	0x650F, 0x946E, 0x6510, 0x946F, 0x6511, 0x9470, 0x6512, 0xD4DC,
	0x6513, 0x9471, 0x6514, 0x9472, 0x6515, 0x9473, 0x6516, 0x9474,	0x6517, 0x9475, 0x6518, 0xC8C1, 0x6519, 0x9476, 0x651A, 0x9477,
	0x651B, 0x9478, 0x651C, 0x9479, 0x651D, 0x947A, 0x651E, 0x947B,	0x651F, 0x947C, 0x6520, 0x947D, 0x6521, 0x947E, 0x6522, 0x9480,
	0x6523, 0x9481, 0x6524, 0x9482, 0x6525, 0xDFAC, 0x6526, 0x9483,	0x6527, 0x9484, 0x6528, 0x9485, 0x6529, 0x9486, 0x652A, 0x9487,
	0x652B, 0xBEF0, 0x652C, 0x9488, 0x652D, 0x9489, 0x652E, 0xDFAD,	0x652F, 0xD6A7, 0x6530, 0x948A, 0x6531, 0x948B, 0x6532, 0x948C,
	0x6533, 0x948D, 0x6534, 0xEAB7, 0x6535, 0xEBB6, 0x6536, 0xCAD5,	0x6537, 0x948E, 0x6538, 0xD8FC, 0x6539, 0xB8C4, 0x653A, 0x948F,
	0x653B, 0xB9A5, 0x653C, 0x9490, 0x653D, 0x9491, 0x653E, 0xB7C5,	0x653F, 0xD5FE, 0x6540, 0x9492, 0x6541, 0x9493, 0x6542, 0x9494,
	0x6543, 0x9495, 0x6544, 0x9496, 0x6545, 0xB9CA, 0x6546, 0x9497,	0x6547, 0x9498, 0x6548, 0xD0A7, 0x6549, 0xF4CD, 0x654A, 0x9499,
	0x654B, 0x949A, 0x654C, 0xB5D0, 0x654D, 0x949B, 0x654E, 0x949C,	0x654F, 0xC3F4, 0x6550, 0x949D, 0x6551, 0xBEC8, 0x6552, 0x949E,
	0x6553, 0x949F, 0x6554, 0x94A0, 0x6555, 0xEBB7, 0x6556, 0xB0BD,	0x6557, 0x94A1, 0x6558, 0x94A2, 0x6559, 0xBDCC, 0x655A, 0x94A3,
	0x655B, 0xC1B2, 0x655C, 0x94A4, 0x655D, 0xB1D6, 0x655E, 0xB3A8,	0x655F, 0x94A5, 0x6560, 0x94A6, 0x6561, 0x94A7, 0x6562, 0xB8D2,
	0x6563, 0xC9A2, 0x6564, 0x94A8, 0x6565, 0x94A9, 0x6566, 0xB6D8,	0x6567, 0x94AA, 0x6568, 0x94AB, 0x6569, 0x94AC, 0x656A, 0x94AD,
	0x656B, 0xEBB8, 0x656C, 0xBEB4, 0x656D, 0x94AE, 0x656E, 0x94AF,	0x656F, 0x94B0, 0x6570, 0xCAFD, 0x6571, 0x94B1, 0x6572, 0xC7C3,
	0x6573, 0x94B2, 0x6574, 0xD5FB, 0x6575, 0x94B3, 0x6576, 0x94B4,	0x6577, 0xB7F3, 0x6578, 0x94B5, 0x6579, 0x94B6, 0x657A, 0x94B7,
	0x657B, 0x94B8, 0x657C, 0x94B9, 0x657D, 0x94BA, 0x657E, 0x94BB,	0x657F, 0x94BC, 0x6580, 0x94BD, 0x6581, 0x94BE, 0x6582, 0x94BF,
	0x6583, 0x94C0, 0x6584, 0x94C1, 0x6585, 0x94C2, 0x6586, 0x94C3,	0x6587, 0xCEC4, 0x6588, 0x94C4, 0x6589, 0x94C5, 0x658A, 0x94C6,
	0x658B, 0xD5AB, 0x658C, 0xB1F3, 0x658D, 0x94C7, 0x658E, 0x94C8,	0x658F, 0x94C9, 0x6590, 0xECB3, 0x6591, 0xB0DF, 0x6592, 0x94CA,
	0x6593, 0xECB5, 0x6594, 0x94CB, 0x6595, 0x94CC, 0x6596, 0x94CD,	0x6597, 0xB6B7, 0x6598, 0x94CE, 0x6599, 0xC1CF, 0x659A, 0x94CF,
	0x659B, 0xF5FA, 0x659C, 0xD0B1, 0x659D, 0x94D0, 0x659E, 0x94D1,	0x659F, 0xD5E5, 0x65A0, 0x94D2, 0x65A1, 0xCED3, 0x65A2, 0x94D3,
	0x65A3, 0x94D4, 0x65A4, 0xBDEF, 0x65A5, 0xB3E2, 0x65A6, 0x94D5,	0x65A7, 0xB8AB, 0x65A8, 0x94D6, 0x65A9, 0xD5B6, 0x65AA, 0x94D7,
	0x65AB, 0xEDBD, 0x65AC, 0x94D8, 0x65AD, 0xB6CF, 0x65AE, 0x94D9,	0x65AF, 0xCBB9, 0x65B0, 0xD0C2, 0x65B1, 0x94DA, 0x65B2, 0x94DB,
	0x65B3, 0x94DC, 0x65B4, 0x94DD, 0x65B5, 0x94DE, 0x65B6, 0x94DF,	0x65B7, 0x94E0, 0x65B8, 0x94E1, 0x65B9, 0xB7BD, 0x65BA, 0x94E2,
	0x65BB, 0x94E3, 0x65BC, 0xECB6, 0x65BD, 0xCAA9, 0x65BE, 0x94E4,	0x65BF, 0x94E5, 0x65C0, 0x94E6, 0x65C1, 0xC5D4, 0x65C2, 0x94E7,
	0x65C3, 0xECB9, 0x65C4, 0xECB8, 0x65C5, 0xC2C3, 0x65C6, 0xECB7,	0x65C7, 0x94E8, 0x65C8, 0x94E9, 0x65C9, 0x94EA, 0x65CA, 0x94EB,
	0x65CB, 0xD0FD, 0x65CC, 0xECBA, 0x65CD, 0x94EC, 0x65CE, 0xECBB,	0x65CF, 0xD7E5, 0x65D0, 0x94ED, 0x65D1, 0x94EE, 0x65D2, 0xECBC,
	0x65D3, 0x94EF, 0x65D4, 0x94F0, 0x65D5, 0x94F1, 0x65D6, 0xECBD,	0x65D7, 0xC6EC, 0x65D8, 0x94F2, 0x65D9, 0x94F3, 0x65DA, 0x94F4,
	0x65DB, 0x94F5, 0x65DC, 0x94F6, 0x65DD, 0x94F7, 0x65DE, 0x94F8,	0x65DF, 0x94F9, 0x65E0, 0xCEDE, 0x65E1, 0x94FA, 0x65E2, 0xBCC8,
	0x65E3, 0x94FB, 0x65E4, 0x94FC, 0x65E5, 0xC8D5, 0x65E6, 0xB5A9,	0x65E7, 0xBEC9, 0x65E8, 0xD6BC, 0x65E9, 0xD4E7, 0x65EA, 0x94FD,
	0x65EB, 0x94FE, 0x65EC, 0xD1AE, 0x65ED, 0xD0F1, 0x65EE, 0xEAB8,	0x65EF, 0xEAB9, 0x65F0, 0xEABA, 0x65F1, 0xBAB5, 0x65F2, 0x9540,
	0x65F3, 0x9541, 0x65F4, 0x9542, 0x65F5, 0x9543, 0x65F6, 0xCAB1,	0x65F7, 0xBFF5, 0x65F8, 0x9544, 0x65F9, 0x9545, 0x65FA, 0xCDFA,
	0x65FB, 0x9546, 0x65FC, 0x9547, 0x65FD, 0x9548, 0x65FE, 0x9549,	0x65FF, 0x954A, 0x6600, 0xEAC0, 0x6601, 0x954B, 0x6602, 0xB0BA,
	0x6603, 0xEABE, 0x6604, 0x954C, 0x6605, 0x954D, 0x6606, 0xC0A5,	0x6607, 0x954E, 0x6608, 0x954F, 0x6609, 0x9550, 0x660A, 0xEABB,
	0x660B, 0x9551, 0x660C, 0xB2FD, 0x660D, 0x9552, 0x660E, 0xC3F7,	0x660F, 0xBBE8, 0x6610, 0x9553, 0x6611, 0x9554, 0x6612, 0x9555,
	0x6613, 0xD2D7, 0x6614, 0xCEF4, 0x6615, 0xEABF, 0x6616, 0x9556,	0x6617, 0x9557, 0x6618, 0x9558, 0x6619, 0xEABC, 0x661A, 0x9559,
	0x661B, 0x955A, 0x661C, 0x955B, 0x661D, 0xEAC3, 0x661E, 0x955C,	0x661F, 0xD0C7, 0x6620, 0xD3B3, 0x6621, 0x955D, 0x6622, 0x955E,
	0x6623, 0x955F, 0x6624, 0x9560, 0x6625, 0xB4BA, 0x6626, 0x9561,	0x6627, 0xC3C1, 0x6628, 0xD7F2, 0x6629, 0x9562, 0x662A, 0x9563,
	0x662B, 0x9564, 0x662C, 0x9565, 0x662D, 0xD5D1, 0x662E, 0x9566,	0x662F, 0xCAC7, 0x6630, 0x9567, 0x6631, 0xEAC5, 0x6632, 0x9568,
	0x6633, 0x9569, 0x6634, 0xEAC4, 0x6635, 0xEAC7, 0x6636, 0xEAC6,	0x6637, 0x956A, 0x6638, 0x956B, 0x6639, 0x956C, 0x663A, 0x956D,
	0x663B, 0x956E, 0x663C, 0xD6E7, 0x663D, 0x956F, 0x663E, 0xCFD4,	0x663F, 0x9570, 0x6640, 0x9571, 0x6641, 0xEACB, 0x6642, 0x9572,
	0x6643, 0xBBCE, 0x6644, 0x9573, 0x6645, 0x9574, 0x6646, 0x9575,	0x6647, 0x9576, 0x6648, 0x9577, 0x6649, 0x9578, 0x664A, 0x9579,
	0x664B, 0xBDFA, 0x664C, 0xC9CE, 0x664D, 0x957A, 0x664E, 0x957B,	0x664F, 0xEACC, 0x6650, 0x957C, 0x6651, 0x957D, 0x6652, 0xC9B9,
	0x6653, 0xCFFE, 0x6654, 0xEACA, 0x6655, 0xD4CE, 0x6656, 0xEACD,	0x6657, 0xEACF, 0x6658, 0x957E, 0x6659, 0x9580, 0x665A, 0xCDED,
	0x665B, 0x9581, 0x665C, 0x9582, 0x665D, 0x9583, 0x665E, 0x9584,	0x665F, 0xEAC9, 0x6660, 0x9585, 0x6661, 0xEACE, 0x6662, 0x9586,
	0x6663, 0x9587, 0x6664, 0xCEEE, 0x6665, 0x9588, 0x6666, 0xBBDE,	0x6667, 0x9589, 0x6668, 0xB3BF, 0x6669, 0x958A, 0x666A, 0x958B,
	0x666B, 0x958C, 0x666C, 0x958D, 0x666D, 0x958E, 0x666E, 0xC6D5,	0x666F, 0xBEB0, 0x6670, 0xCEFA, 0x6671, 0x958F, 0x6672, 0x9590,
	0x6673, 0x9591, 0x6674, 0xC7E7, 0x6675, 0x9592, 0x6676, 0xBEA7,	0x6677, 0xEAD0, 0x6678, 0x9593, 0x6679, 0x9594, 0x667A, 0xD6C7,
	0x667B, 0x9595, 0x667C, 0x9596, 0x667D, 0x9597, 0x667E, 0xC1C0,	0x667F, 0x9598, 0x6680, 0x9599, 0x6681, 0x959A, 0x6682, 0xD4DD,
	0x6683, 0x959B, 0x6684, 0xEAD1, 0x6685, 0x959C, 0x6686, 0x959D,	0x6687, 0xCFBE, 0x6688, 0x959E, 0x6689, 0x959F, 0x668A, 0x95A0,
	0x668B, 0x95A1, 0x668C, 0xEAD2, 0x668D, 0x95A2, 0x668E, 0x95A3,	0x668F, 0x95A4, 0x6690, 0x95A5, 0x6691, 0xCAEE, 0x6692, 0x95A6,
	0x6693, 0x95A7, 0x6694, 0x95A8, 0x6695, 0x95A9, 0x6696, 0xC5AF,	0x6697, 0xB0B5, 0x6698, 0x95AA, 0x6699, 0x95AB, 0x669A, 0x95AC,
	0x669B, 0x95AD, 0x669C, 0x95AE, 0x669D, 0xEAD4, 0x669E, 0x95AF,	0x669F, 0x95B0, 0x66A0, 0x95B1, 0x66A1, 0x95B2, 0x66A2, 0x95B3,
	0x66A3, 0x95B4, 0x66A4, 0x95B5, 0x66A5, 0x95B6, 0x66A6, 0x95B7,	0x66A7, 0xEAD3, 0x66A8, 0xF4DF, 0x66A9, 0x95B8, 0x66AA, 0x95B9,
	0x66AB, 0x95BA, 0x66AC, 0x95BB, 0x66AD, 0x95BC, 0x66AE, 0xC4BA,	0x66AF, 0x95BD, 0x66B0, 0x95BE, 0x66B1, 0x95BF, 0x66B2, 0x95C0,
	0x66B3, 0x95C1, 0x66B4, 0xB1A9, 0x66B5, 0x95C2, 0x66B6, 0x95C3,	0x66B7, 0x95C4, 0x66B8, 0x95C5, 0x66B9, 0xE5DF, 0x66BA, 0x95C6,
	0x66BB, 0x95C7, 0x66BC, 0x95C8, 0x66BD, 0x95C9, 0x66BE, 0xEAD5,	0x66BF, 0x95CA, 0x66C0, 0x95CB, 0x66C1, 0x95CC, 0x66C2, 0x95CD,
	0x66C3, 0x95CE, 0x66C4, 0x95CF, 0x66C5, 0x95D0, 0x66C6, 0x95D1,	0x66C7, 0x95D2, 0x66C8, 0x95D3, 0x66C9, 0x95D4, 0x66CA, 0x95D5,
	0x66CB, 0x95D6, 0x66CC, 0x95D7, 0x66CD, 0x95D8, 0x66CE, 0x95D9,	0x66CF, 0x95DA, 0x66D0, 0x95DB, 0x66D1, 0x95DC, 0x66D2, 0x95DD,
	0x66D3, 0x95DE, 0x66D4, 0x95DF, 0x66D5, 0x95E0, 0x66D6, 0x95E1,	0x66D7, 0x95E2, 0x66D8, 0x95E3, 0x66D9, 0xCAEF, 0x66DA, 0x95E4,
	0x66DB, 0xEAD6, 0x66DC, 0xEAD7, 0x66DD, 0xC6D8, 0x66DE, 0x95E5,	0x66DF, 0x95E6, 0x66E0, 0x95E7, 0x66E1, 0x95E8, 0x66E2, 0x95E9,
	0x66E3, 0x95EA, 0x66E4, 0x95EB, 0x66E5, 0x95EC, 0x66E6, 0xEAD8,	0x66E7, 0x95ED, 0x66E8, 0x95EE, 0x66E9, 0xEAD9, 0x66EA, 0x95EF,
	0x66EB, 0x95F0, 0x66EC, 0x95F1, 0x66ED, 0x95F2, 0x66EE, 0x95F3,	0x66EF, 0x95F4, 0x66F0, 0xD4BB, 0x66F1, 0x95F5, 0x66F2, 0xC7FA,
	0x66F3, 0xD2B7, 0x66F4, 0xB8FC, 0x66F5, 0x95F6, 0x66F6, 0x95F7,	0x66F7, 0xEAC2, 0x66F8, 0x95F8, 0x66F9, 0xB2DC, 0x66FA, 0x95F9,
	0x66FB, 0x95FA, 0x66FC, 0xC2FC, 0x66FD, 0x95FB, 0x66FE, 0xD4F8,	0x66FF, 0xCCE6, 0x6700, 0xD7EE, 0x6701, 0x95FC, 0x6702, 0x95FD,
	0x6703, 0x95FE, 0x6704, 0x9640, 0x6705, 0x9641, 0x6706, 0x9642,	0x6707, 0x9643, 0x6708, 0xD4C2, 0x6709, 0xD3D0, 0x670A, 0xEBC3,
	0x670B, 0xC5F3, 0x670C, 0x9644, 0x670D, 0xB7FE, 0x670E, 0x9645,	0x670F, 0x9646, 0x6710, 0xEBD4, 0x6711, 0x9647, 0x6712, 0x9648,
	0x6713, 0x9649, 0x6714, 0xCBB7, 0x6715, 0xEBDE, 0x6716, 0x964A,	0x6717, 0xC0CA, 0x6718, 0x964B, 0x6719, 0x964C, 0x671A, 0x964D,
	0x671B, 0xCDFB, 0x671C, 0x964E, 0x671D, 0xB3AF, 0x671E, 0x964F,	0x671F, 0xC6DA, 0x6720, 0x9650, 0x6721, 0x9651, 0x6722, 0x9652,
	0x6723, 0x9653, 0x6724, 0x9654, 0x6725, 0x9655, 0x6726, 0xEBFC,	0x6727, 0x9656, 0x6728, 0xC4BE, 0x6729, 0x9657, 0x672A, 0xCEB4,
	0x672B, 0xC4A9, 0x672C, 0xB1BE, 0x672D, 0xD4FD, 0x672E, 0x9658,	0x672F, 0xCAF5, 0x6730, 0x9659, 0x6731, 0xD6EC, 0x6732, 0x965A,
	0x6733, 0x965B, 0x6734, 0xC6D3, 0x6735, 0xB6E4, 0x6736, 0x965C,	0x6737, 0x965D, 0x6738, 0x965E, 0x6739, 0x965F, 0x673A, 0xBBFA,
	0x673B, 0x9660, 0x673C, 0x9661, 0x673D, 0xD0E0, 0x673E, 0x9662,	0x673F, 0x9663, 0x6740, 0xC9B1, 0x6741, 0x9664, 0x6742, 0xD4D3,
	0x6743, 0xC8A8, 0x6744, 0x9665, 0x6745, 0x9666, 0x6746, 0xB8CB,	0x6747, 0x9667, 0x6748, 0xE8BE, 0x6749, 0xC9BC, 0x674A, 0x9668,
	0x674B, 0x9669, 0x674C, 0xE8BB, 0x674D, 0x966A, 0x674E, 0xC0EE,	0x674F, 0xD0D3, 0x6750, 0xB2C4, 0x6751, 0xB4E5, 0x6752, 0x966B,
	0x6753, 0xE8BC, 0x6754, 0x966C, 0x6755, 0x966D, 0x6756, 0xD5C8,	0x6757, 0x966E, 0x6758, 0x966F, 0x6759, 0x9670, 0x675A, 0x9671,
	0x675B, 0x9672, 0x675C, 0xB6C5, 0x675D, 0x9673, 0x675E, 0xE8BD,	0x675F, 0xCAF8, 0x6760, 0xB8DC, 0x6761, 0xCCF5, 0x6762, 0x9674,
	0x6763, 0x9675, 0x6764, 0x9676, 0x6765, 0xC0B4, 0x6766, 0x9677,	0x6767, 0x9678, 0x6768, 0xD1EE, 0x6769, 0xE8BF, 0x676A, 0xE8C2,
	0x676B, 0x9679, 0x676C, 0x967A, 0x676D, 0xBABC, 0x676E, 0x967B,	0x676F, 0xB1AD, 0x6770, 0xBDDC, 0x6771, 0x967C, 0x6772, 0xEABD,
	0x6773, 0xE8C3, 0x6774, 0x967D, 0x6775, 0xE8C6, 0x6776, 0x967E,	0x6777, 0xE8CB, 0x6778, 0x9680, 0x6779, 0x9681, 0x677A, 0x9682,
	0x677B, 0x9683, 0x677C, 0xE8CC, 0x677D, 0x9684, 0x677E, 0xCBC9,	0x677F, 0xB0E5, 0x6780, 0x9685, 0x6781, 0xBCAB, 0x6782, 0x9686,
	0x6783, 0x9687, 0x6784, 0xB9B9, 0x6785, 0x9688, 0x6786, 0x9689,	0x6787, 0xE8C1, 0x6788, 0x968A, 0x6789, 0xCDF7, 0x678A, 0x968B,
	0x678B, 0xE8CA, 0x678C, 0x968C, 0x678D, 0x968D, 0x678E, 0x968E,	0x678F, 0x968F, 0x6790, 0xCEF6, 0x6791, 0x9690, 0x6792, 0x9691,
	0x6793, 0x9692, 0x6794, 0x9693, 0x6795, 0xD5ED, 0x6796, 0x9694,	0x6797, 0xC1D6, 0x6798, 0xE8C4, 0x6799, 0x9695, 0x679A, 0xC3B6,
	0x679B, 0x9696, 0x679C, 0xB9FB, 0x679D, 0xD6A6, 0x679E, 0xE8C8,	0x679F, 0x9697, 0x67A0, 0x9698, 0x67A1, 0x9699, 0x67A2, 0xCAE0,
	0x67A3, 0xD4E6, 0x67A4, 0x969A, 0x67A5, 0xE8C0, 0x67A6, 0x969B,	0x67A7, 0xE8C5, 0x67A8, 0xE8C7, 0x67A9, 0x969C, 0x67AA, 0xC7B9,
	0x67AB, 0xB7E3, 0x67AC, 0x969D, 0x67AD, 0xE8C9, 0x67AE, 0x969E,	0x67AF, 0xBFDD, 0x67B0, 0xE8D2, 0x67B1, 0x969F, 0x67B2, 0x96A0,
	0x67B3, 0xE8D7, 0x67B4, 0x96A1, 0x67B5, 0xE8D5, 0x67B6, 0xBCDC,	0x67B7, 0xBCCF, 0x67B8, 0xE8DB, 0x67B9, 0x96A2, 0x67BA, 0x96A3,
	0x67BB, 0x96A4, 0x67BC, 0x96A5, 0x67BD, 0x96A6, 0x67BE, 0x96A7,	0x67BF, 0x96A8, 0x67C0, 0x96A9, 0x67C1, 0xE8DE, 0x67C2, 0x96AA,
	0x67C3, 0xE8DA, 0x67C4, 0xB1FA, 0x67C5, 0x96AB, 0x67C6, 0x96AC,	0x67C7, 0x96AD, 0x67C8, 0x96AE, 0x67C9, 0x96AF, 0x67CA, 0x96B0,
	0x67CB, 0x96B1, 0x67CC, 0x96B2, 0x67CD, 0x96B3, 0x67CE, 0x96B4,	0x67CF, 0xB0D8, 0x67D0, 0xC4B3, 0x67D1, 0xB8CC, 0x67D2, 0xC6E2,
	0x67D3, 0xC8BE, 0x67D4, 0xC8E1, 0x67D5, 0x96B5, 0x67D6, 0x96B6,	0x67D7, 0x96B7, 0x67D8, 0xE8CF, 0x67D9, 0xE8D4, 0x67DA, 0xE8D6,
	0x67DB, 0x96B8, 0x67DC, 0xB9F1, 0x67DD, 0xE8D8, 0x67DE, 0xD7F5,	0x67DF, 0x96B9, 0x67E0, 0xC4FB, 0x67E1, 0x96BA, 0x67E2, 0xE8DC,
	0x67E3, 0x96BB, 0x67E4, 0x96BC, 0x67E5, 0xB2E9, 0x67E6, 0x96BD,	0x67E7, 0x96BE, 0x67E8, 0x96BF, 0x67E9, 0xE8D1, 0x67EA, 0x96C0,
	0x67EB, 0x96C1, 0x67EC, 0xBCED, 0x67ED, 0x96C2, 0x67EE, 0x96C3,	0x67EF, 0xBFC2, 0x67F0, 0xE8CD, 0x67F1, 0xD6F9, 0x67F2, 0x96C4,
	0x67F3, 0xC1F8, 0x67F4, 0xB2F1, 0x67F5, 0x96C5, 0x67F6, 0x96C6,	0x67F7, 0x96C7, 0x67F8, 0x96C8, 0x67F9, 0x96C9, 0x67FA, 0x96CA,
	0x67FB, 0x96CB, 0x67FC, 0x96CC, 0x67FD, 0xE8DF, 0x67FE, 0x96CD,	0x67FF, 0xCAC1, 0x6800, 0xE8D9, 0x6801, 0x96CE, 0x6802, 0x96CF,
	0x6803, 0x96D0, 0x6804, 0x96D1, 0x6805, 0xD5A4, 0x6806, 0x96D2,	0x6807, 0xB1EA, 0x6808, 0xD5BB, 0x6809, 0xE8CE, 0x680A, 0xE8D0,
	0x680B, 0xB6B0, 0x680C, 0xE8D3, 0x680D, 0x96D3, 0x680E, 0xE8DD,	0x680F, 0xC0B8, 0x6810, 0x96D4, 0x6811, 0xCAF7, 0x6812, 0x96D5,
	0x6813, 0xCBA8, 0x6814, 0x96D6, 0x6815, 0x96D7, 0x6816, 0xC6DC,	0x6817, 0xC0F5, 0x6818, 0x96D8, 0x6819, 0x96D9, 0x681A, 0x96DA,
	0x681B, 0x96DB, 0x681C, 0x96DC, 0x681D, 0xE8E9, 0x681E, 0x96DD,	0x681F, 0x96DE, 0x6820, 0x96DF, 0x6821, 0xD0A3, 0x6822, 0x96E0,
	0x6823, 0x96E1, 0x6824, 0x96E2, 0x6825, 0x96E3, 0x6826, 0x96E4,	0x6827, 0x96E5, 0x6828, 0x96E6, 0x6829, 0xE8F2, 0x682A, 0xD6EA,
	0x682B, 0x96E7, 0x682C, 0x96E8, 0x682D, 0x96E9, 0x682E, 0x96EA,	0x682F, 0x96EB, 0x6830, 0x96EC, 0x6831, 0x96ED, 0x6832, 0xE8E0,
	0x6833, 0xE8E1, 0x6834, 0x96EE, 0x6835, 0x96EF, 0x6836, 0x96F0,	0x6837, 0xD1F9, 0x6838, 0xBACB, 0x6839, 0xB8F9, 0x683A, 0x96F1,
	0x683B, 0x96F2, 0x683C, 0xB8F1, 0x683D, 0xD4D4, 0x683E, 0xE8EF,	0x683F, 0x96F3, 0x6840, 0xE8EE, 0x6841, 0xE8EC, 0x6842, 0xB9F0,
	0x6843, 0xCCD2, 0x6844, 0xE8E6, 0x6845, 0xCEA6, 0x6846, 0xBFF2,	0x6847, 0x96F4, 0x6848, 0xB0B8, 0x6849, 0xE8F1, 0x684A, 0xE8F0,
	0x684B, 0x96F5, 0x684C, 0xD7C0, 0x684D, 0x96F6, 0x684E, 0xE8E4,	0x684F, 0x96F7, 0x6850, 0xCDA9, 0x6851, 0xC9A3, 0x6852, 0x96F8,
	0x6853, 0xBBB8, 0x6854, 0xBDDB, 0x6855, 0xE8EA, 0x6856, 0x96F9,	0x6857, 0x96FA, 0x6858, 0x96FB, 0x6859, 0x96FC, 0x685A, 0x96FD,
	0x685B, 0x96FE, 0x685C, 0x9740, 0x685D, 0x9741, 0x685E, 0x9742,	0x685F, 0x9743, 0x6860, 0xE8E2, 0x6861, 0xE8E3, 0x6862, 0xE8E5,
	0x6863, 0xB5B5, 0x6864, 0xE8E7, 0x6865, 0xC7C5, 0x6866, 0xE8EB,	0x6867, 0xE8ED, 0x6868, 0xBDB0, 0x6869, 0xD7AE, 0x686A, 0x9744,
	0x686B, 0xE8F8, 0x686C, 0x9745, 0x686D, 0x9746, 0x686E, 0x9747,	0x686F, 0x9748, 0x6870, 0x9749, 0x6871, 0x974A, 0x6872, 0x974B,
	0x6873, 0x974C, 0x6874, 0xE8F5, 0x6875, 0x974D, 0x6876, 0xCDB0,	0x6877, 0xE8F6, 0x6878, 0x974E, 0x6879, 0x974F, 0x687A, 0x9750,
	0x687B, 0x9751, 0x687C, 0x9752, 0x687D, 0x9753, 0x687E, 0x9754,	0x687F, 0x9755, 0x6880, 0x9756, 0x6881, 0xC1BA, 0x6882, 0x9757,
	0x6883, 0xE8E8, 0x6884, 0x9758, 0x6885, 0xC3B7, 0x6886, 0xB0F0,	0x6887, 0x9759, 0x6888, 0x975A, 0x6889, 0x975B, 0x688A, 0x975C,
	0x688B, 0x975D, 0x688C, 0x975E, 0x688D, 0x975F, 0x688E, 0x9760,	0x688F, 0xE8F4, 0x6890, 0x9761, 0x6891, 0x9762, 0x6892, 0x9763,
	0x6893, 0xE8F7, 0x6894, 0x9764, 0x6895, 0x9765, 0x6896, 0x9766,	0x6897, 0xB9A3, 0x6898, 0x9767, 0x6899, 0x9768, 0x689A, 0x9769,
	0x689B, 0x976A, 0x689C, 0x976B, 0x689D, 0x976C, 0x689E, 0x976D,	0x689F, 0x976E, 0x68A0, 0x976F, 0x68A1, 0x9770, 0x68A2, 0xC9D2,
	0x68A3, 0x9771, 0x68A4, 0x9772, 0x68A5, 0x9773, 0x68A6, 0xC3CE,	0x68A7, 0xCEE0, 0x68A8, 0xC0E6, 0x68A9, 0x9774, 0x68AA, 0x9775,
	0x68AB, 0x9776, 0x68AC, 0x9777, 0x68AD, 0xCBF3, 0x68AE, 0x9778,	0x68AF, 0xCCDD, 0x68B0, 0xD0B5, 0x68B1, 0x9779, 0x68B2, 0x977A,
	0x68B3, 0xCAE1, 0x68B4, 0x977B, 0x68B5, 0xE8F3, 0x68B6, 0x977C,	0x68B7, 0x977D, 0x68B8, 0x977E, 0x68B9, 0x9780, 0x68BA, 0x9781,
	0x68BB, 0x9782, 0x68BC, 0x9783, 0x68BD, 0x9784, 0x68BE, 0x9785,	0x68BF, 0x9786, 0x68C0, 0xBCEC, 0x68C1, 0x9787, 0x68C2, 0xE8F9,
	0x68C3, 0x9788, 0x68C4, 0x9789, 0x68C5, 0x978A, 0x68C6, 0x978B,	0x68C7, 0x978C, 0x68C8, 0x978D, 0x68C9, 0xC3DE, 0x68CA, 0x978E,
	0x68CB, 0xC6E5, 0x68CC, 0x978F, 0x68CD, 0xB9F7, 0x68CE, 0x9790,	0x68CF, 0x9791, 0x68D0, 0x9792, 0x68D1, 0x9793, 0x68D2, 0xB0F4,
	0x68D3, 0x9794, 0x68D4, 0x9795, 0x68D5, 0xD7D8, 0x68D6, 0x9796,	0x68D7, 0x9797, 0x68D8, 0xBCAC, 0x68D9, 0x9798, 0x68DA, 0xC5EF,
	0x68DB, 0x9799, 0x68DC, 0x979A, 0x68DD, 0x979B, 0x68DE, 0x979C,	0x68DF, 0x979D, 0x68E0, 0xCCC4, 0x68E1, 0x979E, 0x68E2, 0x979F,
	0x68E3, 0xE9A6, 0x68E4, 0x97A0, 0x68E5, 0x97A1, 0x68E6, 0x97A2,	0x68E7, 0x97A3, 0x68E8, 0x97A4, 0x68E9, 0x97A5, 0x68EA, 0x97A6,
	0x68EB, 0x97A7, 0x68EC, 0x97A8, 0x68ED, 0x97A9, 0x68EE, 0xC9AD,	0x68EF, 0x97AA, 0x68F0, 0xE9A2, 0x68F1, 0xC0E2, 0x68F2, 0x97AB,
	0x68F3, 0x97AC, 0x68F4, 0x97AD, 0x68F5, 0xBFC3, 0x68F6, 0x97AE,	0x68F7, 0x97AF, 0x68F8, 0x97B0, 0x68F9, 0xE8FE, 0x68FA, 0xB9D7,
	0x68FB, 0x97B1, 0x68FC, 0xE8FB, 0x68FD, 0x97B2, 0x68FE, 0x97B3,	0x68FF, 0x97B4, 0x6900, 0x97B5, 0x6901, 0xE9A4, 0x6902, 0x97B6,
	0x6903, 0x97B7, 0x6904, 0x97B8, 0x6905, 0xD2CE, 0x6906, 0x97B9,	0x6907, 0x97BA, 0x6908, 0x97BB, 0x6909, 0x97BC, 0x690A, 0x97BD,
	0x690B, 0xE9A3, 0x690C, 0x97BE, 0x690D, 0xD6B2, 0x690E, 0xD7B5,	0x690F, 0x97BF, 0x6910, 0xE9A7, 0x6911, 0x97C0, 0x6912, 0xBDB7,
	0x6913, 0x97C1, 0x6914, 0x97C2, 0x6915, 0x97C3, 0x6916, 0x97C4,	0x6917, 0x97C5, 0x6918, 0x97C6, 0x6919, 0x97C7, 0x691A, 0x97C8,
	0x691B, 0x97C9, 0x691C, 0x97CA, 0x691D, 0x97CB, 0x691E, 0x97CC,	0x691F, 0xE8FC, 0x6920, 0xE8FD, 0x6921, 0x97CD, 0x6922, 0x97CE,
	0x6923, 0x97CF, 0x6924, 0xE9A1, 0x6925, 0x97D0, 0x6926, 0x97D1,	0x6927, 0x97D2, 0x6928, 0x97D3, 0x6929, 0x97D4, 0x692A, 0x97D5,
	0x692B, 0x97D6, 0x692C, 0x97D7, 0x692D, 0xCDD6, 0x692E, 0x97D8,	0x692F, 0x97D9, 0x6930, 0xD2AC, 0x6931, 0x97DA, 0x6932, 0x97DB,
	0x6933, 0x97DC, 0x6934, 0xE9B2, 0x6935, 0x97DD, 0x6936, 0x97DE,	0x6937, 0x97DF, 0x6938, 0x97E0, 0x6939, 0xE9A9, 0x693A, 0x97E1,
	0x693B, 0x97E2, 0x693C, 0x97E3, 0x693D, 0xB4AA, 0x693E, 0x97E4,	0x693F, 0xB4BB, 0x6940, 0x97E5, 0x6941, 0x97E6, 0x6942, 0xE9AB,
	0x6943, 0x97E7, 0x6944, 0x97E8, 0x6945, 0x97E9, 0x6946, 0x97EA,	0x6947, 0x97EB, 0x6948, 0x97EC, 0x6949, 0x97ED, 0x694A, 0x97EE,
	0x694B, 0x97EF, 0x694C, 0x97F0, 0x694D, 0x97F1, 0x694E, 0x97F2,	0x694F, 0x97F3, 0x6950, 0x97F4, 0x6951, 0x97F5, 0x6952, 0x97F6,
	0x6953, 0x97F7, 0x6954, 0xD0A8, 0x6955, 0x97F8, 0x6956, 0x97F9,	0x6957, 0xE9A5, 0x6958, 0x97FA, 0x6959, 0x97FB, 0x695A, 0xB3FE,
	0x695B, 0x97FC, 0x695C, 0x97FD, 0x695D, 0xE9AC, 0x695E, 0xC0E3,	0x695F, 0x97FE, 0x6960, 0xE9AA, 0x6961, 0x9840, 0x6962, 0x9841,
	0x6963, 0xE9B9, 0x6964, 0x9842, 0x6965, 0x9843, 0x6966, 0xE9B8,	0x6967, 0x9844, 0x6968, 0x9845, 0x6969, 0x9846, 0x696A, 0x9847,
	0x696B, 0xE9AE, 0x696C, 0x9848, 0x696D, 0x9849, 0x696E, 0xE8FA,	0x696F, 0x984A, 0x6970, 0x984B, 0x6971, 0xE9A8, 0x6972, 0x984C,
	0x6973, 0x984D, 0x6974, 0x984E, 0x6975, 0x984F, 0x6976, 0x9850,	0x6977, 0xBFAC, 0x6978, 0xE9B1, 0x6979, 0xE9BA, 0x697A, 0x9851,
	0x697B, 0x9852, 0x697C, 0xC2A5, 0x697D, 0x9853, 0x697E, 0x9854,	0x697F, 0x9855, 0x6980, 0xE9AF, 0x6981, 0x9856, 0x6982, 0xB8C5,
	0x6983, 0x9857, 0x6984, 0xE9AD, 0x6985, 0x9858, 0x6986, 0xD3DC,	0x6987, 0xE9B4, 0x6988, 0xE9B5, 0x6989, 0xE9B7, 0x698A, 0x9859,
	0x698B, 0x985A, 0x698C, 0x985B, 0x698D, 0xE9C7, 0x698E, 0x985C,	0x698F, 0x985D, 0x6990, 0x985E, 0x6991, 0x985F, 0x6992, 0x9860,
	0x6993, 0x9861, 0x6994, 0xC0C6, 0x6995, 0xE9C5, 0x6996, 0x9862,	0x6997, 0x9863, 0x6998, 0xE9B0, 0x6999, 0x9864, 0x699A, 0x9865,
	0x699B, 0xE9BB, 0x699C, 0xB0F1, 0x699D, 0x9866, 0x699E, 0x9867,	0x699F, 0x9868, 0x69A0, 0x9869, 0x69A1, 0x986A, 0x69A2, 0x986B,
	0x69A3, 0x986C, 0x69A4, 0x986D, 0x69A5, 0x986E, 0x69A6, 0x986F,	0x69A7, 0xE9BC, 0x69A8, 0xD5A5, 0x69A9, 0x9870, 0x69AA, 0x9871,
	0x69AB, 0xE9BE, 0x69AC, 0x9872, 0x69AD, 0xE9BF, 0x69AE, 0x9873,	0x69AF, 0x9874, 0x69B0, 0x9875, 0x69B1, 0xE9C1, 0x69B2, 0x9876,
	0x69B3, 0x9877, 0x69B4, 0xC1F1, 0x69B5, 0x9878, 0x69B6, 0x9879,	0x69B7, 0xC8B6, 0x69B8, 0x987A, 0x69B9, 0x987B, 0x69BA, 0x987C,
	0x69BB, 0xE9BD, 0x69BC, 0x987D, 0x69BD, 0x987E, 0x69BE, 0x9880,	0x69BF, 0x9881, 0x69C0, 0x9882, 0x69C1, 0xE9C2, 0x69C2, 0x9883,
	0x69C3, 0x9884, 0x69C4, 0x9885, 0x69C5, 0x9886, 0x69C6, 0x9887,	0x69C7, 0x9888, 0x69C8, 0x9889, 0x69C9, 0x988A, 0x69CA, 0xE9C3,
	0x69CB, 0x988B, 0x69CC, 0xE9B3, 0x69CD, 0x988C, 0x69CE, 0xE9B6,	0x69CF, 0x988D, 0x69D0, 0xBBB1, 0x69D1, 0x988E, 0x69D2, 0x988F,
	0x69D3, 0x9890, 0x69D4, 0xE9C0, 0x69D5, 0x9891, 0x69D6, 0x9892,	0x69D7, 0x9893, 0x69D8, 0x9894, 0x69D9, 0x9895, 0x69DA, 0x9896,
	0x69DB, 0xBCF7, 0x69DC, 0x9897, 0x69DD, 0x9898, 0x69DE, 0x9899,	0x69DF, 0xE9C4, 0x69E0, 0xE9C6, 0x69E1, 0x989A, 0x69E2, 0x989B,
	0x69E3, 0x989C, 0x69E4, 0x989D, 0x69E5, 0x989E, 0x69E6, 0x989F,	0x69E7, 0x98A0, 0x69E8, 0x98A1, 0x69E9, 0x98A2, 0x69EA, 0x98A3,
	0x69EB, 0x98A4, 0x69EC, 0x98A5, 0x69ED, 0xE9CA, 0x69EE, 0x98A6,	0x69EF, 0x98A7, 0x69F0, 0x98A8, 0x69F1, 0x98A9, 0x69F2, 0xE9CE,
	0x69F3, 0x98AA, 0x69F4, 0x98AB, 0x69F5, 0x98AC, 0x69F6, 0x98AD,	0x69F7, 0x98AE, 0x69F8, 0x98AF, 0x69F9, 0x98B0, 0x69FA, 0x98B1,
	0x69FB, 0x98B2, 0x69FC, 0x98B3, 0x69FD, 0xB2DB, 0x69FE, 0x98B4,	0x69FF, 0xE9C8, 0x6A00, 0x98B5, 0x6A01, 0x98B6, 0x6A02, 0x98B7,
	0x6A03, 0x98B8, 0x6A04, 0x98B9, 0x6A05, 0x98BA, 0x6A06, 0x98BB,	0x6A07, 0x98BC, 0x6A08, 0x98BD, 0x6A09, 0x98BE, 0x6A0A, 0xB7AE,
	0x6A0B, 0x98BF, 0x6A0C, 0x98C0, 0x6A0D, 0x98C1, 0x6A0E, 0x98C2,	0x6A0F, 0x98C3, 0x6A10, 0x98C4, 0x6A11, 0x98C5, 0x6A12, 0x98C6,
	0x6A13, 0x98C7, 0x6A14, 0x98C8, 0x6A15, 0x98C9, 0x6A16, 0x98CA,	0x6A17, 0xE9CB, 0x6A18, 0xE9CC, 0x6A19, 0x98CB, 0x6A1A, 0x98CC,
	0x6A1B, 0x98CD, 0x6A1C, 0x98CE, 0x6A1D, 0x98CF, 0x6A1E, 0x98D0,	0x6A1F, 0xD5C1, 0x6A20, 0x98D1, 0x6A21, 0xC4A3, 0x6A22, 0x98D2,
	0x6A23, 0x98D3, 0x6A24, 0x98D4, 0x6A25, 0x98D5, 0x6A26, 0x98D6,	0x6A27, 0x98D7, 0x6A28, 0xE9D8, 0x6A29, 0x98D8, 0x6A2A, 0xBAE1,
	0x6A2B, 0x98D9, 0x6A2C, 0x98DA, 0x6A2D, 0x98DB, 0x6A2E, 0x98DC,	0x6A2F, 0xE9C9, 0x6A30, 0x98DD, 0x6A31, 0xD3A3, 0x6A32, 0x98DE,
	0x6A33, 0x98DF, 0x6A34, 0x98E0, 0x6A35, 0xE9D4, 0x6A36, 0x98E1,	0x6A37, 0x98E2, 0x6A38, 0x98E3, 0x6A39, 0x98E4, 0x6A3A, 0x98E5,
	0x6A3B, 0x98E6, 0x6A3C, 0x98E7, 0x6A3D, 0xE9D7, 0x6A3E, 0xE9D0,	0x6A3F, 0x98E8, 0x6A40, 0x98E9, 0x6A41, 0x98EA, 0x6A42, 0x98EB,
	0x6A43, 0x98EC, 0x6A44, 0xE9CF, 0x6A45, 0x98ED, 0x6A46, 0x98EE,	0x6A47, 0xC7C1, 0x6A48, 0x98EF, 0x6A49, 0x98F0, 0x6A4A, 0x98F1,
	0x6A4B, 0x98F2, 0x6A4C, 0x98F3, 0x6A4D, 0x98F4, 0x6A4E, 0x98F5,	0x6A4F, 0x98F6, 0x6A50, 0xE9D2, 0x6A51, 0x98F7, 0x6A52, 0x98F8,
	0x6A53, 0x98F9, 0x6A54, 0x98FA, 0x6A55, 0x98FB, 0x6A56, 0x98FC,	0x6A57, 0x98FD, 0x6A58, 0xE9D9, 0x6A59, 0xB3C8, 0x6A5A, 0x98FE,
	0x6A5B, 0xE9D3, 0x6A5C, 0x9940, 0x6A5D, 0x9941, 0x6A5E, 0x9942,	0x6A5F, 0x9943, 0x6A60, 0x9944, 0x6A61, 0xCFF0, 0x6A62, 0x9945,
	0x6A63, 0x9946, 0x6A64, 0x9947, 0x6A65, 0xE9CD, 0x6A66, 0x9948,	0x6A67, 0x9949, 0x6A68, 0x994A, 0x6A69, 0x994B, 0x6A6A, 0x994C,
	0x6A6B, 0x994D, 0x6A6C, 0x994E, 0x6A6D, 0x994F, 0x6A6E, 0x9950,	0x6A6F, 0x9951, 0x6A70, 0x9952, 0x6A71, 0xB3F7, 0x6A72, 0x9953,
	0x6A73, 0x9954, 0x6A74, 0x9955, 0x6A75, 0x9956, 0x6A76, 0x9957,	0x6A77, 0x9958, 0x6A78, 0x9959, 0x6A79, 0xE9D6, 0x6A7A, 0x995A,
	0x6A7B, 0x995B, 0x6A7C, 0xE9DA, 0x6A7D, 0x995C, 0x6A7E, 0x995D,	0x6A7F, 0x995E, 0x6A80, 0xCCB4, 0x6A81, 0x995F, 0x6A82, 0x9960,
	0x6A83, 0x9961, 0x6A84, 0xCFAD, 0x6A85, 0x9962, 0x6A86, 0x9963,	0x6A87, 0x9964, 0x6A88, 0x9965, 0x6A89, 0x9966, 0x6A8A, 0x9967,
	0x6A8B, 0x9968, 0x6A8C, 0x9969, 0x6A8D, 0x996A, 0x6A8E, 0xE9D5,	0x6A8F, 0x996B, 0x6A90, 0xE9DC, 0x6A91, 0xE9DB, 0x6A92, 0x996C,
	0x6A93, 0x996D, 0x6A94, 0x996E, 0x6A95, 0x996F, 0x6A96, 0x9970,	0x6A97, 0xE9DE, 0x6A98, 0x9971, 0x6A99, 0x9972, 0x6A9A, 0x9973,
	0x6A9B, 0x9974, 0x6A9C, 0x9975, 0x6A9D, 0x9976, 0x6A9E, 0x9977,	0x6A9F, 0x9978, 0x6AA0, 0xE9D1, 0x6AA1, 0x9979, 0x6AA2, 0x997A,
	0x6AA3, 0x997B, 0x6AA4, 0x997C, 0x6AA5, 0x997D, 0x6AA6, 0x997E,	0x6AA7, 0x9980, 0x6AA8, 0x9981, 0x6AA9, 0xE9DD, 0x6AAA, 0x9982,
	0x6AAB, 0xE9DF, 0x6AAC, 0xC3CA, 0x6AAD, 0x9983, 0x6AAE, 0x9984,	0x6AAF, 0x9985, 0x6AB0, 0x9986, 0x6AB1, 0x9987, 0x6AB2, 0x9988,
	0x6AB3, 0x9989, 0x6AB4, 0x998A, 0x6AB5, 0x998B, 0x6AB6, 0x998C,	0x6AB7, 0x998D, 0x6AB8, 0x998E, 0x6AB9, 0x998F, 0x6ABA, 0x9990,
	0x6ABB, 0x9991, 0x6ABC, 0x9992, 0x6ABD, 0x9993, 0x6ABE, 0x9994,	0x6ABF, 0x9995, 0x6AC0, 0x9996, 0x6AC1, 0x9997, 0x6AC2, 0x9998,
	0x6AC3, 0x9999, 0x6AC4, 0x999A, 0x6AC5, 0x999B, 0x6AC6, 0x999C,	0x6AC7, 0x999D, 0x6AC8, 0x999E, 0x6AC9, 0x999F, 0x6ACA, 0x99A0,
	0x6ACB, 0x99A1, 0x6ACC, 0x99A2, 0x6ACD, 0x99A3, 0x6ACE, 0x99A4,	0x6ACF, 0x99A5, 0x6AD0, 0x99A6, 0x6AD1, 0x99A7, 0x6AD2, 0x99A8,
	0x6AD3, 0x99A9, 0x6AD4, 0x99AA, 0x6AD5, 0x99AB, 0x6AD6, 0x99AC,	0x6AD7, 0x99AD, 0x6AD8, 0x99AE, 0x6AD9, 0x99AF, 0x6ADA, 0x99B0,
	0x6ADB, 0x99B1, 0x6ADC, 0x99B2, 0x6ADD, 0x99B3, 0x6ADE, 0x99B4,	0x6ADF, 0x99B5, 0x6AE0, 0x99B6, 0x6AE1, 0x99B7, 0x6AE2, 0x99B8,
	0x6AE3, 0x99B9, 0x6AE4, 0x99BA, 0x6AE5, 0x99BB, 0x6AE6, 0x99BC,	0x6AE7, 0x99BD, 0x6AE8, 0x99BE, 0x6AE9, 0x99BF, 0x6AEA, 0x99C0,
	0x6AEB, 0x99C1, 0x6AEC, 0x99C2, 0x6AED, 0x99C3, 0x6AEE, 0x99C4,	0x6AEF, 0x99C5, 0x6AF0, 0x99C6, 0x6AF1, 0x99C7, 0x6AF2, 0x99C8,
	0x6AF3, 0x99C9, 0x6AF4, 0x99CA, 0x6AF5, 0x99CB, 0x6AF6, 0x99CC,	0x6AF7, 0x99CD, 0x6AF8, 0x99CE, 0x6AF9, 0x99CF, 0x6AFA, 0x99D0,
	0x6AFB, 0x99D1, 0x6AFC, 0x99D2, 0x6AFD, 0x99D3, 0x6AFE, 0x99D4,	0x6AFF, 0x99D5, 0x6B00, 0x99D6, 0x6B01, 0x99D7, 0x6B02, 0x99D8,
	0x6B03, 0x99D9, 0x6B04, 0x99DA, 0x6B05, 0x99DB, 0x6B06, 0x99DC,	0x6B07, 0x99DD, 0x6B08, 0x99DE, 0x6B09, 0x99DF, 0x6B0A, 0x99E0,
	0x6B0B, 0x99E1, 0x6B0C, 0x99E2, 0x6B0D, 0x99E3, 0x6B0E, 0x99E4,	0x6B0F, 0x99E5, 0x6B10, 0x99E6, 0x6B11, 0x99E7, 0x6B12, 0x99E8,
	0x6B13, 0x99E9, 0x6B14, 0x99EA, 0x6B15, 0x99EB, 0x6B16, 0x99EC,	0x6B17, 0x99ED, 0x6B18, 0x99EE, 0x6B19, 0x99EF, 0x6B1A, 0x99F0,
	0x6B1B, 0x99F1, 0x6B1C, 0x99F2, 0x6B1D, 0x99F3, 0x6B1E, 0x99F4,	0x6B1F, 0x99F5, 0x6B20, 0xC7B7, 0x6B21, 0xB4CE, 0x6B22, 0xBBB6,
	0x6B23, 0xD0C0, 0x6B24, 0xECA3, 0x6B25, 0x99F6, 0x6B26, 0x99F7,	0x6B27, 0xC5B7, 0x6B28, 0x99F8, 0x6B29, 0x99F9, 0x6B2A, 0x99FA,
	0x6B2B, 0x99FB, 0x6B2C, 0x99FC, 0x6B2D, 0x99FD, 0x6B2E, 0x99FE,	0x6B2F, 0x9A40, 0x6B30, 0x9A41, 0x6B31, 0x9A42, 0x6B32, 0xD3FB,
	0x6B33, 0x9A43, 0x6B34, 0x9A44, 0x6B35, 0x9A45, 0x6B36, 0x9A46,	0x6B37, 0xECA4, 0x6B38, 0x9A47, 0x6B39, 0xECA5, 0x6B3A, 0xC6DB,
	0x6B3B, 0x9A48, 0x6B3C, 0x9A49, 0x6B3D, 0x9A4A, 0x6B3E, 0xBFEE,	0x6B3F, 0x9A4B, 0x6B40, 0x9A4C, 0x6B41, 0x9A4D, 0x6B42, 0x9A4E,
	0x6B43, 0xECA6, 0x6B44, 0x9A4F, 0x6B45, 0x9A50, 0x6B46, 0xECA7,	0x6B47, 0xD0AA, 0x6B48, 0x9A51, 0x6B49, 0xC7B8, 0x6B4A, 0x9A52,
	0x6B4B, 0x9A53, 0x6B4C, 0xB8E8, 0x6B4D, 0x9A54, 0x6B4E, 0x9A55,	0x6B4F, 0x9A56, 0x6B50, 0x9A57, 0x6B51, 0x9A58, 0x6B52, 0x9A59,
	0x6B53, 0x9A5A, 0x6B54, 0x9A5B, 0x6B55, 0x9A5C, 0x6B56, 0x9A5D,	0x6B57, 0x9A5E, 0x6B58, 0x9A5F, 0x6B59, 0xECA8, 0x6B5A, 0x9A60,
	0x6B5B, 0x9A61, 0x6B5C, 0x9A62, 0x6B5D, 0x9A63, 0x6B5E, 0x9A64,	0x6B5F, 0x9A65, 0x6B60, 0x9A66, 0x6B61, 0x9A67, 0x6B62, 0xD6B9,
	0x6B63, 0xD5FD, 0x6B64, 0xB4CB, 0x6B65, 0xB2BD, 0x6B66, 0xCEE4,	0x6B67, 0xC6E7, 0x6B68, 0x9A68, 0x6B69, 0x9A69, 0x6B6A, 0xCDE1,
	0x6B6B, 0x9A6A, 0x6B6C, 0x9A6B, 0x6B6D, 0x9A6C, 0x6B6E, 0x9A6D,	0x6B6F, 0x9A6E, 0x6B70, 0x9A6F, 0x6B71, 0x9A70, 0x6B72, 0x9A71,
	0x6B73, 0x9A72, 0x6B74, 0x9A73, 0x6B75, 0x9A74, 0x6B76, 0x9A75,	0x6B77, 0x9A76, 0x6B78, 0x9A77, 0x6B79, 0xB4F5, 0x6B7A, 0x9A78,
	0x6B7B, 0xCBC0, 0x6B7C, 0xBCDF, 0x6B7D, 0x9A79, 0x6B7E, 0x9A7A,	0x6B7F, 0x9A7B, 0x6B80, 0x9A7C, 0x6B81, 0xE9E2, 0x6B82, 0xE9E3,
	0x6B83, 0xD1EA, 0x6B84, 0xE9E5, 0x6B85, 0x9A7D, 0x6B86, 0xB4F9,	0x6B87, 0xE9E4, 0x6B88, 0x9A7E, 0x6B89, 0xD1B3, 0x6B8A, 0xCAE2,
	0x6B8B, 0xB2D0, 0x6B8C, 0x9A80, 0x6B8D, 0xE9E8, 0x6B8E, 0x9A81,	0x6B8F, 0x9A82, 0x6B90, 0x9A83, 0x6B91, 0x9A84, 0x6B92, 0xE9E6,
	0x6B93, 0xE9E7, 0x6B94, 0x9A85, 0x6B95, 0x9A86, 0x6B96, 0xD6B3,	0x6B97, 0x9A87, 0x6B98, 0x9A88, 0x6B99, 0x9A89, 0x6B9A, 0xE9E9,
	0x6B9B, 0xE9EA, 0x6B9C, 0x9A8A, 0x6B9D, 0x9A8B, 0x6B9E, 0x9A8C,	0x6B9F, 0x9A8D, 0x6BA0, 0x9A8E, 0x6BA1, 0xE9EB, 0x6BA2, 0x9A8F,
	0x6BA3, 0x9A90, 0x6BA4, 0x9A91, 0x6BA5, 0x9A92, 0x6BA6, 0x9A93,	0x6BA7, 0x9A94, 0x6BA8, 0x9A95, 0x6BA9, 0x9A96, 0x6BAA, 0xE9EC,
	0x6BAB, 0x9A97, 0x6BAC, 0x9A98, 0x6BAD, 0x9A99, 0x6BAE, 0x9A9A,	0x6BAF, 0x9A9B, 0x6BB0, 0x9A9C, 0x6BB1, 0x9A9D, 0x6BB2, 0x9A9E,
	0x6BB3, 0xECAF, 0x6BB4, 0xC5B9, 0x6BB5, 0xB6CE, 0x6BB6, 0x9A9F,	0x6BB7, 0xD2F3, 0x6BB8, 0x9AA0, 0x6BB9, 0x9AA1, 0x6BBA, 0x9AA2,
	0x6BBB, 0x9AA3, 0x6BBC, 0x9AA4, 0x6BBD, 0x9AA5, 0x6BBE, 0x9AA6,	0x6BBF, 0xB5EE, 0x6BC0, 0x9AA7, 0x6BC1, 0xBBD9, 0x6BC2, 0xECB1,
	0x6BC3, 0x9AA8, 0x6BC4, 0x9AA9, 0x6BC5, 0xD2E3, 0x6BC6, 0x9AAA,	0x6BC7, 0x9AAB, 0x6BC8, 0x9AAC, 0x6BC9, 0x9AAD, 0x6BCA, 0x9AAE,
	0x6BCB, 0xCEE3, 0x6BCC, 0x9AAF, 0x6BCD, 0xC4B8, 0x6BCE, 0x9AB0,	0x6BCF, 0xC3BF, 0x6BD0, 0x9AB1, 0x6BD1, 0x9AB2, 0x6BD2, 0xB6BE,
	0x6BD3, 0xD8B9, 0x6BD4, 0xB1C8, 0x6BD5, 0xB1CF, 0x6BD6, 0xB1D1,	0x6BD7, 0xC5FE, 0x6BD8, 0x9AB3, 0x6BD9, 0xB1D0, 0x6BDA, 0x9AB4,
	0x6BDB, 0xC3AB, 0x6BDC, 0x9AB5, 0x6BDD, 0x9AB6, 0x6BDE, 0x9AB7,	0x6BDF, 0x9AB8, 0x6BE0, 0x9AB9, 0x6BE1, 0xD5B1, 0x6BE2, 0x9ABA,
	0x6BE3, 0x9ABB, 0x6BE4, 0x9ABC, 0x6BE5, 0x9ABD, 0x6BE6, 0x9ABE,	0x6BE7, 0x9ABF, 0x6BE8, 0x9AC0, 0x6BE9, 0x9AC1, 0x6BEA, 0xEBA4,
	0x6BEB, 0xBAC1, 0x6BEC, 0x9AC2, 0x6BED, 0x9AC3, 0x6BEE, 0x9AC4,	0x6BEF, 0xCCBA, 0x6BF0, 0x9AC5, 0x6BF1, 0x9AC6, 0x6BF2, 0x9AC7,
	0x6BF3, 0xEBA5, 0x6BF4, 0x9AC8, 0x6BF5, 0xEBA7, 0x6BF6, 0x9AC9,	0x6BF7, 0x9ACA, 0x6BF8, 0x9ACB, 0x6BF9, 0xEBA8, 0x6BFA, 0x9ACC,
	0x6BFB, 0x9ACD, 0x6BFC, 0x9ACE, 0x6BFD, 0xEBA6, 0x6BFE, 0x9ACF,	0x6BFF, 0x9AD0, 0x6C00, 0x9AD1, 0x6C01, 0x9AD2, 0x6C02, 0x9AD3,
	0x6C03, 0x9AD4, 0x6C04, 0x9AD5, 0x6C05, 0xEBA9, 0x6C06, 0xEBAB,	0x6C07, 0xEBAA, 0x6C08, 0x9AD6, 0x6C09, 0x9AD7, 0x6C0A, 0x9AD8,
	0x6C0B, 0x9AD9, 0x6C0C, 0x9ADA, 0x6C0D, 0xEBAC, 0x6C0E, 0x9ADB,	0x6C0F, 0xCACF, 0x6C10, 0xD8B5, 0x6C11, 0xC3F1, 0x6C12, 0x9ADC,
	0x6C13, 0xC3A5, 0x6C14, 0xC6F8, 0x6C15, 0xEBAD, 0x6C16, 0xC4CA,	0x6C17, 0x9ADD, 0x6C18, 0xEBAE, 0x6C19, 0xEBAF, 0x6C1A, 0xEBB0,
	0x6C1B, 0xB7D5, 0x6C1C, 0x9ADE, 0x6C1D, 0x9ADF, 0x6C1E, 0x9AE0,	0x6C1F, 0xB7FA, 0x6C20, 0x9AE1, 0x6C21, 0xEBB1, 0x6C22, 0xC7E2,
	0x6C23, 0x9AE2, 0x6C24, 0xEBB3, 0x6C25, 0x9AE3, 0x6C26, 0xBAA4,	0x6C27, 0xD1F5, 0x6C28, 0xB0B1, 0x6C29, 0xEBB2, 0x6C2A, 0xEBB4,
	0x6C2B, 0x9AE4, 0x6C2C, 0x9AE5, 0x6C2D, 0x9AE6, 0x6C2E, 0xB5AA,	0x6C2F, 0xC2C8, 0x6C30, 0xC7E8, 0x6C31, 0x9AE7, 0x6C32, 0xEBB5,
	0x6C33, 0x9AE8, 0x6C34, 0xCBAE, 0x6C35, 0xE3DF, 0x6C36, 0x9AE9,	0x6C37, 0x9AEA, 0x6C38, 0xD3C0, 0x6C39, 0x9AEB, 0x6C3A, 0x9AEC,
	0x6C3B, 0x9AED, 0x6C3C, 0x9AEE, 0x6C3D, 0xD9DB, 0x6C3E, 0x9AEF,	0x6C3F, 0x9AF0, 0x6C40, 0xCDA1, 0x6C41, 0xD6AD, 0x6C42, 0xC7F3,
	0x6C43, 0x9AF1, 0x6C44, 0x9AF2, 0x6C45, 0x9AF3, 0x6C46, 0xD9E0,	0x6C47, 0xBBE3, 0x6C48, 0x9AF4, 0x6C49, 0xBABA, 0x6C4A, 0xE3E2,
	0x6C4B, 0x9AF5, 0x6C4C, 0x9AF6, 0x6C4D, 0x9AF7, 0x6C4E, 0x9AF8,	0x6C4F, 0x9AF9, 0x6C50, 0xCFAB, 0x6C51, 0x9AFA, 0x6C52, 0x9AFB,
	0x6C53, 0x9AFC, 0x6C54, 0xE3E0, 0x6C55, 0xC9C7, 0x6C56, 0x9AFD,	0x6C57, 0xBAB9, 0x6C58, 0x9AFE, 0x6C59, 0x9B40, 0x6C5A, 0x9B41,
	0x6C5B, 0xD1B4, 0x6C5C, 0xE3E1, 0x6C5D, 0xC8EA, 0x6C5E, 0xB9AF,	0x6C5F, 0xBDAD, 0x6C60, 0xB3D8, 0x6C61, 0xCEDB, 0x6C62, 0x9B42,
	0x6C63, 0x9B43, 0x6C64, 0xCCC0, 0x6C65, 0x9B44, 0x6C66, 0x9B45,	0x6C67, 0x9B46, 0x6C68, 0xE3E8, 0x6C69, 0xE3E9, 0x6C6A, 0xCDF4,
	0x6C6B, 0x9B47, 0x6C6C, 0x9B48, 0x6C6D, 0x9B49, 0x6C6E, 0x9B4A,	0x6C6F, 0x9B4B, 0x6C70, 0xCCAD, 0x6C71, 0x9B4C, 0x6C72, 0xBCB3,
	0x6C73, 0x9B4D, 0x6C74, 0xE3EA, 0x6C75, 0x9B4E, 0x6C76, 0xE3EB,	0x6C77, 0x9B4F, 0x6C78, 0x9B50, 0x6C79, 0xD0DA, 0x6C7A, 0x9B51,
	0x6C7B, 0x9B52, 0x6C7C, 0x9B53, 0x6C7D, 0xC6FB, 0x6C7E, 0xB7DA,	0x6C7F, 0x9B54, 0x6C80, 0x9B55, 0x6C81, 0xC7DF, 0x6C82, 0xD2CA,
	0x6C83, 0xCED6, 0x6C84, 0x9B56, 0x6C85, 0xE3E4, 0x6C86, 0xE3EC,	0x6C87, 0x9B57, 0x6C88, 0xC9F2, 0x6C89, 0xB3C1, 0x6C8A, 0x9B58,
	0x6C8B, 0x9B59, 0x6C8C, 0xE3E7, 0x6C8D, 0x9B5A, 0x6C8E, 0x9B5B,	0x6C8F, 0xC6E3, 0x6C90, 0xE3E5, 0x6C91, 0x9B5C, 0x6C92, 0x9B5D,
	0x6C93, 0xEDB3, 0x6C94, 0xE3E6, 0x6C95, 0x9B5E, 0x6C96, 0x9B5F,	0x6C97, 0x9B60, 0x6C98, 0x9B61, 0x6C99, 0xC9B3, 0x6C9A, 0x9B62,
	0x6C9B, 0xC5E6, 0x6C9C, 0x9B63, 0x6C9D, 0x9B64, 0x6C9E, 0x9B65,	0x6C9F, 0xB9B5, 0x6CA0, 0x9B66, 0x6CA1, 0xC3BB, 0x6CA2, 0x9B67,
	0x6CA3, 0xE3E3, 0x6CA4, 0xC5BD, 0x6CA5, 0xC1A4, 0x6CA6, 0xC2D9,	0x6CA7, 0xB2D7, 0x6CA8, 0x9B68, 0x6CA9, 0xE3ED, 0x6CAA, 0xBBA6,
	0x6CAB, 0xC4AD, 0x6CAC, 0x9B69, 0x6CAD, 0xE3F0, 0x6CAE, 0xBEDA,	0x6CAF, 0x9B6A, 0x6CB0, 0x9B6B, 0x6CB1, 0xE3FB, 0x6CB2, 0xE3F5,
	0x6CB3, 0xBAD3, 0x6CB4, 0x9B6C, 0x6CB5, 0x9B6D, 0x6CB6, 0x9B6E,	0x6CB7, 0x9B6F, 0x6CB8, 0xB7D0, 0x6CB9, 0xD3CD, 0x6CBA, 0x9B70,
	0x6CBB, 0xD6CE, 0x6CBC, 0xD5D3, 0x6CBD, 0xB9C1, 0x6CBE, 0xD5B4,	0x6CBF, 0xD1D8, 0x6CC0, 0x9B71, 0x6CC1, 0x9B72, 0x6CC2, 0x9B73,
	0x6CC3, 0x9B74, 0x6CC4, 0xD0B9, 0x6CC5, 0xC7F6, 0x6CC6, 0x9B75,	0x6CC7, 0x9B76, 0x6CC8, 0x9B77, 0x6CC9, 0xC8AA, 0x6CCA, 0xB2B4,
	0x6CCB, 0x9B78, 0x6CCC, 0xC3DA, 0x6CCD, 0x9B79, 0x6CCE, 0x9B7A,	0x6CCF, 0x9B7B, 0x6CD0, 0xE3EE, 0x6CD1, 0x9B7C, 0x6CD2, 0x9B7D,
	0x6CD3, 0xE3FC, 0x6CD4, 0xE3EF, 0x6CD5, 0xB7A8, 0x6CD6, 0xE3F7,	0x6CD7, 0xE3F4, 0x6CD8, 0x9B7E, 0x6CD9, 0x9B80, 0x6CDA, 0x9B81,
	0x6CDB, 0xB7BA, 0x6CDC, 0x9B82, 0x6CDD, 0x9B83, 0x6CDE, 0xC5A2,	0x6CDF, 0x9B84, 0x6CE0, 0xE3F6, 0x6CE1, 0xC5DD, 0x6CE2, 0xB2A8,
	0x6CE3, 0xC6FC, 0x6CE4, 0x9B85, 0x6CE5, 0xC4E0, 0x6CE6, 0x9B86,	0x6CE7, 0x9B87, 0x6CE8, 0xD7A2, 0x6CE9, 0x9B88, 0x6CEA, 0xC0E1,
	0x6CEB, 0xE3F9, 0x6CEC, 0x9B89, 0x6CED, 0x9B8A, 0x6CEE, 0xE3FA,	0x6CEF, 0xE3FD, 0x6CF0, 0xCCA9, 0x6CF1, 0xE3F3, 0x6CF2, 0x9B8B,
	0x6CF3, 0xD3BE, 0x6CF4, 0x9B8C, 0x6CF5, 0xB1C3, 0x6CF6, 0xEDB4,	0x6CF7, 0xE3F1, 0x6CF8, 0xE3F2, 0x6CF9, 0x9B8D, 0x6CFA, 0xE3F8,
	0x6CFB, 0xD0BA, 0x6CFC, 0xC6C3, 0x6CFD, 0xD4F3, 0x6CFE, 0xE3FE,	0x6CFF, 0x9B8E, 0x6D00, 0x9B8F, 0x6D01, 0xBDE0, 0x6D02, 0x9B90,
	0x6D03, 0x9B91, 0x6D04, 0xE4A7, 0x6D05, 0x9B92, 0x6D06, 0x9B93,	0x6D07, 0xE4A6, 0x6D08, 0x9B94, 0x6D09, 0x9B95, 0x6D0A, 0x9B96,
	0x6D0B, 0xD1F3, 0x6D0C, 0xE4A3, 0x6D0D, 0x9B97, 0x6D0E, 0xE4A9,	0x6D0F, 0x9B98, 0x6D10, 0x9B99, 0x6D11, 0x9B9A, 0x6D12, 0xC8F7,
	0x6D13, 0x9B9B, 0x6D14, 0x9B9C, 0x6D15, 0x9B9D, 0x6D16, 0x9B9E,	0x6D17, 0xCFB4, 0x6D18, 0x9B9F, 0x6D19, 0xE4A8, 0x6D1A, 0xE4AE,
	0x6D1B, 0xC2E5, 0x6D1C, 0x9BA0, 0x6D1D, 0x9BA1, 0x6D1E, 0xB6B4,	0x6D1F, 0x9BA2, 0x6D20, 0x9BA3, 0x6D21, 0x9BA4, 0x6D22, 0x9BA5,
	0x6D23, 0x9BA6, 0x6D24, 0x9BA7, 0x6D25, 0xBDF2, 0x6D26, 0x9BA8,	0x6D27, 0xE4A2, 0x6D28, 0x9BA9, 0x6D29, 0x9BAA, 0x6D2A, 0xBAE9,
	0x6D2B, 0xE4AA, 0x6D2C, 0x9BAB, 0x6D2D, 0x9BAC, 0x6D2E, 0xE4AC,	0x6D2F, 0x9BAD, 0x6D30, 0x9BAE, 0x6D31, 0xB6FD, 0x6D32, 0xD6DE,
	0x6D33, 0xE4B2, 0x6D34, 0x9BAF, 0x6D35, 0xE4AD, 0x6D36, 0x9BB0,	0x6D37, 0x9BB1, 0x6D38, 0x9BB2, 0x6D39, 0xE4A1, 0x6D3A, 0x9BB3,
	0x6D3B, 0xBBEE, 0x6D3C, 0xCDDD, 0x6D3D, 0xC7A2, 0x6D3E, 0xC5C9,	0x6D3F, 0x9BB4, 0x6D40, 0x9BB5, 0x6D41, 0xC1F7, 0x6D42, 0x9BB6,
	0x6D43, 0xE4A4, 0x6D44, 0x9BB7, 0x6D45, 0xC7B3, 0x6D46, 0xBDAC,	0x6D47, 0xBDBD, 0x6D48, 0xE4A5, 0x6D49, 0x9BB8, 0x6D4A, 0xD7C7,
	0x6D4B, 0xB2E2, 0x6D4C, 0x9BB9, 0x6D4D, 0xE4AB, 0x6D4E, 0xBCC3,	0x6D4F, 0xE4AF, 0x6D50, 0x9BBA, 0x6D51, 0xBBEB, 0x6D52, 0xE4B0,
	0x6D53, 0xC5A8, 0x6D54, 0xE4B1, 0x6D55, 0x9BBB, 0x6D56, 0x9BBC,	0x6D57, 0x9BBD, 0x6D58, 0x9BBE, 0x6D59, 0xD5E3, 0x6D5A, 0xBFA3,
	0x6D5B, 0x9BBF, 0x6D5C, 0xE4BA, 0x6D5D, 0x9BC0, 0x6D5E, 0xE4B7,	0x6D5F, 0x9BC1, 0x6D60, 0xE4BB, 0x6D61, 0x9BC2, 0x6D62, 0x9BC3,
	0x6D63, 0xE4BD, 0x6D64, 0x9BC4, 0x6D65, 0x9BC5, 0x6D66, 0xC6D6,	0x6D67, 0x9BC6, 0x6D68, 0x9BC7, 0x6D69, 0xBAC6, 0x6D6A, 0xC0CB,
	0x6D6B, 0x9BC8, 0x6D6C, 0x9BC9, 0x6D6D, 0x9BCA, 0x6D6E, 0xB8A1,	0x6D6F, 0xE4B4, 0x6D70, 0x9BCB, 0x6D71, 0x9BCC, 0x6D72, 0x9BCD,
	0x6D73, 0x9BCE, 0x6D74, 0xD4A1, 0x6D75, 0x9BCF, 0x6D76, 0x9BD0,	0x6D77, 0xBAA3, 0x6D78, 0xBDFE, 0x6D79, 0x9BD1, 0x6D7A, 0x9BD2,
	0x6D7B, 0x9BD3, 0x6D7C, 0xE4BC, 0x6D7D, 0x9BD4, 0x6D7E, 0x9BD5,	0x6D7F, 0x9BD6, 0x6D80, 0x9BD7, 0x6D81, 0x9BD8, 0x6D82, 0xCDBF,
	0x6D83, 0x9BD9, 0x6D84, 0x9BDA, 0x6D85, 0xC4F9, 0x6D86, 0x9BDB,	0x6D87, 0x9BDC, 0x6D88, 0xCFFB, 0x6D89, 0xC9E6, 0x6D8A, 0x9BDD,
	0x6D8B, 0x9BDE, 0x6D8C, 0xD3BF, 0x6D8D, 0x9BDF, 0x6D8E, 0xCFD1,	0x6D8F, 0x9BE0, 0x6D90, 0x9BE1, 0x6D91, 0xE4B3, 0x6D92, 0x9BE2,
	0x6D93, 0xE4B8, 0x6D94, 0xE4B9, 0x6D95, 0xCCE9, 0x6D96, 0x9BE3,	0x6D97, 0x9BE4, 0x6D98, 0x9BE5, 0x6D99, 0x9BE6, 0x6D9A, 0x9BE7,
	0x6D9B, 0xCCCE, 0x6D9C, 0x9BE8, 0x6D9D, 0xC0D4, 0x6D9E, 0xE4B5,	0x6D9F, 0xC1B0, 0x6DA0, 0xE4B6, 0x6DA1, 0xCED0, 0x6DA2, 0x9BE9,
	0x6DA3, 0xBBC1, 0x6DA4, 0xB5D3, 0x6DA5, 0x9BEA, 0x6DA6, 0xC8F3,	0x6DA7, 0xBDA7, 0x6DA8, 0xD5C7, 0x6DA9, 0xC9AC, 0x6DAA, 0xB8A2,
	0x6DAB, 0xE4CA, 0x6DAC, 0x9BEB, 0x6DAD, 0x9BEC, 0x6DAE, 0xE4CC,	0x6DAF, 0xD1C4, 0x6DB0, 0x9BED, 0x6DB1, 0x9BEE, 0x6DB2, 0xD2BA,
	0x6DB3, 0x9BEF, 0x6DB4, 0x9BF0, 0x6DB5, 0xBAAD, 0x6DB6, 0x9BF1,	0x6DB7, 0x9BF2, 0x6DB8, 0xBAD4, 0x6DB9, 0x9BF3, 0x6DBA, 0x9BF4,
	0x6DBB, 0x9BF5, 0x6DBC, 0x9BF6, 0x6DBD, 0x9BF7, 0x6DBE, 0x9BF8,	0x6DBF, 0xE4C3, 0x6DC0, 0xB5ED, 0x6DC1, 0x9BF9, 0x6DC2, 0x9BFA,
	0x6DC3, 0x9BFB, 0x6DC4, 0xD7CD, 0x6DC5, 0xE4C0, 0x6DC6, 0xCFFD,	0x6DC7, 0xE4BF, 0x6DC8, 0x9BFC, 0x6DC9, 0x9BFD, 0x6DCA, 0x9BFE,
	0x6DCB, 0xC1DC, 0x6DCC, 0xCCCA, 0x6DCD, 0x9C40, 0x6DCE, 0x9C41,	0x6DCF, 0x9C42, 0x6DD0, 0x9C43, 0x6DD1, 0xCAE7, 0x6DD2, 0x9C44,
	0x6DD3, 0x9C45, 0x6DD4, 0x9C46, 0x6DD5, 0x9C47, 0x6DD6, 0xC4D7,	0x6DD7, 0x9C48, 0x6DD8, 0xCCD4, 0x6DD9, 0xE4C8, 0x6DDA, 0x9C49,
	0x6DDB, 0x9C4A, 0x6DDC, 0x9C4B, 0x6DDD, 0xE4C7, 0x6DDE, 0xE4C1,	0x6DDF, 0x9C4C, 0x6DE0, 0xE4C4, 0x6DE1, 0xB5AD, 0x6DE2, 0x9C4D,
	0x6DE3, 0x9C4E, 0x6DE4, 0xD3D9, 0x6DE5, 0x9C4F, 0x6DE6, 0xE4C6,	0x6DE7, 0x9C50, 0x6DE8, 0x9C51, 0x6DE9, 0x9C52, 0x6DEA, 0x9C53,
	0x6DEB, 0xD2F9, 0x6DEC, 0xB4E3, 0x6DED, 0x9C54, 0x6DEE, 0xBBB4,	0x6DEF, 0x9C55, 0x6DF0, 0x9C56, 0x6DF1, 0xC9EE, 0x6DF2, 0x9C57,
	0x6DF3, 0xB4BE, 0x6DF4, 0x9C58, 0x6DF5, 0x9C59, 0x6DF6, 0x9C5A,	0x6DF7, 0xBBEC, 0x6DF8, 0x9C5B, 0x6DF9, 0xD1CD, 0x6DFA, 0x9C5C,
	0x6DFB, 0xCCED, 0x6DFC, 0xEDB5, 0x6DFD, 0x9C5D, 0x6DFE, 0x9C5E,	0x6DFF, 0x9C5F, 0x6E00, 0x9C60, 0x6E01, 0x9C61, 0x6E02, 0x9C62,
	0x6E03, 0x9C63, 0x6E04, 0x9C64, 0x6E05, 0xC7E5, 0x6E06, 0x9C65,	0x6E07, 0x9C66, 0x6E08, 0x9C67, 0x6E09, 0x9C68, 0x6E0A, 0xD4A8,
	0x6E0B, 0x9C69, 0x6E0C, 0xE4CB, 0x6E0D, 0xD7D5, 0x6E0E, 0xE4C2,	0x6E0F, 0x9C6A, 0x6E10, 0xBDA5, 0x6E11, 0xE4C5, 0x6E12, 0x9C6B,
	0x6E13, 0x9C6C, 0x6E14, 0xD3E6, 0x6E15, 0x9C6D, 0x6E16, 0xE4C9,	0x6E17, 0xC9F8, 0x6E18, 0x9C6E, 0x6E19, 0x9C6F, 0x6E1A, 0xE4BE,
	0x6E1B, 0x9C70, 0x6E1C, 0x9C71, 0x6E1D, 0xD3E5, 0x6E1E, 0x9C72,	0x6E1F, 0x9C73, 0x6E20, 0xC7FE, 0x6E21, 0xB6C9, 0x6E22, 0x9C74,
	0x6E23, 0xD4FC, 0x6E24, 0xB2B3, 0x6E25, 0xE4D7, 0x6E26, 0x9C75,	0x6E27, 0x9C76, 0x6E28, 0x9C77, 0x6E29, 0xCEC2, 0x6E2A, 0x9C78,
	0x6E2B, 0xE4CD, 0x6E2C, 0x9C79, 0x6E2D, 0xCEBC, 0x6E2E, 0x9C7A,	0x6E2F, 0xB8DB, 0x6E30, 0x9C7B, 0x6E31, 0x9C7C, 0x6E32, 0xE4D6,
	0x6E33, 0x9C7D, 0x6E34, 0xBFCA, 0x6E35, 0x9C7E, 0x6E36, 0x9C80,	0x6E37, 0x9C81, 0x6E38, 0xD3CE, 0x6E39, 0x9C82, 0x6E3A, 0xC3EC,
	0x6E3B, 0x9C83, 0x6E3C, 0x9C84, 0x6E3D, 0x9C85, 0x6E3E, 0x9C86,	0x6E3F, 0x9C87, 0x6E40, 0x9C88, 0x6E41, 0x9C89, 0x6E42, 0x9C8A,
	0x6E43, 0xC5C8, 0x6E44, 0xE4D8, 0x6E45, 0x9C8B, 0x6E46, 0x9C8C,	0x6E47, 0x9C8D, 0x6E48, 0x9C8E, 0x6E49, 0x9C8F, 0x6E4A, 0x9C90,
	0x6E4B, 0x9C91, 0x6E4C, 0x9C92, 0x6E4D, 0xCDC4, 0x6E4E, 0xE4CF,	0x6E4F, 0x9C93, 0x6E50, 0x9C94, 0x6E51, 0x9C95, 0x6E52, 0x9C96,
	0x6E53, 0xE4D4, 0x6E54, 0xE4D5, 0x6E55, 0x9C97, 0x6E56, 0xBAFE,	0x6E57, 0x9C98, 0x6E58, 0xCFE6, 0x6E59, 0x9C99, 0x6E5A, 0x9C9A,
	0x6E5B, 0xD5BF, 0x6E5C, 0x9C9B, 0x6E5D, 0x9C9C, 0x6E5E, 0x9C9D,	0x6E5F, 0xE4D2, 0x6E60, 0x9C9E, 0x6E61, 0x9C9F, 0x6E62, 0x9CA0,
	0x6E63, 0x9CA1, 0x6E64, 0x9CA2, 0x6E65, 0x9CA3, 0x6E66, 0x9CA4,	0x6E67, 0x9CA5, 0x6E68, 0x9CA6, 0x6E69, 0x9CA7, 0x6E6A, 0x9CA8,
	0x6E6B, 0xE4D0, 0x6E6C, 0x9CA9, 0x6E6D, 0x9CAA, 0x6E6E, 0xE4CE,	0x6E6F, 0x9CAB, 0x6E70, 0x9CAC, 0x6E71, 0x9CAD, 0x6E72, 0x9CAE,
	0x6E73, 0x9CAF, 0x6E74, 0x9CB0, 0x6E75, 0x9CB1, 0x6E76, 0x9CB2,	0x6E77, 0x9CB3, 0x6E78, 0x9CB4, 0x6E79, 0x9CB5, 0x6E7A, 0x9CB6,
	0x6E7B, 0x9CB7, 0x6E7C, 0x9CB8, 0x6E7D, 0x9CB9, 0x6E7E, 0xCDE5,	0x6E7F, 0xCAAA, 0x6E80, 0x9CBA, 0x6E81, 0x9CBB, 0x6E82, 0x9CBC,
	0x6E83, 0xC0A3, 0x6E84, 0x9CBD, 0x6E85, 0xBDA6, 0x6E86, 0xE4D3,	0x6E87, 0x9CBE, 0x6E88, 0x9CBF, 0x6E89, 0xB8C8, 0x6E8A, 0x9CC0,
	0x6E8B, 0x9CC1, 0x6E8C, 0x9CC2, 0x6E8D, 0x9CC3, 0x6E8E, 0x9CC4,	0x6E8F, 0xE4E7, 0x6E90, 0xD4B4, 0x6E91, 0x9CC5, 0x6E92, 0x9CC6,
	0x6E93, 0x9CC7, 0x6E94, 0x9CC8, 0x6E95, 0x9CC9, 0x6E96, 0x9CCA,	0x6E97, 0x9CCB, 0x6E98, 0xE4DB, 0x6E99, 0x9CCC, 0x6E9A, 0x9CCD,
	0x6E9B, 0x9CCE, 0x6E9C, 0xC1EF, 0x6E9D, 0x9CCF, 0x6E9E, 0x9CD0,	0x6E9F, 0xE4E9, 0x6EA0, 0x9CD1, 0x6EA1, 0x9CD2, 0x6EA2, 0xD2E7,
	0x6EA3, 0x9CD3, 0x6EA4, 0x9CD4, 0x6EA5, 0xE4DF, 0x6EA6, 0x9CD5,	0x6EA7, 0xE4E0, 0x6EA8, 0x9CD6, 0x6EA9, 0x9CD7, 0x6EAA, 0xCFAA,
	0x6EAB, 0x9CD8, 0x6EAC, 0x9CD9, 0x6EAD, 0x9CDA, 0x6EAE, 0x9CDB,	0x6EAF, 0xCBDD, 0x6EB0, 0x9CDC, 0x6EB1, 0xE4DA, 0x6EB2, 0xE4D1,
	0x6EB3, 0x9CDD, 0x6EB4, 0xE4E5, 0x6EB5, 0x9CDE, 0x6EB6, 0xC8DC,	0x6EB7, 0xE4E3, 0x6EB8, 0x9CDF, 0x6EB9, 0x9CE0, 0x6EBA, 0xC4E7,
	0x6EBB, 0xE4E2, 0x6EBC, 0x9CE1, 0x6EBD, 0xE4E1, 0x6EBE, 0x9CE2,	0x6EBF, 0x9CE3, 0x6EC0, 0x9CE4, 0x6EC1, 0xB3FC, 0x6EC2, 0xE4E8,
	0x6EC3, 0x9CE5, 0x6EC4, 0x9CE6, 0x6EC5, 0x9CE7, 0x6EC6, 0x9CE8,	0x6EC7, 0xB5E1, 0x6EC8, 0x9CE9, 0x6EC9, 0x9CEA, 0x6ECA, 0x9CEB,
	0x6ECB, 0xD7CC, 0x6ECC, 0x9CEC, 0x6ECD, 0x9CED, 0x6ECE, 0x9CEE,	0x6ECF, 0xE4E6, 0x6ED0, 0x9CEF, 0x6ED1, 0xBBAC, 0x6ED2, 0x9CF0,
	0x6ED3, 0xD7D2, 0x6ED4, 0xCCCF, 0x6ED5, 0xEBF8, 0x6ED6, 0x9CF1,	0x6ED7, 0xE4E4, 0x6ED8, 0x9CF2, 0x6ED9, 0x9CF3, 0x6EDA, 0xB9F6,
	0x6EDB, 0x9CF4, 0x6EDC, 0x9CF5, 0x6EDD, 0x9CF6, 0x6EDE, 0xD6CD,	0x6EDF, 0xE4D9, 0x6EE0, 0xE4DC, 0x6EE1, 0xC2FA, 0x6EE2, 0xE4DE,
	0x6EE3, 0x9CF7, 0x6EE4, 0xC2CB, 0x6EE5, 0xC0C4, 0x6EE6, 0xC2D0,	0x6EE7, 0x9CF8, 0x6EE8, 0xB1F5, 0x6EE9, 0xCCB2, 0x6EEA, 0x9CF9,
	0x6EEB, 0x9CFA, 0x6EEC, 0x9CFB, 0x6EED, 0x9CFC, 0x6EEE, 0x9CFD,	0x6EEF, 0x9CFE, 0x6EF0, 0x9D40, 0x6EF1, 0x9D41, 0x6EF2, 0x9D42,
	0x6EF3, 0x9D43, 0x6EF4, 0xB5CE, 0x6EF5, 0x9D44, 0x6EF6, 0x9D45,	0x6EF7, 0x9D46, 0x6EF8, 0x9D47, 0x6EF9, 0xE4EF, 0x6EFA, 0x9D48,
	0x6EFB, 0x9D49, 0x6EFC, 0x9D4A, 0x6EFD, 0x9D4B, 0x6EFE, 0x9D4C,	0x6EFF, 0x9D4D, 0x6F00, 0x9D4E, 0x6F01, 0x9D4F, 0x6F02, 0xC6AF,
	0x6F03, 0x9D50, 0x6F04, 0x9D51, 0x6F05, 0x9D52, 0x6F06, 0xC6E1,	0x6F07, 0x9D53, 0x6F08, 0x9D54, 0x6F09, 0xE4F5, 0x6F0A, 0x9D55,
	0x6F0B, 0x9D56, 0x6F0C, 0x9D57, 0x6F0D, 0x9D58, 0x6F0E, 0x9D59,	0x6F0F, 0xC2A9, 0x6F10, 0x9D5A, 0x6F11, 0x9D5B, 0x6F12, 0x9D5C,
	0x6F13, 0xC0EC, 0x6F14, 0xD1DD, 0x6F15, 0xE4EE, 0x6F16, 0x9D5D,	0x6F17, 0x9D5E, 0x6F18, 0x9D5F, 0x6F19, 0x9D60, 0x6F1A, 0x9D61,
	0x6F1B, 0x9D62, 0x6F1C, 0x9D63, 0x6F1D, 0x9D64, 0x6F1E, 0x9D65,	0x6F1F, 0x9D66, 0x6F20, 0xC4AE, 0x6F21, 0x9D67, 0x6F22, 0x9D68,
	0x6F23, 0x9D69, 0x6F24, 0xE4ED, 0x6F25, 0x9D6A, 0x6F26, 0x9D6B,	0x6F27, 0x9D6C, 0x6F28, 0x9D6D, 0x6F29, 0xE4F6, 0x6F2A, 0xE4F4,
	0x6F2B, 0xC2FE, 0x6F2C, 0x9D6E, 0x6F2D, 0xE4DD, 0x6F2E, 0x9D6F,	0x6F2F, 0xE4F0, 0x6F30, 0x9D70, 0x6F31, 0xCAFE, 0x6F32, 0x9D71,
	0x6F33, 0xD5C4, 0x6F34, 0x9D72, 0x6F35, 0x9D73, 0x6F36, 0xE4F1,	0x6F37, 0x9D74, 0x6F38, 0x9D75, 0x6F39, 0x9D76, 0x6F3A, 0x9D77,
	0x6F3B, 0x9D78, 0x6F3C, 0x9D79, 0x6F3D, 0x9D7A, 0x6F3E, 0xD1FA,	0x6F3F, 0x9D7B, 0x6F40, 0x9D7C, 0x6F41, 0x9D7D, 0x6F42, 0x9D7E,
	0x6F43, 0x9D80, 0x6F44, 0x9D81, 0x6F45, 0x9D82, 0x6F46, 0xE4EB,	0x6F47, 0xE4EC, 0x6F48, 0x9D83, 0x6F49, 0x9D84, 0x6F4A, 0x9D85,
	0x6F4B, 0xE4F2, 0x6F4C, 0x9D86, 0x6F4D, 0xCEAB, 0x6F4E, 0x9D87,	0x6F4F, 0x9D88, 0x6F50, 0x9D89, 0x6F51, 0x9D8A, 0x6F52, 0x9D8B,
	0x6F53, 0x9D8C, 0x6F54, 0x9D8D, 0x6F55, 0x9D8E, 0x6F56, 0x9D8F,	0x6F57, 0x9D90, 0x6F58, 0xC5CB, 0x6F59, 0x9D91, 0x6F5A, 0x9D92,
	0x6F5B, 0x9D93, 0x6F5C, 0xC7B1, 0x6F5D, 0x9D94, 0x6F5E, 0xC2BA,	0x6F5F, 0x9D95, 0x6F60, 0x9D96, 0x6F61, 0x9D97, 0x6F62, 0xE4EA,
	0x6F63, 0x9D98, 0x6F64, 0x9D99, 0x6F65, 0x9D9A, 0x6F66, 0xC1CA,	0x6F67, 0x9D9B, 0x6F68, 0x9D9C, 0x6F69, 0x9D9D, 0x6F6A, 0x9D9E,
	0x6F6B, 0x9D9F, 0x6F6C, 0x9DA0, 0x6F6D, 0xCCB6, 0x6F6E, 0xB3B1,	0x6F6F, 0x9DA1, 0x6F70, 0x9DA2, 0x6F71, 0x9DA3, 0x6F72, 0xE4FB,
	0x6F73, 0x9DA4, 0x6F74, 0xE4F3, 0x6F75, 0x9DA5, 0x6F76, 0x9DA6,	0x6F77, 0x9DA7, 0x6F78, 0xE4FA, 0x6F79, 0x9DA8, 0x6F7A, 0xE4FD,
	0x6F7B, 0x9DA9, 0x6F7C, 0xE4FC, 0x6F7D, 0x9DAA, 0x6F7E, 0x9DAB,	0x6F7F, 0x9DAC, 0x6F80, 0x9DAD, 0x6F×Ÿ8ï~›Ê×¬¢h­µçMÍËÐL‹B‚LŽMÎ‹ŽMÎKÐQŽMÐK‹ŽMÐ‹ŒËLŽN‹ÐMËŽNËPÍ‹ŽN‹ÐQKŽNLKB‚LŽNKLŽNLLQKŽNLKL‹ŽNLËLNLŽNMÍÑŽNMKMQ‹ŽNM‹L‹ŽNMËLQB‚LŽNNKLËŽNPKLMKŽNP‹MŽNPËMQLŽNQKLP‹ŽPLLŽPLKLPKŽPLËM‘‹B‚LŽPMLLKŽPMKLŒKŽPM‹M‘ŽPMËLKLŽPNMQKŽPNKL‹ŽPPKLNKŽPP‹MËB‚LŽPPËLŽPQM‹ŽPQKMŒKŽPQ‹LLŽPŒLËŽPŒKLQËŽPŒËLMËŽPMŽB‚LŽPKLŒŽP‹LQ‘ŽPËMKŽPŽKLLËLŽP‹M‹ŽPËLKŽP‘LLŽP‘KLËB‚LŽP‘‹LKŽPÌKMŒŽPÌ‹LQ‹ŽPÌËM‘KLŽPÍL‹ŽPÍ‹LŒ‹ŽPÎKLQ‘KŽPÐKLMB‚LŽPÐ‹MŒËŽPÐËMËŽPÑMKŽPÑKLKLŽPÑ‹LM‹ŽQMŽKŽQËMŒ‹ŽQLL‹B‚LŽQKLPËŽQL‹MQKŽQMMQKŽQMKMPÑLŽQM‹MQLKŽQMËMQKŽQNÐÑŽQP‹MQMKB‚LŽQPËMQŽQQÑŽQQKMQ‹ŽQŒKMQLŽQŒ‹MQKŽQŒËÑKŽQMQQKŽQ‹MQP‹B‚LŽQËMQŽQŽMPÑKŽQ‹MQL‹ŽQËMQMLŽQ‘ÑKŽQ‘KMQŽQ‘‹MQËLMPÐKB‚LLKÐÑKL‹Ñ‹LMQMËLKÑËLL‹MPÐ‹LËMQQLMQLLKMQM‹B‚LLKÑLMQLËL‹MQPKLLKÑKLLLËÑËLMMQËLMKMPÑ‹LM‹MQQ‹B‚LLMËMPÐËLNMQNLNKÑLP‹MQ‹LLQMQËLQKÐÑ‹LQ‹ÐÐËLŒMQ‹B‚LLŒKÑ‹LŒËÐÐ‹LKMQNKL‹MQPËLLËMQKLŽNPÐKLÌ‹NPÌ‹LÍNP‘KB‚LLÍK‘Q‹LÎ‘QP‹LÎK‘QŒLÐK‘QPËLLÐ‹NPÐËLÐËNQËLÑ‘QPKLÑKNPÍB‚LLÑ‹NPÑMMQ‹MKNPÑKM‘QŒKLM‹NQMË‘QKM‘QŽMKNPÌB‚LM‹‘QMNQ‹MKNQËM‹NQ‹LMLNQKMLKNPÎKMMNQËMMKNQKB‚LMM‹NQKMN‘QQ‹MNK‘QQMPKNPÐ‹LMP‹NPÎMQNPÍKMQKNQMQ‹‘QËB‚LMŒNQ‹MŒK‘QŒËMŒ‹‘QŒ‹MNQLM‹NP‘‹MËNPÌKMŽNPÌËMŽKNQKB‚LMKNPÑ‹M‹‘QQKM‘NPÍ‹M‘‹NQLMÍ‹NPÍËMÑKÌÑ‹MÑ‹QKNÌÎB‚LNKPÑKNËQKNÌÐKNKQLNËPÑËNKPÑËNËQKNPÑŒËB‚LNKPÑ‘KNLÌKNLKQNL‹QKLNLËPÑ‘NMÌÎKNMKQNM‹PÑB‚LNMËÌNPKQËNP‹PÑŽKNPËÌÐËLNQKPÑ‹NQ‹PÑŽPLÌ‹PLKPÑKB‚LPL‹ÌÐ‹PLËÌÑKPMQËPMKPÑ‹LPM‹Q‹PNQ‹PPËÌŒËPQQ‘MËB‚LPQKÌŽPQ‹ÌŽKPŒËÌŒ‹PQ‘M‹LP‹Q‘LËPËQ‘MPŽÌ‹PŽKQ‘KB‚LPKQ‘L‹P‹ÌKP‘Q‘‹PÌ‹ÌËLPÌËÌPÍKQ‘PÍ‹Q‘LKPÍËQ‘MKB‚LPÐ‹ŒLKPÐËŒKPÑŒMËPÑ‹ŒM‹LQŒMQKŒ‹QËÌÍÌ‹QKŒLB‚LQKÌÍÌKQ‹ÌÑQËŒLËQÌÍÌLQKŒNQ‹ŒL‹QLŒQLKQ‘LB‚LQMKÌÍ‘‹QMËŒËQNM‹QPKMKLQP‹ŒMKQPËÍŽQQKNKQQ‹PKB‚LQŒMQŒKNQŒËLËQŽQKLQŽKMËQKÍMËQ‹ÍMKQËPÑ‹B‚LŒQ‹Œ‹PÑKŒËQŒÍM‹LŒ‘MKŒK‘M‹ŒKÍMÍ‹Œ‹‘MB‚LŒ‹ÑL‹ŒLÍPÑ‹ŒLKÑLŒL‹ÑLKLŒLËŽPËŒM‹ÍM‹ŒMËŽŒËŒNŽŒKB‚LŒNKŽŒ‹ŒPKŽŒQKŽP‹ŒŒMQLŒŒKMŽŒŒËPMNKŒKÐÑNKŒŽÑB‚LŒËQKŒ‘QËŒ‘‹Q‹ŒÌKQŽLŒÌ‹ŒQ‘ŒÌËQËŒÍQŽKŒÍ‹Q‹B‚LŒÍËQŒÎQKŒÎKQKŒÐK‹LŒÐ‹Q‹ŒÐËQŒÑËŒÑKKB‚LŒÑ‹QËKK‹ŽËËLK‹‹KËÐŒ‹ŽKB‚LKMÌKLŒË‹LKËMÌKLLKÑ‹LÑKLKMQŒB‚LMNQ‹MKNQKM‹NQLNK‘QŽKLP‹Q‹PËÌËQKQ‘NQ‹ÌKB‚LŒŒNKŒKÍMÍËŒ‹MQKŒËMP‘‹LMŽKKN‹‹PMPKËPMP‹B‚LKPÍ‘K‘QKÌ‹ÐŒËÍ‹M‘KLÍË‘QKÎÌ‹ÎKMQ‹Ð‹MKB‚LÑKÐÑP‹Ñ‹PMPËŽÐÑPKŽ‹ÑKLŽËPÍ‘‹ŽÑ‹Ž‹PÍÌŽQËB‚LŽKQQQKŽKQQQŽËQKŽQËLŽKQŽ‹Q‹ŽLKQKŽMQKB‚LŽMKQLKŽM‹KŽMËQ‹ŽNLŽNKQLŽP‹‹ŽQKL‹ŽQ‹LËB‚LLLŽL‹MQŒËLËMQŒ‹MÑËLMKMQŒKM‹MQMËNQLKPKNQL‹B‚LP‹NQLËQQËQKÌQ‹ÌËLŒŒPKŒ‹ÍNŒËÎMQ‹KPÍÌKB‚L‹ÑËËQQQ‹KŒQ‘KË‹L‘QL‹‘‹ÐKÌÐÌËLŽKB‚LÍLKÍKÑÍ‹ÑKÍËNQMKLÎNQMÎKQ‘NKÐKÑLËÐ‹MŒB‚LÐËÎMŒÑMPÌÑ‹NË‘ÐL‘‹PÍÌ‹‘ËÐ‹‘MŒK‘‹ÑŽB‚L‘ËPÍÌË‘ÑŽK‘KÌK‘‹MŒ‹L‘KÐÑPË‘LÑK‘L‹‹‘LËKB‚L‘MQ‘K‘M‹Q‘‘MËË‘NL‘P‹Œ‘PËŒK‘Q‹L‘ŒQLËB‚L‘Œ‹QM‘ŒËQMK‘ËMK‘ŽM‹L‘ŽKM‘‹‘‘Ë‘K‘‘ÐËB‚L‘‘KL‹‘‘‹MQËÌMQ‹ÌKMQKLÌ‹MQŽÌËNQMËÌNQM‹ÌK‘Q‹B‚LÌ‹NQNÌÌ‹ÌKQÌ‹Q‘PKLÌËŒP‹Ì‘MËÌ‹MŒËÌLMPÌ‹B‚LÌLKMPÌKÌLËPMQÌMÎMŒKÌMKÎMÑKLÌM‹M‹ÌNÎQËÌNKÐKÌPKÐKB‚LÌP‹PMQKÌQÐÑQÌQ‹PÍÍÌŒÑ‹LÌŒKÑËÌŒËQQŒÌQQÌKB‚LÌ‹QQŒËÌËQQŒKÌŽQQŒ‹ÌKQ‹LÌ‹Œ‹ÌËLËÌ‘KLKÌ‘‹L‹B‚LÌÌQM‹ÌÌËMÌ‹ÌÍMÌÍ‹ÎPLKLÌÎMPÌËÌÐ‹ÎPMÌÑKMPÍ‹ÌÑ‹ÎPLËB‚LÍMPÍKÍKMPÍÍ‹NÍËÎPL‹LÍ‹ÎQŽÍKÎQËÍ‹ÎQ‘KÍËÐMB‚LÍMÍKÍKMÍ‹Í‹ÎQ‹ÍLMÌKLÍL‹ÎQŽKÍMÎQ‘ÍMKMÌ‹ÍMËM‘B‚LÍNKM‘KÍP‹MÍÍPËÎQKÍQMËLÍQKNKÍQ‹M‘‹ÍŒMÌÍŒKMÌËB‚LÍKÐP‹Í‹ÐNKÍËÐËÍŽNLKLÍŽKÐLËÍKNËÍ‹ÐÍ‘ÐMKB‚LÍ‘‹ÐL‹ÍÌN‹ÍÌKÐLKÍÌ‹NM‹LÍÌËÐPKÍÍNNÍÍ‹NPKÍÎÐ‹B‚LÍÐKNÍÐ‹ÐPËÍÑNMÍÑKNMËLÎÑKÎKNËÎ‹NQKÎËNMKB‚LÎÐKÎKNKÎ‹NNKÎËÐM‹LÎNÎKNKÎKÑËÎ‹Ð‹B‚LÎËNLÎNP‹ÎKÐQÎ‹ÐLLÎLNKÎL‹NLËÎLËÐÑQKÎMNPËB‚LÎMKÐMËÎM‹NL‹ÎNNQÎNKN‹LÎPKÐMÎP‹N‹ÎPËÐNÎQÑB‚LÐP‹PMKÐPËPMÐKÐQÐÑKÐQKPMÌKLÐŒÑ‹ÐŒKPMŒ‹ÐŒËPMKÐÑ‹B‚LÐ‹ÐÑŒËÐËÐÑËÐŽPM‘ÐŽKPM‘‹LÐKÐÑKÐ‹PMÍ‹ÐËPMŽÐ‘PM‹B‚LÐ‘KPMËÐ‘‹PMÍKÐÌÑËÐÌKPMÌLÐÌ‹ÐÑŽKÐÌËÐÑ‹ÐÍPM‘KÐÍKPMÌËB‚LÐÍ‹ÐÑËÐÍËÑKÐÎKPÍÍKÐÐKPMÎKLÐÐËPMŒËÐÑÑKÐÑ‹ÑÑÐÑŽB‚LÑKÑ‹Ñ‹ÑÑËPMËÑÐÑLÑKPM‹Ñ‹PMÑÑËPMÌ‹ÑKÐÑŒ‹B‚LÑKÑÍKÑ‹PMÎÑËPMÐËÑÑKLÑKÑ‹ÑLPMÑKÑLKPMÍËÑL‹PMŽKB‚LÑLËPMQ‹ÑMKPMÑMËÐÑ‹ÑNPMŒLÑNKÑKÑP‹ÐÑŒÑPËÐÑQ‹ÑQÐÑ‘B‚LÑQKÐÑŒKÑQ‹PMÐ‹ÑŒQQKÑŒKPMÍLÑŒ‹ÐÑ‘KÑŒËPMŒKÑKPÐM‹ÑŽKÑËB‚L‘ÑÐË‘KÑLK‘ËÑM‘ÑÍËL‘ËÑMË‘ÑPK‘KÑPË‘KÑÍB‚L‘‹PÍÍ‹‘ËPÍÐ‹‘K‘KPÐQL‘‹ÑMK‘LÑQ‘LKÑÐ‹‘L‹ÑÌËB‚L‘M‹‘MËPÍÑK‘NÑL‹‘NKÑÎL‘PKÑÐK‘P‹PÐMK‘QÑÑ‘QKPÍÑB‚L‘Q‹ÑÌ‘ŒÑN‘Œ‹ÑP‹‘KPÍÐKL‘ËPÐN‘ŽÑ‘‘ŽKPÐPK‘KPÍÎB‚L‘‹PÐQK‘ËÑNK‘‘Ñ‘‹‘‘KPÐP‹L‘‘‹QK‘ÌÑ‘ÌKPÍÐË‘Ì‹PÍÍËB‚L‘ÌËÑÍ‹‘ÍÑ‘K‘ÍKPÐPË‘Í‹PÐML‘ÍËÑLË‘ÎPÐNK‘ÎKPÐMË‘ÐKÑÎKB‚L‘Ð‹PÐLK‘ÐËÑÌK‘ÑPÐL‹‘ÑKPÐLËL‘Ñ‹ÑÌ‹‘ÑM‹‘KPÍÎK‘‹ÑÑKB‚L‘NË‘NKQQ‘‘PKQË‘QKMKL‘Q‹P‹‘ŒMË‘ŒKK‘Œ‹B‚L‘ŒË‹‘Ë‘KQK‘‹QQKL‘ËM‹‘ŽQ‹‘ŽKQK‘KQQ‹B‚L‘ËQ‘‘K‘‘KQ‹‘‘‹‹L‘ÌNK‘ÍQ‘ÍKŽ‘Í‹B‚L‘ÍËQQË‘ÎQQ‹‘ÎKQ‘ÐKKL‘Ð‹‹‘ÐËPK‘ÑË‘ÑKŒKB‚L‘Ñ‹LË‘Œ‹‘‹PË‘ËKL‘ŒË‘KQK‘‹M‘ËQQŽKB‚L‘QQŽ‘KQK‘KQË‘‹ŒL‘ËQ‹‘LK‘KŒË‘LŽKB‚L‘LKL‘L‹‹‘LËQQ‘K‘MQ‹L‘MKQQË‘MËN‘NQ‘PKŒKB‚L‘P‹QLK‘PËQMK‘QKŒL‹‘Q‹ŒLL‘Œ‹ŒË‘ŒËQLË‘QL‹‘KŒP‹B‚L‘ËQN‘ŽŒMK‘KQK‘‹ËL‘ËŒ‘‘QË‘‘KQŒ‘‘‹ŒËB‚L‘ÌQL‘Ì‹QË‘ÍŒ‘ÍKŒNL‘Í‹ŒŒË‘ÍËŒK‘ÎQPË‘ÎKQ‘KB‚L‘ÐKQ‹‘Ð‹Œ‹‘ÐËŒK‘ÑKL‘Ñ‹Q‘‘‘KŒLK‘‹ŒNKB‚L‘Ë‹‘QPK‘KQ‹‘‹QQ‹L‘Ë‘ŒQK‘KŒ‹‘KŒPËB‚L‘‹Q‘ËQŒ‹‘QŒË‘KŒLËL‘‹QQK‘LQQ‘LKŒ‘L‹QMËB‚L‘LË‹‘MŒK‘MKQŒK‘M‹ŒŽL‘NŒŒ‹‘NKQM‹‘PKŒQ‹‘P‹ŒQB‚L‘PËŒ‹‘QQŽ‘QKŒŒK‘Q‹L‹L‘ŒQŽK‘ŒKŒŒ‘Œ‹K‘ŒËŒKB‚L‘QK‘KŒMË‘‹QNK‘ËŒM‹L‘ŽKŒM‘KŒË‘‹Œ‹‘ËQMËB‚L‘‘Ë‘LQP‹‘LËQË‘LKŒL‘LNKMK‘LPKŒPK‘LP‹QK‘LPËQ‹B‚L‘LQË‘LQ‹QPK‘LŒP‹‘LŒKMËL‘LŒ‹MK‘LŒËQ‘LŒK‘LKPËB‚L‘L‹K‘LËM‘LŽM‘L‹QŒKL‘LËK‘L‘‘L‘KQ‘‘L‘‹MB‚L‘LÌMK‘LÌKMË‘LÌ‹N‘LÌËQËL‘LÍË‘LÍKMMK‘LÍ‹MM‹‘LÎMKB‚L‘LÎKM‘LÐKŽK‘LÐ‹Q‹‘LÐËQQL‘LÑQQK‘LÑK‘‘LÑ‹QŒ‹‘MQŽKB‚L‘MKQŒË‘MË‹‘MM‘MKQQ‹L‘M‹QN‘MËQNK‘MKQP‹‘MKPKB‚L‘M‹QŽ‘MŽ‘MKM‹‘MLKQKL‘ML‹MLË‘MLËM‹‘MMM‹‘MMKMLKB‚L‘MM‹Œ‹‘MNŒ‘MPKMMË‘MP‹Q‹L‘MPËMK‘MQQ‘MQKQ‘K‘MQ‹MËB‚L‘MŒMK‘MŒKM‹‘MŒ‹QŒ‘MŒËMËL‘MM‹‘MKMË‘M‹MM‘MËNKB‚L‘MŽM‘MŽKM‹‘M‹MË‘M‘KŒËL‘M‘‹‹‘MÌKM‹‘MÌ‹MK‘MÌËQKB‚L‘MÍQM‘MÍËML‘MÎMK‘MÎKML‹L‘NQPË‘NKM‘NMŒK‘NKMŒB‚L‘N‹M‹‘NLÐ‘‘NL‹MQ‹‘NLËMKL‘NMMK‘NM‹ÐÍË‘NMËMŽ‘NNÐÌ‹B‚L‘NNKMQK‘NP‹MË‘NPËÐÎ‘NQÐ‘KL‘NQKML‹‘NQ‹M‘PLM‹‘PLKMŒËB‚L‘PL‹ÐŽ‘PLËMK‘PMMŒ‹‘PMKÐÌKL‘PM‹MMË‘PMËÐÐË‘PPKÐÐ‹‘PP‹ÐÍKB‚L‘PQKMŽK‘PQ‹ÐŽK‘PŒMMK‘PŒKMËL‘PŒ‹MNK‘PŒËMK‘PÐÑ‘P‹Ð‹B‚L‘PËMM‘PŽKM‘PKÐÍ‘PËÐÌËL‘P‘ML‘P‘KMPK‘P‘‹M‘PÌMËB‚L‘PÌKMLK‘PÌ‹ÐË‘PÌËMP‹‘PÍÐÎKL‘PÍKÐÌ‘PÍ‹MK‘PÍËÐ‘‹‘PÎMKB‚L‘PÎKMLË‘PÐKMË‘PÐ‹‘K‘PÐËPŒL‘PÑMM‹‘PÑKLË‘PÑ‹MN‘QM‹B‚L‘QKÐÍ‹‘Q‹M‹‘QËÐK‘QÐÐKL‘QKÑŒ‘Q‹M‘QMQ‘QËMPËB‚L‘QP‹LPK‘QPËPQ‘QQLÑ‘QQKLML‘QQ‹PL‹‘QŒKL‘K‘QŒ‹PQ‹‘QMÍËB‚L‘QKL‘‘Q‹LŒ‘QËPŒK‘QŽLÌKL‘QŽKLLË‘Q‹LÌË‘QËLŒË‘Q‘LQ‹B‚L‘Q‘KMÍK‘Q‘‹PLK‘ŒMLË‘ŒKPQKL‘Œ‹MÑ‘ŒËL‘‹‘ŒKLQK‘Œ‹PLËB‚L‘ŒËLP‹‘ŒLŽ‘ŒKLÍK‘ŒKLÑKL‘ŒL‹‘ŒKLPË‘Œ‹MÐË‘ŒL‹LÐËB‚L‘ŒLËMÍ‹‘ŒMMÍ‘ŒMKPN‘ŒNLÐKL‘ŒNKLÍË‘ŒPKLÎ‘ŒPËLŒ‹‘ŒQKLËB‚L‘ŒQ‹LK‘ŒŒMÐK‘ŒŒKLŽK‘ŒŒ‹MÑKL‘ŒŒËPMË‘ŒKLÌ‘Œ‹MQK‘ŒËLÎKB‚L‘ŒŽKMÎ‘ŒKPPË‘Œ‹PNK‘ŒËMÐ‹L‘Œ‘LMK‘Œ‘KLÍ‘Œ‘‹PPK‘ŒÌLMËB‚L‘ŒÌKPM‘ŒÌ‹PM‹‘ŒÌËMÌË‘ŒÍKLNKL‘ŒÍ‹LLK‘ŒÍËLÌ‹‘ŒÎPMK‘ŒÎKLŒKB‚L‘ŒÐKL‘ŒÐ‹LÐ‹‘ŒÐËLN‘ŒÑKMÎKL‘ŒÑ‹Ñ‹‘LM‹‘KMQŽK‘ËLQB‚L‘KLÍ‹‘‹M‘LMK‘LKÑL‹L‘L‹M‘LËMNK‘MÑM‘MKM‹B‚L‘MËM‹‘NÑQ‹‘PKM‹‘P‹ÑMËL‘QML‹‘QKNQŒ‘Q‹ÑŒË‘ŒÑŒ‹B‚L‘ŒKMM‘Œ‹MË‘ŒËMQK‘ÑQL‘‹ÑLË‘ËMMË‘ŽKMP‹‘KMŒB‚L‘‹MMK‘ËMK‘‘ÑM‹‘‘KÑNKL‘‘‹ÑŒK‘ÌÑPË‘Ì‹MË‘ÌËLL‹B‚L‘Í‹M‘ÍËMQ‹‘ÎÑN‘ÐKÑP‹L‘Ð‹MŒK‘ÐËÑL‘ÑMM‹‘ÑKMQ‹B‚L‘Ñ‹MPË‘ŽÌ‹‘Ž‹MK‘ŽÑLKL‘ŽKMK‘Ž‹ÑMK‘ŽËMQË‘ŽPP‹B‚L‘ŽKMK‘Ž‹MPK‘ŽËM‹‘ŽML‘ŽKÑPK‘ŽLMN‘ŽL‹MQ‘K‘ŽLËMLKB‚L‘ŽMML‘ŽMKMQ‘ŽM‹MË‘ŽMËÑQKL‘ŽQKNQŒË‘L‘K‘LK‘Q‘K‘L‹PMB‚L‘LËNQP‹‘M‘K‘MKNQË‘M‹‘L‘MË‘Ë‘NNQK‘NKQ‹‘PKNQ‹B‚L‘P‹PM‹‘PËNQK‘QNQNK‘QKNQŽL‘Q‹PM‘ŒPM‹‘ŒK‘Q‘‘Œ‹PMKB‚L‘ŒË‘‘‘K‘‹‘Ë‘ŽNQ‘KL‘ŽK‘‹‘KNQŽK‘ËNQQ‘‘NQŒ‹B‚L‘‘‹NQ‘‘Ì‘K‘ÌK‘‹‘Ì‹‘QËL‘ÌË‘‘ÍNQŒK‘Í‹MQ‘‘ÍËNQPËB‚L‘ÎNQQ‹‘ÎKPMK‘ÐKNQ‘Ð‹NQPKL‘ÐËQK‘ÑPMË‘ÑKNQQK‘Ñ‹NQËB‚L‘‘QLK‘‘KÌLË‘‘ÌË‘‘‹Ì‹L‘‘ËQLË‘‘QNK‘‘KQMË‘‘‹ÌKB‚L‘‘LÌK‘‘LKÌLK‘‘L‹QPK‘‘LËQL‹L‘‘MÌË‘‘M‹QM‹‘‘MËQMK‘‘NQP‹B‚L‘‘NKÌL‹‘‘P‹Ì‘‘PËÌL‘‘QQML‘‘QKÌM‘‘Q‹ÌK‘‘ŒÌMK‘‘ŒKÌB‚L‘‘Œ‹QN‘‘QL‘‘ËQ‘Ë‘‘KÌÌKL‘‘‹Q‘‘‘ËQ‘‹‘‘‘KÌ‘‹‘‘‘‹Q‘Œ‹B‚LÌQ‘ŒËÌKQ‘QKÌNQ‹ÌKQ‘Q‹LÌ‹ÌÌÌËQ‘P‹ÌKÌ‘ÌKQ‘ŽB‚LÌ‹Ì‘KÌËQ‘PËÌQ‘QÌKQ‘ŒKLÌ‹ÌÌËÌLKÌÌ‹ÌMQ‘ŒÌMKÌÍÎB‚LÌM‹ŒQ‹ÌMËŒKÌNÌÍÎKÌNKŒPËLÌPKÌÍÍ‹ÌP‹ÌÍÌËÌPËŒËÌQÌÍÍËB‚LÌQ‹ÌÍÍÌŒŒQKÌŒKŒŒKÌŒ‹ŒŒ‹LÌŒËŒŒËÌŒ‹Ì‹Q‘KÌËŒQB‚LÌŽÌÍÍKÌŽKŒÌKŒŽÌ‹ŒŒLÌ‘‹QÌÌÍKÌÌKŒÌÌ‹Í‹B‚LÌÌËŽÌÍQ‹ÌÍKPËÌÍËQKLÌÎŒ‹ÌÎKKÌÐKÌÐ‹ËB‚LÌÐËP‹ÌÑKÍŽKÌÑ‹ŒËÌ‹LÌKŽKÌ‹ŒKÌËQËÌQB‚LÌKQÌ‹QKÌQ‹ÌKQËLÌKQKÌËÍNKÌLKÍMÎÌL‹‘P‹B‚LÌMK‘NÌM‹‘NKÌMË‘PKÌNÍMÎKLÌPKÑMKÌP‹ÑMÌQŽQ‹ÌQKÍQB‚LÌQ‹ŽQÌŒŽŒÌŒKŽQKÌŒ‹ŽKLÌŒËÍMËÌÍKÌKŽPLËÌ‹ŽMËB‚LÌŽŽPL‹ÌŽKŽQÌKŽQKÌ‹MKLÌÌMÍËÌÌKÐMKÌÍÐQKÌÍ‹NQ‹B‚LÌÎNŒ‹ÌÐKÐQ‹ÌÐËNŒÌÑNŒKLÌ‹ÑNÌËÑPKÌÑMKÌKÑL‹B‚LÌ‹ÑMÌKPPMÌKPPL‹ÌLKÑM‹LÌL‹PPLËÌLËÑLËÌMÑLÌMKPPLKB‚LÌM‹ÑMËÌNÑLKÌNKPPMKÌPKÑNKLÌQ‹ÑQ‹ÌLKÑŒËÌMPÐËÌNKÑ‹B‚LÌP‹PÐQ‹ÌPËPÐŒ‹ÌQPÐÌQKPÐ‹LÌQ‹PÐŒËÌŒÑŒ‹ÌŒKÑŒKÌŒËPÐŒKB‚LÌÑÌKÑKÌËÑQKÌŽPÐKLÌKPÐŒÌ‘KÑŒÌÍKÍËÌÍ‹ÎB‚LÌÍËÎKÌÎQLÌÐKQËÌÐ‹‘KLÌÑÍ‹ÌÑKÐ‹ÌÑ‹QLKÌKËB‚LÌ‹Ì‹ÌË‹ÌÍKÌËÌKLÌQÌKQ‹ÌKÐKÌËKB‚LÌ‘ÌKÌËÌLÍÌLKÐËLÌL‹ÌÌMQKÌQ‹Œ‘ÌŒKB‚LÌŒËLÌËÌ‹NÌËKLÌŽMËÌŽKŒŽKÌKÌ‹MP‹B‚LÌËL‹Ì‘ŒËÌ‘‹LËÌLM‹LÌL‹PKÌL‹ÌL‹MÌLKŒKB‚LÌLKŒ‹ÌL‹NKÌLËÌLKLÌLKP‹ÌLLLKÌLLËMKÌLMË‹B‚LÌLNKMÌLPKMKÌLP‹MKÌLPËM‹LÌLQKMNKÌLQ‹MŒ‹ÌLŒMNÌLŒKMËB‚LÌLŒ‹MŒÌLŒËMQKÌLKMQ‹ÌL‹MKLÌLŽMŒËÌL‘KMPËÌL‘‹MPKÌLÌM‹B‚LÌLÌKMQÌLÌ‹MŒKÌLÍ‹MÌLÐKMLÌMKMÌÌM‹MÍËÌMËMÎKÌMPLKB‚LÌM‹ÑKÌMËM‹ÌMKÑ‹ÌM‹MÐKLÌMËÑËÌMPL‹ÌMKÐÑKÌMLMÑB‚LÌML‹M‘ÌMLËMÑKÌMMMËÌMM‹ÑËLÌMNMÎÌMNKÐÑ‹ÌMPKPLËÌMPËÑB‚LÌMQMÌKÌMQKÑKÌMQ‹MÐËÌMŒM‘‹LÌMŒKMÍ‹ÌMŒ‹MÌ‹ÌMŒËM‘KÌMÑKB‚LÌMKÑÌM‹Ñ‹ÌMËÑËÌMŽÑ‹LÌMŽKÑÌMKMÍKÌMËÑKÌM‘KMKB‚LÌMÌMÐ‹ÌMÌ‹MÌËÌMÎMÍÌMÐ‹LÌKLÌMÑPÌNL‘ÌNKLÌËÌN‹L‘‹B‚LÌNP‹ÌNKL‘KÌN‹LÌ‹ÌNËLKLÌNKLËÌNKPKÌN‹LÌÌNLL‹B‚LÌNL‹PËÌNMPŒ‹ÌNMËLÍÌNNKPŒËLÌNPKMËÌNP‹MÌNPËMÌÌNQMKB‚LÌNQKMËÌNQ‹ÑÌPLM‹ÌPLKM‘KLÌPMM‘ÌPMKM‹ÌPMËMÌKÌPNÑËB‚LÌPNKMŽÌPPKM‘‹ÌPPËÑKÌPQ‹MŒËLÌPŒMKÌPŒKÑ‹ÌPŒ‹MŒ‹ÌPŒËMÌ‹B‚LÌPKMŽKÌPŽPMKÌPŽK‘LKÌPËPMMKLÌP‘PMLËÌP‘K‘‹ÌP‘‹PMKÌPÌPMËB‚LÌPÌKPMÌPÌ‹PMÌPÌË‘MKÌPÍ‘M‹LÌPÍKPMËÌPÍ‹PMM‹ÌPÍËPMLKÌPÎ‘‹B‚LÌPÎK‘ËÌPÐKPMLÌPÐ‹PMKÌPÑK‘L‹LÌPÑ‹PML‹ÌQ‘ÌQ‹‘KÌQPM‹B‚LÌQK‘LÌQ‹PM‹ÌQPMMÌQK‘LËLÌQKPMMËÌQ‹PMNÌQË‘MÌQ‹ÌMËB‚LÌQLÌQKÌQLKQPËÌQL‹QŒ‹ÌQMQŒLÌQMKÌPKÌQM‹ÌNKÌQMËÌM‹ÌQNQQKB‚LÌQPËÌPËÌQQÌP‹ÌQQKÌNÌQŒQŒKLÌQŒKQQÌQŒ‹QQ‹ÌQÌQÌQŽÌÍËB‚LÌQŽKQ‘‹ÌQ‹ÌÍÌQËÌÍKÌQ‘Q‘‘LÌQ‘KÌÍ‹ÌQ‘‹Q‘KÌŒKQ‘ŽKÌŒ‹ŒËB‚LÌŒËQ‘ËÌŒKŒ‘ÌŒ‹ÌÍÐKÌŒËŒ‹LÌŒKŒKÌŒËŒŽKÌŒÌÍÐ‹ÌŒLÍËB‚LÌŒLËKÌŒM‹ÌŒNKQËÌŒPKQ‹LÌŒP‹ÍPKÌŒQQKÌŒQK‘PËÌŒQ‹‘QB‚LÌŒŒ‹ÑM‹ÌŒŒËŽŒKÌŒ‹Ž‹ÌŒËŽPËLÌŒŽÍÎKÌŒŽKŽPÍ‹ÌŒKM‹ÌŒËPPM‹B‚LÌŒ‘PPMËÌŒÌPÐŽÌŒÍKÌQ‹ÌŒÍ‹MËLÌŒÎPPNÌŒÎKQL‹ÌŒÐKÑÌŒÐ‹MŽB‚LÌŒÑŒ‘KÌŒÑKPŽÌŒÑ‹ÎMŒ‹ÌKÑËLÌ‹ÑÌLÍKÌ‹ÌŒÌËMŽKB‚LÌPPNKÌKÑŽÌKÑŽKÌ‹M‹LÌËMLÌ‹PMÌL‹ÑKÌLËLÍ‹B‚LÌM‹ÑŽÌNÌÍÐËÌNKMKÌPKMËLÌP‹M‹ÌQMÎKÌQKÐM‹ÌQ‹MÎB‚LÌŒNKÌŒKNÌŒ‹NŒËÌŒËÐŒLÌËPPPKÌŽKPPP‹ÌKÑP‹ÌËÑKB‚LÌ‘KÑ‘Ì‘‹PÐKÌÌÑ‹ÌÌ‹PÐŽKLÌÌËÑËÌÍPÐ‹ÌÍ‹L‹ÌÍËLKB‚LÌÎÑKÌÎKQLËÌÐ‹QÌÐËQKLÌÑŒ‘‹ÌÑKPËÌÑ‹Q‹ÌŽML‹B‚LÌŽKŒÌÌŽMLKÌŽKM‹ÌŽ‹MKLÌŽMŽÌŽKMŽKÌŽ‹MËÌŽËPM‹B‚LÌŽPMKÌŽKPNKÌŽLPNÌŽLKPMËLÌŽL‹PŽKÌŽLËLÎKÌŽMKLÎÌŽM‹PKB‚LÌŽMËLÍËÌŽNMÌËÌŽPKMÍÌŽP‹ÑŽKLÌŽQPMNKÌŽQKPMPKÌLKŒÌ‹ÌL‹ÌÍÑB‚LÌLËŒÌKÌMŒÌÌMKŒ‘KÌM‹Œ‘‹LÌMËÍP‹ÌNËÌNK‘QKÌPKŽËB‚LÌPËMËÌQKÎPMKÌQ‹MPÍËÌŒÎPM‹LÌÐMËÌKÐMÌKÐ‹Ì‘ÐŒ‹B‚LÌ‘‹ÐŒKÌÌPPPËÌÌKÐKÌÌ‹NËLÌÌËÐŒËÌÍN‹ÌÍKÐËÌÍ‹ÐB‚LÌÎKÑQ‹ÌÐKÑ‘KÌÐ‹ÑQÌÐËÑLÌÑKPPQÌ‘PPŒÌ‘KÑKÌ‘‹ÑŒKB‚LÌ‘ÑŒ‹Ì‘‹ÑPËÌ‘ËPPQ‹Ì‘ÑQKLÌ‘KPPQKÌ‘KÑŒËÌ‘ËÑŒÌ‘‹ÑÌ‹B‚LÌ‘LPÐ‘Ì‘LKPÐ‘KÌ‘LËÑÍKÌ‘MÑ‘‹LÌ‘M‹ÑÍÌ‘NÑÌÌ‘NKPÐËÌ‘PKÑÌËB‚LÌ‘P‹ÑÌKÌ‘ŒËNÌ‘MKÌ‘‹MËLÌ‘ËQNÌ‘ŽQMËÌ‘ŽKQMKÌ‘KMB‚LÌ‘‹NKÌ‘ËQMÌ‘‘QM‹Ì‘‘KM‹LÌ‘‘‹ËÌÌLËÌÌKPKÌÌËŒ‹B‚LÌÌ‹ÌÌKKÌÌ‹M‘KÌÌËMÎKLÌÌ‹ŽÌÌLKŒËÌÌL‹M‘ÌÌLËŒÍB‚LÌÌM‹ŒÌËÌÌMËŒKÌÌNÌÌNKŒÍKLÌÌP‹ŒÌ‹ÌÌPËŒÌKÌÌQŒÌÌQKŽKB‚LÌÌŒ‹MÌÌÌŒËMÍËÌÌKMMÌÌ‹MÍ‹LÌÌËMÌËÌÌŽKMM‹ÌÌ‘MÍKÌÌÌM‘‹B‚LÌÌÌKMÌKÌÌÌ‹MÍÌÌÌËMÌ‹ÌÌÍMMKLÌÌÍKMÎÌÌÍ‹MLËÌÌÍËÑ‹ÌÌÐKPQB‚LÌÌÐ‹PPËÌÌÐËPPKÌÌÑKÑL‹ÌÌÑ‹ÑLKLÌÍPQKÌÍ‹PP‹ÌÍËLÐKÌÍP‹B‚LÌÍKÑLÌÍKPŒÌÍKPQ‹ÌÍËLÑLÌÍLÐ‹ÌÍKÑKÌÍLPËÌÍLKLÐËB‚LÌÍL‹MÍ‹ÌÍMËÑ‹ÌÍNMÍKÌÍNKMÑKLÌÍPKMÑÌÍP‹MÐ‹ÌÍQMÐKÌÍQKMÍËB‚LÌÍQ‹MÎÌÍŒMÎKÌÍŒKMÐËÌÍŒ‹MLKLÌÍKPMQ‹ÌÍ‹PMPËÌÍËPMQÌÍŽ‘MËB‚LÌÍŽKPMP‹ÌÍKPMŒKÌÍ‹PMŒÌÍËPMQKLÌÍ‘KQÌÍ‘‹QKÌÍÌÌŒKÌÍÌ‹ÌŒ‹B‚LÌÍÌËQŒËÌÍÍKÌÎKÌÍÍ‹Q‘‘KÌÍÍËÌÎLÌÍÎÌÍÑKÌÍÐKÌÐLKÌÍÐ‹Í‘ÌÍÐË‘KB‚LÌÍÑ‘ÌÍÑKQÌÍÑ‹‘Q‹ÌÎÍMÐKLÌÎKÑNÌÎ‹ÑMËÌÎËÑNKÌÎMPÎB‚LÌÎKÑÍ‹ÌÎ‹QNKÌÎËŒÍ‹ÌÎKLÌÎKMPÎKÌÎKÎPMËÌÎ‹M‘ÌÎKÐMKB‚LÌÎL‹ÐËÌÎLËÐKÌÎMÐ‹ÌÎMKÐŽLÌÎM‹NŽÌÎMËÐŽKÌÎQÑ‘ÌÎQ‹PPŒËB‚LÌÐLÑ‹ÌÐLKÑËÌÐL‹ÑKÌÐMÑ‹LÌÐMKPPKÌÐM‹ÑŽKÌÐNPPŒ‹ÌÐNKPPŒKB‚LÌÐP‹PPÌÐPËÑËÌÐQÑŽÌÐŒ‹PÐÌ‹LÌÐŒËPÐÍKÌÐÑÑKÌÐKÑÑÌÐ‹ÑÐËB‚LÌÐËPÐ‘‹ÌÐŽÑ‘KÌÐŽKÑÐ‹ÌÐ‹PÐÌKLÌÐËQ‹ÌÐ‘KÑ‘‹ÌÐ‘‹Ñ‘ÌÐÌPÐÍB‚LÌÐÌ‹ÑÎÌÐÌËÑ‘ËÌÐÍKÑÐKÌÐÍ‹Ñ‘LÌÐÍËÑ‘KÌÐÎÑÎKÌÐÐKPÐÌÌÐÐ‹Ñ‘‹B‚LÌÐÐËÑÍËÌÐÑPÐÌËÌÑ‹ÌÑËP‹LÌÑ‹ÌÑ‹QKÌÑËŽKÌÑKB‚LÌÑKPËÌÑKŽÌÑ‹KÌÑËŒËLÌÑËÌÑKQQ‹ÌÑLQQÌÑLËŒKB‚LÌÑMKQÌÑMËŒÌÑN‹ÌÑNKŒ‹LÌÑPKQQKÌÑP‹ÑÑ‹ÌÑQQPKÌÑQKQPËB‚LÌÑÎÌÑK‘ÌÑ‹‹ÌÑŽËLÌÑKÌËÌÑËÍÌÑ‘ÌÌÑ‘KŒÐ‹B‚LÌÑ‘‹ÍKÍÌ‹ÍK‘‹ÍËŒÎKLÍ‘KÍKŒÍËÍ‹ŒÐKÍËÌKB‚LÍÎKÍKQP‹ÍKŒÎÍ‹ÍËLÍËÍ‹ÍŒÐËÍM‹MÑKÍPKPLKB‚LÍP‹MŒÍQPMËÍŒPNKÍŒKPL‹LÍŒ‹MPKÍŒËPM‹ÍPMKÍKMP‹B‚LÍ‹MŒKÍŽMŒ‹ÍŽKPNÍKMNLÍ‹MÑÍËMÐ‹Í‘PLËÍ‘KMÐKB‚LÍ‘‹MQ‹ÍÌMÐËÍÌKPMÍÌ‹PPKLÍÌËMNKÍÍMQKÍÍKMPËÍÍ‹MQB‚LÍÐKMMËÍÑ‹ÑNKÍPËÍKÑNLÍ‹P‹ÍPŒKÍ‹PËÍKPŒ‹B‚LÍ‹PŒËÍP‘ÍKPKÍ‹PŽLÍLPŽKÍLKPKÍL‹PÍMP‘KB‚LÍMKÑMKÍMËP‹ÍNKÑPKÍPKÑMLÍP‹ÑP‹ÍPËÑPËÍQKÑMËÍQ‹ÑM‹B‚LÍŒ‹LÑKÍŒËP‘KÍP‘ÍËL‘ËLÍŽKÑËÍKP‘‹Í‘PÌKÍ‘KL‘B‚LÍ‘‹ÑLËÍÌPÌÍÌKL‘ÍÌ‹L‘‹LÍÌËLÑ‹ÍÍKL‘KÍÎKMP‹ÍÐËMPKB‚LÍÑMMËÍÑK‘ÍÑ‹PMŒ‹Í‘KLÍKMM‹ÍËÑ‘KÍKMNÍ‹MMKB‚LÍËML‹ÍMNKÍKMLËÍKMMLÍ‹Ñ‘ÍLQŽKÍL‹PM‹ÍMPMKB‚LÍMKPMËÍMËQ‹ÍN‘PKÍPKPMŒËLÍPË‘NÍQK‘PËÍQ‹‘P‹ÍLPMB‚LÍLKPMŽÍLË‘NKÍMKQ‘ÍM‹ÌKLÍMËÌÐKÍNÌ‹ÍNKÌŒËÍPKQKB‚LÍP‹QŽÍQQ‹ÍQ‹Q‘KÍŒÌLÍŒKQËÍŒ‹QËÍKŒ‹Í‹ŒKB‚LÍËŒÍKÍŽŒÍK‘‹Í‹Œ‹LÍ‘ÌÐL‹Í‘KŒÍ‘‹ÌÐ‹ÍÌŒKB‚LÍÌKŒËÍÌ‹ŒËÍÌËŒÍ‹ÍÍKŒÍLÍÐKÌÐLËÍÐ‹ŒÌËÍÑ‹Í‘KÍÍQB‚LÍK‘ŒKÍ‹ÍPËÍË‘ŒËÍ‘ŒLÍK‘Œ‹ÍKÍQÍ‹ŽŒ‹ÍËMPÐKB‚LÍÑ‘KÍKËÍ‹‘ÍLŒÑLÍLKP‘‹ÍL‹‘QÍLËÌÐMÍMÍMÐ‹B‚LÍMKŽŒËÍM‹MPÐ‹ÍNÑ‘‹ÍNKLŒLÍPËÑ‘ËÍQKÑ‘Í‘KÍK‘‹B‚LÍ‹ŒÑKÍËŒLKÍ‹PP‹Í‘PÌ‹LÍ‘KPÌKÍ‘‹PÌÍLL‘KÍL‹L‘‹B‚LÍLËL‘ËÍLPÌ‹ÍLËMQÍLMPËLÍL‹PMŽKÍLË‘QKÍL‘Q‹ÍL‹QÌ‹B‚LÍLLQ‘‹ÍLLKQÌÍLL‹QÌKÍLLËŒKLÍLMŒÍLMKÌÐËÍLM‹ŒÍËÍLMËQKB‚LÍLNMPÐËÍLPKPÐÍ‹ÍLPËŒL‹ÍLQPÌËLÍLQ‹MPÑÍLŒKÌÍLŒ‹ŒLËÍLKMŒËB‚LÍL‹MÍLŽMPÑKÍLŽKMPÑ‹ÍLKÐM‹LÍL‹NKÍLËNŽKÍL‘PÐÍËÍL‘KÑ‘KB‚LÍL‘‹PPËÍLÌMQÍLÌKMQKÍLÌ‹MQ‹LÍLÌËMQËÍLÍËN‹ÍLÎNËÍLÎKÐ‘KB‚LÍLÐKÐ‘ÍLÑPP‹ÍLÑKÑÌ‹ÍLÑ‹ÑÌLÍMÑÌKÍMËÑ‘KÍMÑ‘‹ÍM‹PÐÐ‹B‚LÍMËPÐÎKÍMKPÐÐKÍM‹PÐÎÍMMQŒLÍMNKQÍMPKQŒËÍMP‹ÌKÍMPËQŒ‹B‚LÍMQQŒKÍMQ‹Ì‹ÍMŒ‹ŒM‹ÍMŒËÐ‹LÍMÐKÍMKŒMÍM‹ŒMKÍMKM‹B‚LÍM‹MKÍMËPQKÍM‘‹PQÍMÌŒMËLÍMÍ‹ÑQÍMÍËPÍKÍMÎÑQKÍMÎKPÍB‚LÍMÑL‘ÍMÑKMQKÍMÑ‹‘‹ÍNPMKLÍNQÌËÍN‹ÌÐM‹ÍNËÌÐMKÍNKÍMÐËB‚LÍN‹MQÍNËÑÌËÍN‹ŒNÍNLL‘KLÍNLKPÌËÍNMÐ‘‹ÍNMKÐÌÍNNÑÍB‚LÍNNKPPŽÍNPKPPŽKÍNQPPËÍPL‹PÐÑ‹LÍPLËPÑÍPMPÐÑÍPMKPÐÑKÍPMËÑ‘ËB‚LÍPPKÑ‘ÍPP‹PÐÐËÍPŒÌËÍPŒ‹QŽLÍPŒËQŽKÍPKŒP‹ÍP‹ÎKÍPŽQ‘KB‚LÍPŽKQËÍPKÐKÍP‹ÍKÍPËQ‹LÍP‘QKÍP‘KQKÍP‘‹ÎÍPÌÍËB‚LÍPÌKÍÍPÌ‹Q‘ÍPÍÍ‹ÍPÍKQ‹LÍPÍËQËÍPÐKŒPËÍPÐ‹LKÍPÐËL‹B‚LÍPÑŒQÍPÑKÐËÍPÑ‹ÑKÍQMLÍQKLËÍQ‹ÑÍQŒNKÍQKŒPKB‚LÍQËP‹ÍQM‹ÍQKMKÍQKPŒLÍQ‹MŽÍQPŒËÍQKMËÍQ‹PB‚LÍQLM‘ÍQLKPŒKÍQL‹MËÍQLËMŽKLÍQMPKÍQM‹PŒ‹ÍQMËPQ‹ÍQQQ‹B‚LÍQQ‹PÍËÍQŒÑŒÍQŒKÑŒËÍQŒ‹ÑŒ‹LÍQŒËÑËÍQÑ‹ÍQKQËÍQ‹QKB‚LÍQËPÐKÍQŽPÑKÍQŽKPÑÍQKÑLÍQ‹QÍQËPÐËÍQ‘QÍQ‘KPÐ‹B‚LÍQ‘‹ÑKÍŒÑQ‹ÍŒKÑŒKÍŒËPÎKLÍŒL‘‹ÍŒKPÍËÍŒKL‘‹ÍŒ‹PÍ‹B‚LÍŒËL‘ËÍŒPÍKÍŒ‹PÎÍŒLPÑ‹LÍŒLKL‘KÍŒLËPÎÍŒML‘LÍŒMKL‘B‚LÍŒM‹L‘KÍŒNKMŒKÍŒPKMKÍŒP‹MËLÍŒPËMŒËÍŒQMŒ‹ÍŒQKMŒÍŒQ‹‘KB‚LÍŒŒ‘ËÍŒŒK‘ÍŒŒ‹‘KÍŒŒËMLÍŒ‘‹ÍŒKMQ‹ÍŒ‹‘ËÍŒËPÍB‚LÍŒŽM‹ÍŒŽK‘ÍŒ‘PMËÍŒ‘‹PM‹LÍŒÌPMÌËÍŒÌKPM‘ÍŒÌ‹PMÌ‹ÍŒÌËPM‘‹B‚LÍŒÍ‘ŒÍŒÍKPMÌKÍŒÎ‘ŒKÍŒÐK‘Œ‹LÍŒÐËPMÌÍŒÑPM‘KÍ‹ÌŽÍËQÍB‚LÍ‹ÌËÍËQÍËÍQÍKÍKQÍ‹LÍËÌŽKÍLŒÍL‹ÌLKÍLËŒKB‚LÍM‹ÌÑÍMËŒ‹ÍNÌÑKÍNKŒËLÍPKŒLÍPËŒKÍQ‹ÌÐMËÍŒŒÎB‚LÍŒKÌÐNÍŒ‹Í‘‹ÍŒ‹ÍKÍÌLÍŽKÍQKÍKQ‹ÍËÍMÑKÍ‘‘B‚LÍ‘KÍMÑÍÌÑPKÍÌKÍQKÍÌ‹ÍQ‹LÍÍKŽPÐËÍÎPÑKÍÎKÑ‘KÍÐ‹M‘KB‚LÍÐËM‘‹ÍÑMQKÍÑKMÐKÍÑ‹ÐMËLÍŽKÐÌKÍŽ‹N‘ÍŽPPKÍŽ‹PÑ‹B‚LÍŽËPÑËÍŽPÑÍŽKM‹ÍŽKÐ‹LÍŽ‹Q‘‹ÍŽKŒQKÍŽ‹MKÍŽL‹PŽB‚LÍŽLËMÌKÍŽMKPËÍŽM‹MÌÍŽNKQKLÍŽPK‘KÍŽP‹M‹ÍŽPËMŽÍŽQMŽKB‚LÍŽQKMKÍMQÎÍM‹ŒLKÍPKÌKLÍP‹ÌÍQ‘KÍQKMQ‹ÍQ‹ÑÍKB‚LÍŒQÌÍMÌ‹ÍKQ‹ÍŽL‘LKLÍK‘‹Í‹PMÍÍ‘ŒL‹Í‘KÌ‹B‚LÍ‘‹MQËÍÌ‹PP‹ÍÌËPÑËÍÍÑ‘‹LÍÍKPÑÍÍ‹PÑ‹ÍÎPÑKÍÎKÐËB‚LÍÐKQÌKÍÑQÌ‹ÍÑKQÌËÍ‘‹ŒŒLÍ‘ËMËÍ‘ŒQ‹Í‘KPŽKÍ‘‹ŒŒKB‚LÍ‘ËMÌËÍ‘QËÍ‘KÑŽÍ‘‹ÑŽKLÍ‘LKPÎKÍ‘LËPÐKÍ‘M‘ËÍ‘MK‘B‚LÍ‘M‹PMÍKÍ‘MË‘ŒËÍ‘NKQÎKÍ‘PKÌKLÍ‘PËŒLËÍ‘QÌËÍ‘QKMQÍ‘Q‹N‘KB‚LÍ‘ŒÑÎÍ‘ŒKÑÍËÍ‘Œ‹PPËÍ‘ŒËÑÍ‹LÍ‘PP‘Í‘KÑÎKÍ‘ËÑ‘MKÍ‘ŽPÑ‹B‚LÍ‘ŽKPÑKÍ‘KÑ‘MËÍ‘‹Ñ‘M‹Í‘ËPÑ‹LÍ‘‘KPÑKÍÌKPÑKÍÌËÑ‘LKÍÌÑ‘L‹B‚LÍÌKÑ‘LËÍÌËPÑLÍÌÑ‘LÍÌKPÑËLÍÌKÑ‘MÍÌ‹PÑÍÌLÑ‹ÍÌLK‘ËB‚LÍÌL‹‘KÍÌLË‘ÍÌMK‘ÍÌNK‘KLÍÌPK‘‹ÍÌP‹ÑKÍÌQÑÍÌQ‹QÍKB‚LÍÌŒQÍ‹ÍÌŒ‹‘ËÍÌŒË‘‹ÍÌKŒLÍÌË‘ÍÌŽQÍËÍÌŽKQÍÍÌ‘PKB‚LÍÌ‘‹NKÍÌÌKP‹ÍÌÌ‹PËÍÌÌËQKLÍÌÍQÍÌÍKŒ‹ÍÌÍ‹ŒKÍÌÍËŒŒ‹B‚LÍÌÎŒ‹ÍÌÎKNÍÌÐKŒËÍÌÐ‹ŒKLÍÌÐËŒÍÌÑQ‹ÍÌÑKŒŒËÍÍPËB‚LÍÍKP‘KÍÍ‹PKÍÍËP‹ÍÍKP‘‹LÍÍ‹PÌKÍÍËPÌ‹ÍÍP‘ÍÍKPÌB‚LÍÍ‹MÍÍÍL‹Q‹ÍÍMQLÍÍMKQLÍÍM‹QËÍÍNKQLKÍÍPKQÍÍP‹ÑKB‚LÍÍPËŽËÍÍQKÑ‘ÍÍQ‹QKÍÍŒQKLÍÍŒKPÑKÍÍŒ‹Ž‹ÍÍŒËÑ‘KÍÍKŽB‚LÍÍ‹ÑËÍÍËQ‹ÍÍŽŽKÍÍŽKQKLÍÍKŽKÍÍ‹Ñ‹ÍÍËŽ‹ÍÍ‘QL‹B‚LÍÍ‘KL‘M‹ÍÍ‘‹L‘NÍÍÎKŽÍÍÐËL‘LËLÍÍÑPÐËÍÍÑKL‘NKÍÍÑ‹PÑÍÎL‘MËB‚LÍÎKL‘L‹ÍÎ‹L‘MKÍÎËL‘PKÍÎPÐ‹LÍÎKL‘MÍÎË‘KÍÎM‘‹ÍÎKM‘KB‚LÍÎ‹‘LKÍÎË‘‹ÍÎMËÍÎK‘LÍÎ‹M‘ÍÎLK‘LÍÎMKPMÑÍÎMËPPLKB‚LÍÎNKPMÑKÍÎPKPMÍ‹ÍÎP‹PMÐKÍÎPËPMÎKLÍÎQPMÍËÍÎQK‘‹ÍÎQ‹‘ËÍÐL‘KB‚LÍÐLKPMÎÍÐL‹PMÐ‹ÍÐLËPMÐËÍÐMK‘ŽLÍÐMËÌMÍÐNQLËÍÐPKÌËÍÐP‹QÐ‹B‚LÍÐPËÌ‘KÍÐQÌMKÍÐŒÌ‘ÍÐŒKQL‹LÍÐŒ‹QÐËÍÐŒËÌ‹ÍÐQLKÍÐKQÐKB‚LÍÐ‹QÑKÍÐËQÑÍÐKŒMKÍÐ‹ÌMLÍÐËÌMKÍÐ‘ÌL‹ÍÐ‘‹ÌLËÍÐÌ‹ŒMB‚LÍÐÍŒÐ‹ÍÐÍËÌÐNKÍÐÎKŒÎKÍÐÐKŒÐKLÍÐÐËÍÍÐÑÍËÍÐÑKÍKÍÐÑ‹Í‹B‚LÍÑQLÍÑËÍQ‹ÍÑÑP‹ÍÑKŽLÍÑËÍQËÍÑŽŽÍÑKŽŽKÍÑKÍ‹B‚LÍÑ‹MQKÍÑËPÑLKÍÑKPÌËÍÑLQLËLÍÑL‹MQKÍÑLËN‘‹ÍÑMKPP‘KÍÑMËÑ‘NB‚LÍÑNÑ‘NKÍÑNKQÎÍÑPËPÍÍÑQMÍKLÍÑQKŽËÍÑQ‹ÌM‹ÍÑŒQMÍÑŒKŒÐËB‚LÍÑŒ‹ÎÍÑŒËMQ‹ÍÑËÑLKÍÑŽÑÐKLÍÑŽKÑÐËÍÑKÑÑKÍÑ‹ÑÑÍÑËÑÐ‹B‚LÍÑ‘PP‘‹Î‹PÑL‹ÎËÑ‘Œ‹ÎKÑ‘QLÎ‹Ñ‘PKÎKÑ‘ŒKÎËPÑMÎPÑMKB‚LÎKÑ‘ŒÎ‹Ñ‘Q‹ÎLÑ‘QKÎLKÑ‘P‹LÎL‹Ñ‘PËÎLËÑ‘ŒËÎMPÑLËÎQQÐËB‚LÎQ‹QMÎŒQLËÎŒK‘LKÎŒ‹‘‹LÎŒË‘KÎKQLKÎ‹ŽKÎËQÐKB‚LÎŽ‘KÎŽK‘L‹ÎK‘MÎ‹‘LLÎË‘KÎ‘QL‹Î‘K‘‹Î‘‹‘B‚LÎÌQÎKÎÌK‘MKÎÌ‹QMKÎÌË‘LËLÎÍQÑÎÍK‘ËÎÍËQÑKÎÎQÐ‹B‚LÎËŒŽKÎKKÎŒËÎKKLÎKËÎËŽÎ‹ÎKŒKB‚LÎL‹ÎL‹ÎPËPÎÎQMÍ‹LÎQKQÎŒPÍKÎŒ‹QKÎPÍ‹B‚LÎKPÍËÎŽPÑ‹ÎŽKPÑKÎKPÐ‹LÎ‹ŒŽÎËMÍËÎ‘PÎKÎ‘KPÐËB‚LÎ‘‹MÎÎÌPÑÎÌKPÐKÎÎKQQKLÎÐ‹QŒ‹ÎÐËŽKÎÑKL‘ŒÎÑ‹ŽLKB‚LÎQŒÎKŽQ‹ÎËQQÎQNLÎKQPKÎ‹QP‹ÎËQMÎKŽB‚LÎËŽËÎKŽÎ‹QMËÎLKŽ‹LÎLËŽLÎMQM‹ÎMKQNKÎM‹QŒKB‚LÎMËŽKÎNŽ‹ÎNKQQ‹ÎPKQMKLÎQKL‘Œ‹ÎQ‹QÎLL‘ÎLKQPËB‚LÎL‹L‘‹ÎLËQÎML‘ËÎMKL‘ŒËLÎMËQKÎNL‘Q‹ÎNKQËÎPKL‘PËB‚LÎP‹L‘ŒKÎPËL‘KÎQL‘QKÎŒŽKLÎŒ‹L‘P‹ÎŒËQ‹ÎL‘QÎK‘MB‚LÎ‹MÌKÎË‘NÎ‘K‘M‹ÎÌKPÑ‹LÎÌËMÎÎÍMÎKÎÍK‘LËÎÎMÍËB‚LÎÎKMÐKÎÐK‘MKÎÐ‹‘L‹ÎÐËMÌËLÎÑMÌÎÑKMÍKÎÑ‹MÌ‹Î‘NKB‚LÎKMÍÎMÍ‹ÎK‘MËÎK‘KLÎ‹PPNÎPPL‹ÎKPPM‹Î‹PPPËB‚LÎLPPQÎLKPPNKÎL‹PPPKÎLËPPMËLÎMKPPMÎMË‘ËÎN‘ŽKÎNKPPLËB‚LÎPKPPMKÎPË‘‹ÎQPPP‹ÎQ‹ÌM‹LÎŒ‹QPKÎŒËQMKÎÌMKÎËÌMËB‚LÎŽKQPËÎKÌMÎ‹QNÎËQNKLÎ‘QM‹Î‘KQQÎ‘‹ŒM‹ÎLKÌMËB‚LÎL‹QMËÎLQQKÎLKQP‹ÎLKŒPKLÎLËŒMËÎLKÌM‹ÎLLŒP‹ÎLLKŒQB‚LÎLL‹ŒPËÎLLËŒNÎLMŒNKÎLMËŒLËLÎLNKÌÐPKÎLP‹ŒÑKÎLPËŒL‹ÎLQŒÑB‚LÎLQKŒMÎLŒKŒLKÎLŒËÐKÎLÑLÎLKÎKÎL‹ÍÌKÎLËÐ‹ÎLŽÐËB‚LÎLŽKÑKÎLKÍÌ‹ÎL‹ÍÍÎLËÍÌËLÎL‘QLKÎL‘‹QLËÎLÌKQL‹ÎLÍK‘‹B‚LÎLÎŽKÎLÎKŽKÎLÐKMQËÎLÑÐÌ‹LÎLÑKPPÌÎLÑ‹ÑLËÎMPPÌKÎMKPPÌ‹B‚LÎM‹ÑL‹ÎMÑ‘ŽÎMKÑ‘ËÎM‹PÑM‹LÎMËPÑNKÎMPÑNÎMKPÑMËÎMKÑ‘B‚LÎM‹Ñ‘‹ÎMËÑ‘KÎM‹‘NÎMLQMËLÎMLK‘PËÎML‹‘P‹ÎMLË‘PKÎMM‘M‹B‚LÎMMKQM‹ÎMM‹QPKÎMMËQQÎMPKQQKLÎMP‹‘MËÎMPË‘NKÎMQQPËÎMQKQP‹B‚LÎMQ‹QNKÎMŒQNÎMŒKÌ‹ÎMŒËÌLÎMËÎMKŒ‹ÎMË‘ÎMŽŒËB‚LÎMŽK‘KÎMK‘‹ÎM‹ÌKÎM‘Œ‘LÎMÌQKÎMÌ‹QÎMÌËQËÎMÍQ‹B‚LÎMÎKQ‹ÎMÐKŽL‹ÎMÐËQŒËÎMÑQKLÎMÑ‹ŽLËÎNKŽMÎN‹QÎNLÍKB‚LÎNKL‘ŽKÎN‹L‘KÎNQËÎNKQKLÎN‹Q‹ÎNLLÍËÎNL‹LÍ‹ÎNLËL‘‘KB‚LÎNML‘‘ÎNMKL‘ËÎNM‹L‘‹ÎNMËLÍLÎNNL‘ŽÎNPKMÐ‹ÎNP‹M‘ÎNPËMÑKB‚LÎPLMÑÎPLKMÐËÎPL‹MÑ‹ÎPMPPQKLÎPM‹‘‘ÎPMËÌMÎPNQŒÎPPKÌMKB‚LÎPP‹QQ‹ÎPPËŒQ‹ÎPQŒQKÎPQKÌMËLÎPŒŒMKÎPŒKÌÐP‹ÎPŒ‹LKÎPŒËÍPLKB‚LÎP‘ËÎP‹ŽËÎPËŽ‹ÎPŽÎPNLÎPŽKPÑPKÎPKPÑP‹ÎP‹ÌËÎP‘ŽM‹B‚LÎP‘KMQÎP‘‹NÌ‹ÎPÌNÌKÎPÌKNÌLÎPÍKÑMÎPÎPPÍÎPÎKPPÌËÎPÐ‹PÑQKB‚LÎPÑÑ‘KÎPÑKÑ‘‘ÎPÑ‹Ñ‘‹ÎQKPÑPËLÎQ‹PÑQÎQKÑ‘ŽKÎQ‹Ñ‘ËÎQQKB‚LÎQË‘ŒËÎQ‘KÎQK‘ÎQ‹QŒ‹LÎQL‘Q‹ÎQLËQŒÎQMQQ‹ÎQM‹QŒËB‚LÎQMËQŒKÎQNKQÎQPK‘Œ‹ÎQP‹‘QLÎQPË‘QKÎQQ‘ŒKÎQQK‘ŒÎQ‹Í‹B‚LÎQËÍËÎQŽÍKÎQKÍÎQ‹Œ‘KLÐLMÑÐL‹Q‹ÐLËQÐLQKB‚LÐLKMÐËÐLMÐKÐLKQËÐL‹MÐ‹LÐLËQKÐLMÎKÐLLKÐLLKQËB‚LÐLL‹QKÐLLËQ‘KÐLMŽPKÐLMKQËLÐLMËQ‹ÐLNQŽÐLNKQŽKÐLPKŽNB‚LÐLP‹ÐLPËŽMËÐLQKŽPËÐLQ‹ŽP‹LÐLŒŽNKÐLŒ‹Q‘ÐL‹LÍKÐLŽLÍB‚LÐL‹LÍÐL‘KQÐL‘‹LÍËÐLÌLÍ‹LÐLÌKQKÐLÍË‘QKÐLÎKM‘‹ÐLÐ‹‘Q‹B‚LÐLÐË‘P‹ÐLÑ‘QÐLÑ‹‘PKÐM‘PËLÐMPPQ‹ÐM‹‘ÌÐMËPPŒKÐMPPŒB‚LÐMKLÍKÐM‹‘Ì‹ÐMË‘ÌKÐM‘‘KLÐMK‘‘‹ÐMMQKÐMM‹QŒËÐMMËÌMKB‚LÐMNQÐMPKQ‹ÐMP‹QŒ‹ÐMPËQŒKLÐMQ‹ŒŒÐMŒÌPKÐMŒKÌNÐMŒ‹ÌNKB‚LÐMËŒM‹ÐMŽŒMËÐMŽKÌÐQÐM‹ÌÐPËLÐMËLËÐM‘MÐM‘KL‹ÐMÌ‘ŽB‚LÐMÌK‘ŽKÐMÍMQKÐMÍKÐMÐMÍ‹NÌËLÐMÎÑMKÐMÎKPPÍ‹ÐMÐKPPÍKÐMÐ‹ÑM‹B‚LÐMÑKÐMÑ‹PÑQ‹ÐNÑ‘‘KÐNKPÑŒLÐNQ‹ÐNK‘ŽÐN‹‘‹ÐNË‘ËB‚LÐNQËÐNK‘ËÐNK‘‹ÐN‹‘ŽKLÐNË‘KÐN‹ÎÐNLÐKÐNL‹Œ‘‹B‚LÐNMÎKÐNMKŒÌÐNM‹PL‹ÐNMËPLKLÐNNMÑKÐNNKQ‹ÐNQKÐNQ‹ŽQB‚LÐPLŽQKÐPL‹ËÐPLË‹ÐPNLÍKLÐPNKQ‹ÐPPKQKÐPP‹LÍ‹ÐPPËLÍËB‚LÐPQK‘ŒKÐPQ‹‘ŒÐPŒKPPKÐPŒ‹M‘ËLÐPŒËM‘KÐPM‘ÐPKPPÐP‹PPŒ‹B‚LÐPËPP‹ÐPŽPPŒËÐPK‘ÌËÐP‘KQËLÐP‘‹ÌM‹ÐPÌQŽÐPÌKQŽKÐPÍÌP‹B‚LÐPÍKÌPËÐPÍËÍÍKÐPÐKÍQKÐPÐ‹MQ‹LÐQKKÐQ‘‘ÐQKQŽÐQ‹ŒÐKB‚LÐQLŒÐŽKÐQLËPMÐQMQÐQMKPLËLÐQM‹QËÐQP‹KÐQQQËÐQQKLÍB‚LÐQQ‹QÐQ‹ÍÍ‹ÐQËMKÐQŽKMÐ‹LÐQKPPÍËÐQ‹ÑMËÐQ‘PÑŒ‹ÐQ‘‹PÑŒKB‚LÐŒ‹ÐŒKËÐŒÍÐŒKÍ‹LÐŒ‹QŽKÐŒÍÐŒKÍËÐŒKÍKB‚LÐŒKÍ‹ÐŒ‹ÍËÐŒL‘‘KÐŒLKQKLÐŒL‹ÍÐŒLËÍKÐŒN‘ËÐŒNKŒÍ‹B‚LÐŒPK‘ËÐŒP‹ŒÌËÐŒQ‘KÐŒQKŒÍËLÐŒŒŒÌKÐŒŒ‹‘ÐŒŒË‘ÐŒ‘KB‚LÐŒKÑKÐŒ‹ŒÍKÐŒŽŒÌ‹ÐŒK‘LÐŒ‹‘ËÐŒËŒÍÐŒ‘‘ÐŒ‘KŒÎB‚LÐŒ‘‹‘KÐŒÌÑ‹ÐŒÌK‘‹ÐŒÌ‹‘KLÐŒÌË‘‹ÐŒÍÑÐŒÍKÐ‹ÐŒÎ‘‹B‚LÐŒÐ‹Q‹ÐQMÐQLÐKQM‹LÐ‹PMËÐËÐËÐQLKÐKPMKB‚LÐKQKÐ‹PPËÐËQL‹ÐPP‹LÐKQLËÐ‹PQÐLPNÐLKPQKB‚LÐL‹PNKÐMPPKÐM‹PM‹ÐNQMKLÐŒŽŒKÐŒKLÐŒËLËÐËB‚LÐKËÐ‹‹ÐËŽŒËÐŽKKLÐ‘Ð‘KŽŒ‹ÐÌ‹ÐÌKKB‚LÐÌ‹‹ÐÌËÐÍKÐÍKQLKLÐÍ‹L‹ÐÍËŽQ‹ÐÎLKÐŽ‹LÍQB‚LÐŽQNÐŽKLÍNÐŽËQMËÐŽLÍKLÐŽKLÍLÐŽ‹QLÐŽËLÍMKÐŽLÍMB‚LÐŽKLÍMËÐŽ‹QMKÐŽLLÍL‹ÐŽLKLÍLKLÐŽMQMÐŽMKQ‹ÐŽM‹LÍLËÐŽMËQL‹B‚LÐŽNLÍNKÐŽNKLÍP‹ÐŽP‹LÍM‹ÐŽPËLÍ‹LÐŽQQLËÐL‘ŽKÐLKQKÐMLÍPËB‚LÐPËM‘KÐQ‘Œ‹ÐQ‹M‘‹ÐŒK‘ŒËLÐ‘KÐKM‘KÐËM‘‹ÐŽQM‹B‚LÐŽKM‘ËÐ‘KM‘ÐÌŽŒÐÌK‘ŽLÐÍ‘ÐÍ‹‘‹ÐÍË‘ËÐÎK‘Í‹B‚LÐÐKM‘ÐÐ‹M‘ËÐÐË‘KÐÑKM‘KLÐ‘PPÌÐ‘KPP‹Ð‘PPÍKÐ‘K‘ÍB‚LÐ‘KPP‘Ð‘‹‘ÎÐ‘ËPPÌËÐ‘PPKLÐ‘KPPËÐ‘‹PPÍ‹Ð‘LÌMLKÐ‘LK‘ÎKB‚LÐ‘L‹PPÌ‹Ð‘LËPPŽÐ‘M‘ÍËÐ‘MKPPËLÐ‘M‹‘Ð‹Ð‘MËPPŽKÐ‘NPP‘KÐ‘NK‘ÐKB‚LÐ‘PKPPÌKÐ‘P‹PPÍÐ‘ŒQÐ‹Ð‘ŒKQÐËLÐ‘Œ‹QËÐ‘ŒËQÌËÐ‘QÌKÐ‘ËÌM‹B‚LÐ‘ŽQÎÐ‘ŽKPP‘‹Ð‘‹Q‘‹Ð‘‘QÎKLÐ‘‘KÌMKÐ‘‘‹Q‘KÐÌQ‘ÐÌKQÍËB‚LÐÌ‹QÍÐÌËQÍ‹ÐÌKQKÐÌ‹QÐKLÐÌËÌMËÐÌKQÍKÐÌKQÑKÐÌ‹QÌ‹B‚LÐÌËÌMLÐÌÌMÐÌKQÌÐÌ‹Q‹LÐÌLQÑÐÌLK‘ÍKÐÌNKŒŒËÐÌPËŒŒKB‚LÐÌQŒËÐÌQKÌŒÐÌQ‹ŒKÐÌŒŒLÐÌŒKÌŒ‹ÐÌŒ‹ŒKÐÌŒËÌŒKÐÌKŒ‹B‚LÐÌ‹ŒŽÐÌËÌQKÐÌŽŒŽKÐÌŽKŒŒ‹LÐÌKÌQ‹ÐÌ‹ÌQÐÌËŒP‹ÐÌ‘Œ‹B‚LÐÌÌŒËÐÌÌËŒNÐÌÍËÌÐŒ‹ÐÌÎÌÐŒLÐÌÎKŒPKÐÌÐ‹ŒPËÐÌÐËŒNKÐÌÑÌÐŒKB‚LÐÌÑKÌÐQKÐÌÑ‹ÌÐQ‹ÐÍÌÐŒËÐÍËÍÎLÐÍKPKÐÍËNKÐÍMËÐÍKM‹B‚LÐÍKNÐÍËÍÍËÐÍÍÎKÐÍLÍŒLÐÍLËQMKÐÍMQMÐÍMË‘KÐÍNK‘ËB‚LÐÍPK‘‘KÐÍP‹‘‘ÐÍPË‘‹ÐÍQ‹ÍPLËLÐÍŒÍPL‹ÐÍŒËÍQËÐÍÍQ‹ÐÍKÍQB‚LÐÍ‹ÑQÐÍËÑPËÐÍŽKŽ‹ÐÍKŽŽLÐÍ‹ŽËÐÍËÍNÐÍ‘KÍNKÐÍ‘‹ŽM‘B‚LÐÍÌ‹ÍÑKÐÍÌËMÐËÐÍÍKÑNÐÍÎKLÐÍÎK‹ÐÍÐKÐÍÑPÑŒËÐÍÑ‹ËB‚LÐÎÐÎKKÐÎÍKÐÎKÍ‹LÐÎÍÐÎKQ‹ÐÎKÍ‹ÐÎËÍËB‚LÐÎÍKÐÎLKÍKÐÎL‹ŒÎKÐÎM‘KLÐÎMKŒÐ‹ÐÎM‹‘LÐÎMËŒÐKÐÎN‘‹B‚LÐÎQKQNÐÎQ‹PQ‹ÐÐLKQPKÐÐL‹QMËLÐÐLË‘LKÐÐMKPŒÐÐMËŽQ‹ÐÐNQNKB‚LÐÐQ‹M‹ÐÐŒKŽÐÐŒ‹MÐÐŒËŽKLÐÐMKÐÐKŽ‹ÐÐŽKQNKÐÐKLÍŒKB‚LÐÐ‹LÍQKÐÐËLÍŒÐÐ‘QPKÐÐ‘KQP‹LÐÐ‘‹LÍQ‹ÐÐÍKM‘‹ÐÐÎM‘LÐÐÐK‘‹B‚LÐÐÐ‹M‘L‹ÐÐÐËM‘LKÐÐÑKLŒKÐÑPPÐKLÐÑKPPÐ‹ÐÑ‹PPÍËÐÑPPÎÐÑK‘ÐËB‚LÐÑ‹‘ÑÐÑËPPÎKÐÑKÌMMËÐÑËÌMLËLÐÑÌMNÐÑKÌMMÐÑ‹ÌMM‹ÐÑLÌML‹B‚LÐÑL‹ÌMMKÐÑMËÌŒËÐÑNQÑ‹ÐÑPKŒQKLÐÑPËŒQÐÑQKP‹ÐÑQ‹ÍÐKÐÑŒÍÐ‹B‚LÐÑŒKÍKÐÑŒ‹QM‹ÐÑÍÐÑ‹Ž‘LÐÑËŽPMÐÑŽMÑÐÑ‹NÍÐÑ‘ÑNKB‚LÐÑ‘KPPÎÑPÑ‹ÑKËÑ‹PÑLÑËKÑPÑŽKÑKPÑKÑ‹PÑKB‚LÑËPÑŽÑ‹ÑKPÑËÑKQ‘‹LÑ‹Q‘KÑËÍPKÑQÍËÑKÍLËB‚LÑ‹ÍNKÑLQÌËÑLKÍL‹ÑL‹ÍNLÑLËÍM‹ÑMQÌ‹ÑMKQÍÑM‹ÍMKB‚LÑMËQ‘ÑNÍMÑNKQÎÑPKQÍKLÑP‹QÎKÑPËQÍ‹ÑQÍLKÑQKÍLB‚LÑQ‹ÍMËÑŒQÌÑŒKQËÑŒ‹QÌKLÑŽ‘ŒÑŽK‘NKÑ‹PKÑË‘NB‚LÑ‘KŒÑ‹Ñ‘‹Œ‘‹ÑÌŒ‘ËÑÌKŒ‘KLÑÌ‹Œ‘ÑÌËŒ‘ÑÍK‘L‹ÑÍ‹‘MKB‚LÑÎ‘MÑÎKŒ‘ÑÐK‘M‹ÑÐ‹‘Q‹LÑÐËŒ‘KÑÑ‘LËÑÑK‘PËÑÑ‹‘QB‚LÑŒ‘‹ÑK‘PKÑ‹Œ‘ËÑËŒÑLÑŒ‘KÑK‘MËÑ‹ŒÐËÑË‘P‹B‚LÑK‘QKÑKQ‹Ñ‹QŒ‹ÑLPŒ‹LÑLKQŽKÑL‹Q‹ÑLËQQKÑMQËB‚LÑMKPÑM‹QQ‹ÑNQP‹ÑP‹ŽËLÑPËQÑQKPŒKÑQ‹QKÑŒKPŽB‚LÑŒ‹PKÑŒËQQÑ‹PŽKÑËQŒLÑŽPŒËÑŽKQŽÑKQŒKÑ‹QKB‚LÑ‘QŒËÑ‘KP‹Ñ‘‹QPËÑÌP‹LÑÌKŒÑKÑÌ‹PËÑÌËPËÑÎKŽŽB‚LÑÐKQÑÐ‹Q‹ÑÐËŒKÑÑKLÑÑ‹P‹ÑNKÑKŽKÑËŒB‚LÑÑKPËÑ‹NÑMËLÑËŒ‹ÑPKÑKQKÑ‹Ž‹B‚LÑLKŽŽKÑL‹‹ÑLËŽËÑMŒËLÑM‹LÍÌ‹ÑPËQQKÑQLÍKÑQK‘ÎB‚LÑQ‹LÍÍÑLQŒKÑLKLÍÎÑL‹QËLÑLËLÍKÑM‹LÍÍKÑMËLÍŒ‹ÑNKLÍÍËB‚LÑPKLÍ‹ÑPËQ‘KÑQQ‹ÑQKLÍÍ‹LÑQ‹LÍÌÑŒQQÑŒKQKÑŒ‹QB‚LÑQŒËÑKQŽKÑËLÍŒËÑŽQKLÑŽKLÍÌKÑKQ‹Ñ‹QPËÑËLÍÌËB‚LÑ‘QQ‹Ñ‘KQŒÑ‘‹QŽÑÌLÍŽLÑÌKLÍËÑÌ‹LÍÑÍLÍËÑÍKLÍŽKB‚LÑÍ‹LÍ‘ÑÍËQ‘ÑÎKLÍÎKÑÐKQŒ‹LÑÐ‹LÍ‘KÑÐËLÍ‘‹ÑÑKLÍ‹Ñ‹QËB‚LÑËM‘MËÑ‘ÌÑK‘ÎKÑK‘ÍKLÑ‹M‘MÑ‘Ì‹ÑK‘Í‹Ñ‹M‘ŒB‚LÑL‘ËÑLKM‘NÑLË‘ÍÑM‹M‘P‹LÑMËM‘M‹ÑN‘ÌËÑNK‘ÍËÑPKM‘MKB‚LÑPË‘ÌKÑQKM‘Q‹ÑQ‹‘‘KÑŒM‘QKLÑŒKM‘QÑŒ‹‘ÐKÑŒËMMÌ‹Ñ‘‘B‚LÑ‹M‘PËÑËM‘LËÑŽK‘Ð‹ÑKM‘PKLÑ‹‘‘‹ÑLËM‘NKÑL‘L‹ÑLK‘MËB‚LÑLK‘ÑKÑL‹PQÑLËPPÑ‹ÑLPQ‹LÑLKPQËÑL‹PQKÑLL‘NÑLLK‘LKB‚LÑLL‹PPÐËÑLLËPQ‹ÑLMPQËÑLMKPQKLÑLM‹PQKÑLMËPPÑKÑLPKPQ‹ÑLP‹‘LËB‚LÑLPËPQÑLQ‘M‹ÑLQK‘MKÑLQ‹PQLÑLŒPQKÑLŒKPPÑÑLŒ‹PQËÑLŒË‘MB‚LÑLPQKÑLKPQÑLŽKQKÑLKQ‹LÑL‹ÌMQ‹ÑL‘QÑL‘KÌMNKÑL‘‹ÌMŽKB‚LÑLÌQËÑLÌKÌMŒKÑLÌ‹ÌMQÑLÌËQËLÑLÍÌMÑLÍKÌMËÑLÍ‹QKÑLÍËÌMPËB‚LÑLÎQKÑLÎKÌMKÑLÐKQLÑLÐ‹QLÑLÐËQKÑLÑÌMŒÑLÑKÌMPKÑLÑ‹ÌMŽB‚LÑMQÑMKÌMŒËÑM‹Q‹ÑMËÌMQKLÑMQ‹ÑMKÌMŒ‹ÑM‹ÌMP‹ÑMËQKB‚LÑMÌM‹ÑMKQËÑMËQ‹ÑMLŒ‘KLÑMLKŒÍÑML‹ÌŽKÑMLËŒÍËÑMMÌB‚LÑMMKÌKÑMM‹Œ‘‹ÑMMËŒÍ‹ÑMNŒÌKLÑMNKÌKÑMPKÌËÑMPËŒ‘ÑMQKÌ‹B‚LÑMQ‹ŒÌËÑMŒŒÍKÑMŒKÌŽÑMŒ‹ŒÌ‹LÑMŒËŒÌÑMŽŒŽÑMŽKÌÐËÑMKÌÐŽB‚LÑM‹ÌÐÑM‘ÌÐKÑM‘‹ŒÑMÌŒŒ‹LÑMÌ‹Œ‹ÑMÌËÌÐKÑMÍŒËÑMÍKŒŒB‚LÑMÍ‹ŒQ‹ÑMÍËŒŒËÑMÎŒŒKÑMÎKÌÐ‹LÑMÐKŒKÑMÐ‹PËÑMÐËÍÑKÑMÑÍÑB‚LÑMÑKQÑNQ‹ÑNKQKÑN‹ÍLKLÑN‹QP‹ÑNËQNÑNQNKÑNKQMËB‚LÑN‹QPKÑNËÍŒ‹ÑNQPËÑN‹ÍŒKLÑNLKÍ‹ÑNLËÍQKÑNMÍQËÑNMKÑQKB‚LÑNM‹ÍQ‹ÑNMËŽŽKÑNNŽMÑNNKŽM‹LÑNPKŽ‘KÑNP‹ŽMKÑNPËÍËÑŒÍ‹MÑKB‚LÑŒÎPÑ‹ÑŒÎK‘‹ÑŒÐKQÐKÑŒÑŒ‘KLÑŒÑKQËÑŒÑ‹Q‘ÑËPQ‹ÑÌMKB‚LÑKQLKÑÌ‹ÑKŒKÑ‹ŒŽKLÑËÍL‹ÑQQÑ‹ÍËÑLÍQŽB‚LÑLKÐMKÑMPPÎKÑMKNÍKÑNLÑP‹ÍŒÑPËÍP‹ÑQÍQ‹ÑQKÍQB‚LÑQ‹QÐ‹ÑŒÍQKÑŒKÍPËÑŒË‘ŒKLÑKQ‘KÑ‹ÑËŽKÑŽKB‚LÑŽKŽ‘KÑKŽ‘‹Ñ‹ŽÑË‹LÑ‘ËÑ‘KŽ‘ÑÌÑÌ‹ŽÌB‚LÑÌËLÍÐKÑÍK‘ÐËÑÍ‹M‘ŒKÑÍË‘ÑLÑÎK‘NKÑÐKPQL‹ÑÐ‹PQLÑÐËPQLKB‚LÑÑQMÑÑKQLËÑÑ‹QL‹ÑŽËŒ‹LÑŽKÌÐŽKÑŽ‹ŒËÑŽËÍÑŽÍQŽKB‚LÑŽKŽKÑŽKMÑ‹ÑŽ‹PPÐ‹ÑŽËPPÐKLÑŽ‹ÑŽKPÑËÑŽLKKÑŽL‹ÍŒ‹B‚LÑŽMQÐËÑŽMK‘Œ‹ÑŽM‹ÍŒKÑŽPKŒ‘ËLÑŽP‹‘KÑŽPË‘ŒËÑŽQ‘ÑŽQKŒ‘‹B‚LÑL‹ÑLKËÑL‹KÑMŽÌËLÑMK‘ÑM‹ËÑMË‘KÑNŽÌ‹B‚LÑNKŽÌKÑPËM‘Œ‹ÑQM‘ÑQ‹‘ÑKLÑŒM‘ŒËÑŒKPQLËÑŒ‹‘PKÑŒËŒÎKB‚LÑKŒÎÑ‹ÌÐ‹ÑËŒ‘ÑŽÌÐ‘LÑŽKÌÐËÑKŒÑ‹QQKÑËÍŒËB‚LÑ‘M‘Ñ‘KLÑ‘‹PÑ‘ÑÌÍKLÑÌKQÑKÑÌ‹ÍÑÌËÍŒËÑÍKQÑB‚LÑÍË‘‹ÑÎK‘‘ÑÐK‘‹ÑÐ‹‘ËLÑÐËŒ‘ÑÑ‘ŽÑÑKŒ‘KÑÑ‹‘ËB‚LÑ‘‘ŽKÑ‘K‘KÑ‘‹Œ‘‹Ñ‘P‘KLÑ‘KP‘‹Ñ‘ËÑ‘‹‘‹Ñ‘ËÌB‚LÑ‘KLÍÑKÑ‘‹ËÑ‘LKÑ‘LK‹LÑ‘L‹LÍÐ‹Ñ‘LËLÍÐËÑ‘MKLÍÑÑ‘M‹M‘ŽKB‚LÑ‘NM‘KÑ‘NK‘LKÑ‘PKM‘ËÑ‘P‹M‘‹LÑ‘PËM‘ŽÑ‘QM‘KÑ‘QK‘QÑ‘Q‹PQMB‚LÑ‘Œ‘P‹Ñ‘ŒK‘PËÑ‘Œ‹QM‹Ñ‘ŒËÌM‹LÑ‘QMKÑ‘KQNÑ‘ËŒÐKÑ‘ŽŒÐ‹B‚LÑ‘ŽKÌËÑ‘‹Ì‘Ñ‘ËÌMËÑ‘‘Œ‘KLÑ‘‘KŒ‘‹Ñ‘‘‹ŒKÍLËKM‘KB‚LËM‘‹PÑ‘KKPPÐË‹QÑ‹LËLK‹PÌËM‘ËQKB‚LKL‹‹LËLQLKQ‹LL‹M‘MMMKQ‘KM‹Í‹B‚LMËQ‘ËNQ‘NKQ‘‹P‹ÍKLPËŒ‘LQKÍQ‹‘‘KŒKÌKB‚LLÐLK‹‘L‹Ž‘QKŽKPQM‹LKPQMKËQMËÌQQ‹ÌËM‘KB‚LÍÐÌËÍKÑPKÍ‹QËÍËMKLÎKÍŽÑQ‘ÑKÍËÑ‹Q‘KB‚LËÍË‹Œ‘L‹ËÍ‹ÍLKŒ‘LK‹‹LËLKKB‚LL‹PÌKM‹ŽÍNŽÍKPKKLPËLÐLËQLÐL‹QKM‘‹B‚LËM‘ËËPQMË‘‹ÌMÌÌÌM‘‹LÌKÌM‘Ì‹ÌM‘KÌËÌMÌKÍKŒÐËB‚LÍ‹Ì‘‹ÍËÌ‘KÎŒÌÎKŒ‹LÑÍPMKÑKÍPMÑ‹M‘‹‹Q‹B‚LŽÍËKPÌ‹‹ŽÍ‹Ë‹LKM‘ËKÎPNK‹M‘ËM‘KB‚L‹ÑP‹LÐÍ‹L‹ÐÍËLËNÍËLMKÐÍM‹NÍ‹NNÎKNKÐÍKB‚LPKNÐ‹P‹NÐKPËÐÎQNÎLLKPQKL‹PPÑ‹LËÑQMKPPÑKB‚LNKPQËPKPQKP‹PQ‹QÑŒLQKÑPËQ‹PQ‹ŒKPQŒ‹NÐËB‚LPQKÑQ‹ŽÑQKKPPÑLÌ‹P‹ÌËQËÍQÍKQB‚LÍËMËÎPKÎKŒËÐKŒKLÐËQKÑËÑKQËÑ‹B‚LPËKNKKKŒ‹L‹QËKM‹KQ‹B‚LKQ‹‹Q‹ËŒQ‹LKQLNLKQKLËQKB‚LMQKMKQKM‹‹QQ‘KLQ‹Q‘LËŒQ‘ŒKQ‘‹Œ‹ÍKB‚LŒËQ‘KQ‘‹KÍËŽQ‘LŽKÍ‹KÍŽK‹Í‘KËQ‘L‹B‚L‘Q‘L‘KLÍ‘‹LKÍ‘LL‹Q‘ËLKQ‘KL‹Q‘ËLQ‘‹B‚LLKQ‘LKLMKÍKLM‹Œ‘MLNÍKLLNKÍËLP‹ÍLQÍLLQKÍËB‚LLQ‹ÍKLŒKÍLŒ‹ÍLKLŒËŒ‘MKLLŒ‘NKLKÍ‹LËÍ‹LŽKŒ‘MËB‚LL‹Œ‘M‹LËÍ‹L‘ÍKL‘‹Œ‘LËLLÌŒ‘NLÎKPÎLÐKLKLÑ‹B‚LLÑKPÐKMËKMLKM‹PÎKLMËKMK‹M‹PÍKMËPÐ‹B‚LMLMKPÍËM‹MLËLMLKPÍ‹ML‹ËMLËPÐËMMPÍB‚LMMKPÌËMP‹ÍËMPËÍKMQKÐ‹LMŒÌËMŒKL‹MŒ‹ÎMÌ‹B‚LMKŽÐ‹M‹ŽLËMËÑMŽKÍ‹LM‹ŽÑKM‘KŽÐËM‘‹ÑKMÌŽÎKB‚LMÌKŽÎMÌ‹ÎKMÌËŽÑMÍPÑLMÍ‹ÐËMÍËÍMÎŽÐKMÎKŽLKB‚LMÐKŽL‹MÑ‹ËNN‹LNËLÐM‹N‹LÐMKNËLÐMËNKB‚LNKLÐMNK‹N‹LÐPKNËLÐNKLNLÐNN‹KNMKMÍKNMËMÍB‚LNN‘NNNKMÍËNPK‘MËNP‹‘LËLNPË‘MNQ‘MKNQKMÍNQ‹M‘‘KB‚LPL‘M‹PL‹MÍ‹PLËM‘‘PM‹PQNKLPMËPQŒËPN‘ŒKPNK‘ŒPP‹PQQB‚LPPËPQQ‹PQKPQPKPŒPQQKPŒKPQNLPŒ‹PQŒKPŒË‘Q‹PPQŒPKPQPËB‚LPËPQŒ‹PŽKPQP‹PKÌMÍP‹QNLPËQQKP‘ÌMÎP‘KÌMÐKP‘‹ÌMÍËB‚LPÌÌMÍ‹PÌ‹ÌMÍKPÌËÌMÌËPÍQNKLPÍKQPËPÍ‹ÌMÌ‹PÍËQQPÎKÌMÎKB‚LPÐKQP‹PÐËQPKPÑÌÌPÑ‹ÌÌKLQŒLKQKŒÑQ‹ŒÑKQKŒÌ‹B‚LQËŒÌKQÌÐ‘KQKQKÍMLQ‹ŒËQQŒQKÍKQ‹ÍPM‹B‚LQLŽMËQLKŽMQL‹ÍQQLËM‘KLQMKPQËQM‹L‹QMËKQNÌMÐ‹B‚LQNKQQ‹QPKM‘‹QPËQ‘MKQQQ‘MLQQKLËQŒ‹PQQŒËM‘ËQQLB‚LQËMQŽMKQŽKM‹QK‹LQ‹‘Œ‹QËM‘Q‘KPQQ‘‹ŽB‚LŒQ‘M‹ŒKÍÌŒ‹Œ‘PKŒMËLŒKŽMŒËLŒ‘ŒËŒKÌMÐËB‚LŒKÌÌ‹Œ‹KŒËM‘KŒPQKLŒLQ‘MËŒLKÍL‹ŒL‹PÑKŒMLKB‚LŒMKLÐP‹ŒM‹MÍKŒP‹M‘‹ŒPËPÑ‹LŒQLËŒQKL‹ŒQ‹M‘LŒŒÑŒKB‚LŒŒKŽKŒŒ‹QLKŒKÍÌ‹ŒŽQ‘PKLŒKQ‘NŒ‹Q‘NKŒËQ‘P‹Œ‘‹ÍÌKB‚LŒÌ‹ÍMËŒÌËÍMŒÍÍM‹ŒÍKŒ‘P‹LŒÍ‹Œ‘QŒÍËŒ‘PËŒÎÍLËŒÎKŒ‘QKB‚LŒÐKÍMKŒÐËNŒÑNKŒÑ‹PKLM‹‹MËMKKNB‚LËŽMKKM‹LËKMÍKL‹MÍ‹LMÍKLKMÍ‹L‹MÍB‚LLËMÍËMKPQKM‹PQ‹MËPQËLN‘NK‘KPKQŒKP‹QŒB‚LPËQŒ‹QKŒLËQ‹ŒL‹ŒKŒÍLŒËŒÍKŒÌË‹ÍMKŽ‹B‚LŽKË‹Í‹ËÑQ‹‘Ž‹L‘KM‘LK‘‹NÑÌKÌMÑÌ‹M‘L‹B‚LÍÍNÍKP‹ÍËÍKÎÐMKLÐËÐM‹ÑÐMÑKM‘LËÑ‹ÐMKB‚LŽÐMËŽËÐL‹ŽÐLËŽKÐÐ‹LŽKÐLKŽ‹NLKŽNL‹ŽKÐÐËB‚LŽ‹ÐÐKŽLÐÎKŽLKÐÑŽL‹NÑKLŽLËÐÑKŽMKŽNÑ‹ŽNKPQËB‚LŽPKÑKŽP‹ÑËŽQPQ‹ŽQKÑËLŽQ‹PQ‹LÑŒ‹LKÑÌL‹ÑÍ‹B‚LLËPQM‹MÑÌËMKPQLËMËÑŽKLNÑ‘‹NKÑÌKP‹ÑPËPQL‹B‚LQPQQKÑKQ‹PQMŒPQMËLŒKPQLKŒËPQKÑ‘KKÑŽB‚L‹ÑÍKËPQNKŽPQMKŽKPQLLKÑ‘‹Q‘PËËÑ‹‘PQKB‚L‘KPQNÌÑŒËÌ‹ÑÌ‹ÌËÑÍL‘KQŒ‹‘‹QPË‘ËQ‘QŒKB‚L‘KÌK‘‹Í‘ËQQ‘K‹L‘‹QM‹‘ËQŒ‘KQŒË‘‹QKB‚L‘LL‹‘LKÍË‘LËQMK‘MLKL‘MKQNK‘M‹QMË‘MËQL‹‘N‘‹B‚L‘PKÑK‘P‹ÌË‘PËÍ‹‘QMKL‘Q‹Q‹‘ŒÑ‘ŒKQQK‘Œ‹ÎB‚L‘ŒËM‘ÍK‘KÎK‘‹ÐËL‘ŽK‘‘KLË‘‹Ð‹‘‘KËB‚LÌÌÌKQQ‹Ì‹QPKÌËQLËLÌQNÌKQMÌ‹QËÌË‘KB‚LÌÐMKÌKQP‹ÌËÐKÌÑMKLÌM‹ÐNÌMËQ‘KÌNKÍÍ‹ÌP‹ÐLËB‚LÌPËÍÑÌQKÐŒ‹ÌŒÐPKÌŒ‹ÍÑKLÌÐNKÌKÍÎÌ‹ÍÐËÌËÐKB‚LÌŽQ‘‘ÌŽKÐQÌKÐMÌ‹Q‘QLÌËÐŒËÌ‘ÍÍÌ‘‹ÐPËÌÌKQ‘ËB‚LÌÌ‹Q‘ËÌÌËÍÌËÌÍQ‘KÌÍKQ‘LÌÍ‹Q‘ŽKÌÍËÐP‹ÌÎQ‘ŒKÌÎKQ‘ŽB‚LÌÐKÌ‹ÌÐ‹PËÌÐËÐM‹ÌÑ‹ÍÐKLÍQ‘‹ÍKÍÐ‹Í‹ÐLKÍËQ‘‘KB‚LÍÍÍKÍKÐQ‹ÍËÐQKÍÐ‹LÍKQ‘ŒËÍKQ‘ŒÍ‹ÐÍËÐŒB‚LÍÐMËÍKÐL‹Í‹Q‘‹ÍLQ‘Œ‹LÍLKÍÍËÍL‹Q‘QKÍLËÐŒKÍMQ‘Q‹B‚LÍM‹ÍÎKÍÌËÍQKÍÍÍŒÍÍKÍKLÍÍ‹ÍÎKÍÍËŒ‘ËÍÎŒ‘Œ‹ÍÐKÍQB‚LÍÐ‹Œ‘‘ÍÐËŒ‘‘KÍÑÍŽÍÑKÍ‘‹LÍÑ‹ÍÍKÎKÍŒ‹ÎËÍŽKÎ‹ŒÍB‚LÎËÍÍËÎÍÌ‹ÎKŒ‘KÎKŒ‘ŽLÎ‹Í‘KÎËÍKÎÍPËÎKŒ‘Q‹B‚LÎ‹ÍŒKÎLÍNKÎL‹Œ‘ËÎLËŒ‘ŽKLÎMÍ‹ÎMKÍŒËÎM‹Œ‘ÎMËÍÌËB‚LÎNŒ‘ŒKÎNKÍÎPKÍÐKÎP‹ÍËLÎQÍ‹ÎQKŒ‘ŒÐLŒ‘‹ÐL‹Œ‘ŒËB‚LÐLËÍPKÐMÍQ‹ÐMKÍÌÐM‹ÍÍ‹LÐMËŒÍKÐNÍP‹ÐNKÍËÐPKÍ‘B‚LÐP‹Œ‘‹ÐQKÍÎÐQ‹ÍÌKÐŒÍÍLÐ‘Œ‘KÐ‘‹ËÐÌŒÐÌKQËB‚LÐÌ‹ÑÐÌËMËÐÍPKÐÍKQKLÐÍ‹ŽÐÍËLËÐÎŽKÐÎKÍËB‚LÐÐKQL‹ÐÐ‹ÌËÐÐËQ‹ÐÑKÍLÐÑ‹QÑKMÑQNÑKLKB‚LÑ‹ÍKÑËPËÑÌÑKÎLÑ‹Q‹ÑËQM‹Ñ‘KÑKÐKB‚LÑ‹QNKÑLQÑLKÌ‹ÑL‹QLÑLË‹ÑMÑMK‘‹ÑMËŒËB‚LÑNŒKÑNKQÑPKMKÑP‹KLÑPËNÑQKNKÑQ‹QÑŒQB‚LÑŒKQKÑŒ‹QLKÑŒËÑKÑQKLÑKÍ‹Ñ‹‹ÑŽQ‹ÑŽKQKB‚LÑKL‹Ñ‹P‹ÑËKÑ‘QLLÑ‘KŒÑ‘‹ÌKK‘ËQKB‚LQMK‹ÐËËQMËKÎLKQË‹Q‹ËQKQËB‚LKQM‹ÎKLËLKÐ‹LL‹Œ‹LËM‹P‹QKŒËQ‹B‚LŽKÍË‹‘ËŽMK‘ÐËL‘‹ÐKÌKÌKŽNKÌ‹ÍKB‚LÌË‘KÍÌKÍKŽŒKÍ‹‘LÍË‘‹ÎQLËÎKÑ‹ÐKÌB‚LÐ‹‘‹ÐËŽŒÑŽNÑ‹PKLŒ‹‹Ð‹ËÌË‘ËB‚LKÍ‹‹Ž‹Ë‘ËKŽQL‹ÎKË‘K‹K‘B‚LL‘LKLKŒKL‹‘‹M‘‹LM‹P‹MËQ‹NKŽKPKŽB‚LP‹ŽQ‹QËQK‘KQ‹ÑLŒ‘KŒKŽŒ‹ŒËŽŒËKŒB‚L‹ŽP‹ËŽ‘KŽKŽL‹ŽPËËŽQK‘ŽK‘K‘LB‚L‘‹‘ËÌÑKÌË‹ÍKLÍKŽPKÍ‹PËÍËŽMËÎÍB‚LÎKQÐKÌ‹ÑËÑK‘‹L‹ŽM‹‹ŒËQ‹K‘KB‚L‹QKLŒLKLÑËMLÐÌ‹LMËLÐPËNLÐÐKNKNPKLÐ‹B‚LP‹LÐÍKPËP‹QLÐ‘KQKNKLQ‹LÐQ‹LLÐÑLKLÐQKL‹LÐÌKB‚LMLÐQMËLÐ‘‹NLÐÎNKLÐÍ‹LPKLÐKP‹LÐKPËLÐŒËQKLÐB‚LQ‹LÐÍËŒLÑ‹ŒKLÐËŒ‹PKLLÐË‹LÐÐ‹ŽQŽKLÐ‹B‚LKLÐŒ‹LÐÌËŒK‘‹MKLÌQKÌKLÐŽÌ‹LÐŒ‹ÍMËB‚LÍK‘Í‹M‹ÍËLÐÌËÎKMLÐKŒËÐ‹PËÐËLÐÍÑLÐŽKB‚LÑKLÐŒKÑ‹LÐÐËLÐ‘KŒ‹L‹LÑËQ‹LÐÑ‹‹LÐÎKB‚LËLÐÑK‹LÑKMËMÍÌËNMÍÍLNKMÍËPKMÍ‹P‹MÍŒ‹PË‘B‚LQK‘PËQ‹MÍÍ‹ŒMÍÍKŒKNKLŒ‹MÍQ‹ŒËMÍŒËMÍQ‹MÍÌB‚LËMÍŒKŽKMÍÍËKMÍPK‹MÍNLËMÍ‘MÍ‘K‘KMÍŽK‘‹‘‹B‚LLMÍ‹L‹MÍ‘L‹‘ËLË‘LLMÍP‹LKMÍL‹LKMÍMKL‹MÍÐ‹B‚LLËMÍPËLMÍLËLKMÍLKL‹MÍKLLLK‘ŒLL‹MÍKLLË‘Q‹LM‘ŒËB‚LLMKMÍŒLM‹MÍŽLMË‘NKLNMÍÎLLNKMÍÐËLPK‘P‹LPËMÍMËLQMÍ‹B‚LLQKMÍ‘‹LQ‹MÍMLŒMÍÎKLŒK‘Œ‹LLŒË‘ŒKLMÍËLK‘KL‹MÍÌ‹B‚LLËMÍM‹LŽMÍKLŽKMÍLLKMÍQKLL‹MÍNKLË‘QL‘‘QKL‘KMÍËB‚LL‘‹MÍÑLÌMÍÐKLÌKMÍÌKLÐ‹MÍLLÑ‘PKLÑKPKMPMKPËB‚LMË‘‹MPKMKPQŽKM‹PKLMËPËM‘ŽMK‘ËMK‘‹B‚LMPQ‹MKPËMLKP‹MLËPQËLMMPMKMMKP‹MM‹PQŽMMËQM‹B‚LMNPQ‘KMNK‘ËMP‹PKMQPMLMQK‘‘‹MŒPLKMŒKPQ‘MŒ‹PB‚LMŒËPMP‹MKPM‹M‹PLËLMËPLMŽ‘ŽKMŽK‘KMK‘‘KB‚LM‹PQKMËPMËM‘‘‘M‘KPLMÌKP‹MÍKPKMÍ‹QMLËMÍËQMB‚LMÎQMKMÎKQML‹MÐKQMMÐ‹Q‹LMÐËQMKMÑKÌPL‹NQNKQMB‚LN‹QM‹NËQŒËNÌPLKNKQMLKLN‹QMKNËÌPNNQMLNKQM‹B‚LNKÌPPKN‹QŽKNËPL‹NQMKLNKQMËN‹QKNLQMMKNLKÌPMB‚LNMÌPMKNMKQËNM‹QMNNQMMLNNKQM‹NPKQ‘NP‹ÌPMËNPËÌPLËB‚LNQQMËNQKQ‘KNQ‹QMM‹PLQŽLPLKQMËPL‹QMKPLËQKPMQËB‚LPM‹ÌÐ‹PMËQ‹PNÌPNKPNKÌÍLPPKÌMÑKPQ‹ÌPM‹PŒÌÎPŒKŒŒËB‚LPŒËŒNKPŒMPKŒPKP‹ŒLPËŒŽPŽŒËPŽKÌÐKPKÌÎKB‚LP‘ŒP‹P‘KŒŽKP‘‹ŒQKPÌŒM‹LPÌ‹ŒNPÌËŒMËPÍŒQPÍKŒŒ‹B‚LPÍ‹ŒMKPÍËŒPËPÎŒŒKPÎKÌÍËLPÐ‹ŒQ‹PÑÌÍKPÑKŒŒPÑ‹ÌÌËB‚LQÌÍ‹QKŒ‘KQ‹ŒKQKÌÐÌ‹LQËŒÑQŒ‘KQKŒÎKQKŒÐËB‚LQËŒ‘QÌÐÌQKŒ‘KQ‹Œ‘‹LQLKŒÐKQL‹Œ‘KQLËŒ‘ËQMÌÐÌËB‚LQMKÌÐÍQM‹Œ‘ËQNŒÐ‹QNKÌÐ‘‹LQPKÌÐÌKQP‹ŒÍ‹QPËŒÑKQQŒÎB‚LQQ‹Œ‘QŒŒ‘‹QŒKŒÍËQŒ‹ŒÑ‹LQ‹‘KQËÌÐÍKQŽŒ‘QŽKÍMËB‚LQKÍNKQ‹ÍM‹Q‘ÌËQ‘K‹LQ‘‹ŽKŒ‘ŒKKŒ‘‹B‚LŒKÌKŒ‹ÍPKŒËÍPËŒKÌLŒKÍQŒ‹ÍP‹ŒËÌ‹ŒLKÍNB‚LŒMËÍŒNQŒKŒNKQËŒPKÍ‹LŒP‹ËŒPËQ‹ŒQKQ‘ŒQ‹QB‚LŒŒQ‹ŒŒKQKŒŒ‹ŽŒŒËQKLŒŒ‹ŒKQ‘KŒ‹QŒËŒËQŽB‚LŒŽKQËŒKQŒ‹ŒËÍKŒ‘ÍKLŒ‘KQŽKŒÌKÑŒÌ‹Í‹ŒÌËÍKB‚LŒÍÍËŒÍKÍŒÍ‹ÍËŒÎÍQKLŒÎKÑŒ‹ŒÐKÑŒŒÐ‹ÑKŒÐËÑŒËB‚LŒÑKÑ‹ŒÑ‹ÍQKÑŒKËŽËL‹ŽMKËŽM‹ŽMË‹ŽPÍËB‚LËŽP‘ÐM‹KPQPKLQŽLL‹ÐŽLËÐËMŒMKŒÍ‹B‚LM‹ÍÐËNKÍÐ‹P‹QPKPËŽŽLQKŽËQ‹ŽŽKŒKLÑŒ‹MÍÑKB‚LŒËPNPPKKPNKËÌPP‹LŽQMMËŽKŒKKŽPMK‹M‘MB‚L‘ÑÎK‘KÑÐK‘‹ÑÎÌÑÍËLÌKPQP‹ÌËNKÍMËÍËM‹B‚LÎKQŽKÐKQ‹Ð‹QKÐËNLŽKÐÍŽ‹ÐÌKŽËÐ‘‹ŽKŒKB‚LŽ‹ÐÌ‹ŽËŒ‹ŽÐËŽKÐÐ‹LŽLÐÑŽLKÐ‘ŽLËŒËŽMÐÑKB‚LŽMKÐÎKŽM‹Ð‹ŽMËÐÌŽNÐÐKLŽNKÐÍ‹ŽPKÐÌËŽPËŒŽQÐÐËB‚LŽQKÐ‘KLKÐÍËL‹ÐŽKLËŒËLMŒMKÐÍKMËÐÎNÐKB‚LNKŒKPKŒ‹Q‹ŒÍËŒÐMKLŒKŒÍ‹ŒËÐNÐP‹KŒÍB‚L‹ŒÍ‹ËÍÑKŽÐNKŽKÐMËLKÐM‹ÐPËËÐQ‘ÐQ‹B‚L‘KÐŒ‘‹ÍÑÌŒÍKÌKÐL‹LÌ‹ÐLKÌËÐQKÍŒÍËÍKÐLËB‚LÍ‹ŒÍKÍËŒÍÎÐM‹ÎKŒÍLÐ‹ŒÍKÐËÐPK‘QŒK‘K‘‹B‚L‘Ë‘QQK‘‹‘MË‘Ë‘L‘ŒK‘KQPË‘K‹‘‹QQ‹B‚L‘ËK‘Ž‘KQŒ‹‘‹QP‹L‘L‹Œ‹‘LËK‘MQŒ‘M‹ŒËB‚L‘N‘K‘NKË‘PKË‘P‹ŽKL‘PË‹‘QQQ‘K‘N‘‹‘QKB‚L‘Ë‘M‘Ž‘PK‘ŽKŽK‘K‘M‹L‘‹ŽÌ‘‘KŽ‘‹ÌŽ‘KÌK‘QB‚LÌ‹ŽÌKÌËŽÌ‹Ì‘LËÌK‘ŒLÌ‹ŽÌËÌËŽ‘ÌŽËÌK‘PËB‚LÌKŽÍÌ‹‘L‹ÌË‘MKÌ‘Q‹LÌK‘P‹ÌLKLÑÌL‹LÑNKÌLËŽ‹B‚LÌNKÌNKLÑÌPKLÑŒ‹ÌP‹LÑKLÌPËKÌQKLÑ‹ÌŒLÑMÌŒKLÑËB‚LÌŒ‹ËÌŒËLÑ‹ÌLÑŒKÌKŽLÌ‹LÑQKÌËLÑQ‹ÌŽLÑËÌŽK‘B‚LÌKLÑM‹ÌËLÑLÌ‘LÑMËÌ‘KLÑKLÌÌLÑŒËÌÌKLÑP‹ÌÌ‹LÑMKÌÌËLÑKB‚LÌÍŽKÌÍKLÑPËÌÍËËÌÎLÑŒLÌÐKLÑPKÌÐ‹‹ÌÐËLÑNÌÑKLÑL‹B‚LÌÑ‹ÍLÑKÍKLÑLKÍ‹LÑQLÍËLÑ‹Í‹LÑLËÍË‘ÌKÍ‘NKB‚LÍKMÐŒ‹Í‹MÐ‹ÍLMÐŒKÍLKMÐQLÍL‹MÐPKÍLË‘Ì‹ÍMMÐNÍMK‹B‚LÍM‹MÐLKÍMË‘ÌÍNMÐMËÍNK‘‘‹LÍPKMÐPËÍP‹MÐNKÍPËMÐŽKÍQMÐB‚LÍQKMÐQKÍQ‹MÐŒËÍŒ‘‹ÍŒKMÐP‹LÍŒ‹MÐ‘KÍŒËMÐL‹ÍMÐLËÍKMÐKB‚LÍ‹‘ËÍËMÐ‘‹ÍŽ‘‘KÍŽKMÐÌLÍKMÐŒÍ‹LÑÍËMÐ‹Í‘MÐQ‹B‚LÍ‘KMÐŽÍ‘‹MÐKÍÌËMÐM‹ÍÍ‘ŽKLÍÍKMÐ‘ÍÍ‹‘KÍÍËMÐMÍÎ‘‘B‚LÍÎKPÍÐKMÐËÍÐ‹MÐËÎKPŒKLÎ‹‘ŽÎË‘ÌÎP‹ÎKPËB‚LÎËPKÎPŒÎKP‘‹Î‘ÍLÎ‹PPËÎLPŽÎLKPŽKÎL‹PQ‹B‚LÎLËPQKÎMPËÎM‹PŒ‹ÎMËPQLÎNPŒËÎPKP‘KÎP‹PP‹ÎPËP‘B‚LÎQPKÎQK‘Ì‹ÎQ‹‘ÌKÐL‹‘ÌËLÐLËP‹ÐMŒÐ‹ÐPKQMNKÐP‹ÌPŒKB‚LÐPËQMQÐQQMPKÐQKQMŒKÐQ‹QMËLÐŒQMPËÐŒ‹QMÌÐŒËÌPQKÐQMKB‚LÐKQMQ‹Ð‹QM‹ÐËQM‹ÐŽQM‘LÐŽKQMQKÐKÌPŒËÐ‹ÌPŒ‹ÐËQMŒB‚LÐ‘QM‘KÐ‘KQMNÐ‘‹QMËÐÌÌPPËLÐÌ‹QMÐÌËQMŒËÐÍQMŽÐÍKQMP‹B‚LÐÍ‹ÌPŒÐÎÌPÐÎKQMŒ‹ÐÐKQMŽKLÐÐ‹ÌPKÐÐËQMKÑKÌPQÑ‹ÌPQ‹B‚LÑËŒÍËÑŒÍKÑËŒÐËÑŒÎKLÑKŒÑÑ‹Œ‘KÑËŒÍ‹ÑŒKB‚LÑKQM‘‹Ñ‹ŒÌ‹ÑLÌÑ‹ÑLKMÐMKLÑL‹Œ‘ÑLËŒÐKÑMŒÍÑMKŒÌKB‚LÑM‹ŒËÑMËŒ‹ÑNŒÑPKŒÌLÑP‹Œ‘‹ÑPËÌÑÑQŒÎÑQ‹ÌÐËB‚LÑŒ‹ÌÑKÑŒËŒÌËÑŒÑ‹Ñ‹Œ‘KLÑËŒ‘‹ÑŽKÌÐÎKÑKŒ‘ËÑ‹ÌÐÍ‹B‚LÑËŒ‘MÑ‘KÌÐÐKÑ‘‹Œ‘M‹Œ‘‹LKŒÑK‹Œ‘NËŒ‘KÌÐÍËB‚L‹Œ‘LËŒ‘MKKŒ‘LKŒ‘MËL‹Œ‘L‹ËŒ‘LKÌÐÎLÍKB‚LLKÍ‹LËÎMÍQKMKÍQ‹LM‹ÎKMËÍËNKÍP‹‹B‚LPËKQKQ‹ÍKŒËLŒKÍŽKŒ‹ÍŽŒËÍËB‚LKÍLK‹Í‹ŽÍKŽKLKÍL‹‹ËÍ‘KÑŽKB‚L‘‹ÑËÌÑËÌKÍQ‹Ì‹ÑŽLÌËÑKÍKŽ‘‹Í‹ÍQKÍËŽ‘KB‚LÎŽ‘ÎKÍQ‹Ð‹ÍPKÐËŽM‘KLÑŽPMËÑKŽPM‹Ñ‹ŽPNM‘MKB‚LKPKËÐÑ‹ÑÌLKË‹ŽÌËM‘M‹QËB‚LKP‹L‹ÐŒKLËŒÍKMKÌ‹LM‹ÌKMËQŒËNKŽÍKPKMÐÌKB‚LP‹‘ÌËQ‘ÍŒK‘ÍKŒ‹ÍQËLŒËM‘MËËPËŽPQQŽKQKB‚LKQ‹Q‘‘ÑK‘‹ÑLÌŒKÌKÑ‹Ì‹ÑÍÑ‹B‚LÍKÑ‹Í‹ÑËÍËŒKÎKŒKLÐËÑËÑŒÑKÑKÑ‹ÑËB‚LÑKKŒ‹‹ŒËËÑKLŒÍLKÐŒ‹‹ŒÍMKËÐÌ‹B‚LŒÍMKÐÍLKÐŽL‹ŒÍL‹LLËÐÌËMKÐŒËM‹ŒÍLËMËÐ‘‹B‚LNÐ‹NKÐ‘PKÐËP‹Ð‘KLQKŒÍ‹Q‹ÐKLKÐŽKL‹ÐKB‚LMÐÌMËÐËNÐPKÐ‹LP‹ŒÍLKPËÐÌKŒKQ‹Œ‹ÑB‚L‹ÎKËÐ‹ŽÍ‹ŽKÍKLKÌËËÐK‘ÐË‘KÎB‚LÌÍËÌKQÌ‹QKÎKÑ‹LÐKŽÑÐ‹‘Œ‹ÐË‘ŽÑ‘ŒËB‚LÑK‘Ñ‹ŽQ‘ŽK‹ŽÑ‹LŽÍËKŽÑK‹‘ŒKËÍB‚LŽÐKKŽÎK‘Ë‹‘‹LËŽÎKŽÐ‹K‘K‹ŽÍ‹B‚LLKŽÐËMËLÑ‹NÍP‹M‹LPËMKQKLÑ‹Q‹Í‹ŒMB‚LŒKLÑËŒ‹LÑŽŒË‘KÌL‹LÑ‘ËLÑKŽÌ‹ŽKÌKB‚LKLÑŽK‹LÑ‘KËLÑË‘ÌËL‘KLÑKLKÑKL‹‘‹LKMÐÌ‹B‚LL‹MÐÎKLË‘Í‹LKMÐÑLK‘ÐKLL‹MÐÍKLËMÐÌËLKMÐÐËLL‘ÍKB‚LLLKMÐÐ‹LL‹‘ÍËLLË‘ÎLMMÐÍLLMK‘ÎKLM‹MÐÐKLMËMÐÍ‹LNMÐÍËB‚LLNKMÐÎLPKÍKLQKPÌLQ‹PÐËLLŒK‘ÐKLŒ‹PÍËLŒËPÎKLK‘ÎB‚LL‹PÌKLËPÍKLŽKPÎLK‘Í‹LL‹‘ÎKLËPÐ‹L‘PÌËL‘KPÍB‚LL‘‹PÐKLÌPÌ‹LÌKPÍ‹LÌ‹‘ÍËLLÌËQMÌ‹LÍKQMÌKLÍ‹ÌPËLÍËQMÍËB‚LLÎÌPŽKLÐ‹ÌP‹LÐËQMÌËLÑÌPKLLÑKQMÍMKQMÍKM‹QMÎMÌPŽB‚LM‹Œ‹MKŒKM‹ŒËMËŒKLM‹ŒMLŒËMLKŒML‹QMÍ‹B‚LMLËŒ‹MM‹ÌÐÑMMËŒ‘PËMNŒ‘Q‹LMNKŒ‘ŒKMPKŒ‘PKMP‹Œ‘P‹MPËŒ‘QKB‚LMQŒ‘ŒMQKÌÐÑKMQ‹ÌÐÐËMŒÌÐÐ‹LMŒKŒ‘QMŒ‹Œ‘NKMŒËÐKMÍŒB‚LM‹Ð‹MŽKKMKÍ‹M‹‹LMËÍËM‘M‘KKM‘‹ÍPNB‚LMÌKÍL‹MÌ‹ÍPMËMÌËÑ‘MÍÑËLMÍ‹Ñ‹MÎKŽMMÐKŽMKMÐ‹ŽM‹B‚LMÐËŽMKMÑKÐMLMÑ‹M‘NNKQ‘KLN‹ÐÍKNËQËNK‘KN‹Ì‘B‚LNŒ‘Œ‹N‹NLËN‹ŒÍMËNLËŒÍM‹LNMK‘NM‹QŽNMË‘‹NN‘KB‚LNP‹‘‹NPËŽNQMËNQKM‹LNQ‹MKPLKMPL‹MÐÑKPLËMÑB‚LPMMÐÑ‹PM‹‘ÐËPPK‘Ð‹PPËÌP‹LPQQMÎKPQKQMÐ‹PQ‹QMÐKPŒ‹Ì‘KB‚LP‹Œ‘PËŒ‘ŒËPŽKÐËPKÍŒKLP‘Í‘P‘KÍMP‘‹ÍLËPÌÍP‹B‚LQ‹NMQËQ‹QQ‘‹QKÐÎLQ‹ÐÍ‹QKÐÍËQK‘Q‹‘KB‚LQËLËQ‘ËQ‹‘ËQLLKLQLKLQL‹L‹QLËŽKQM‘‘KB‚LQMK‘‘QM‹LQNMKQNKMËLQP‹MQPËMÑËQQMÑKQŒMÑ‹B‚LQŒKPÑQŒ‹QMÐËQŒËQMÑQÌ‘‹LQ‹Œ‘KQËÑQŽÍŒ‹QKËB‚LQ‹ÍMKQËÍPNKQ‘KÑ‘KQ‘‹ŽMËLLNMKL‹QÌKLËQÌ‹LŒB‚LLËŒKLQÌLKŒMLËŒL‹LLKŒLKL‹ŒNLLŒLLLKŒNKB‚LLL‹ÑLLËŒM‹LMKŒLËLM‹ŒMËLLMËŒMKLNŒ‹LP‹ŒÍQ‹LQŒÍNKB‚LLQKÐÐËLQ‹ŒÍQKLŒ‹ŒÍŒLŒËŒÍPKLLKŒÍP‹LËÐÐKLKŒÍNLËÐÐ‹B‚LL‘ŒÍQLÌÐÎKLÌKŒÍPËLÍLLÍ‹‹LÎK‘LÐKKLÐ‹QŽKB‚LLÐËQ‘LÑKŽMLÑ‹LKM‘KLMKQ‘KM‘MK‘KM‹ËB‚LM‘LMK‘L‹MË‘LËM‘ËLMK‘‹M‹‘MML‹MLK‘LKB‚LML‹‘‹MMMMKQ‹MM‹ËLMMË‘‹MN‘ËMNK‘KMP‹KB‚LMQKQËMŒQKMŒKLMŒ‹Ž‹LMŒËŽKM‹ŽKMŽŽMKMŽKŽ‹B‚LM‹Ž‹MËŽLKM‘ŽKM‘KŽLLMÌŽËMÌKŽËMÌ‹ŽËMÌËŽB‚LMÍLLMÍKLMÍ‹LKMÍËLKLMÎKŽL‹MÐKLLKMÐ‹ŽLËMÐËŽKB‚LMÑ‹LËNKL‹N‹L‹NËLKLNLËNKŽN‹L‹NËŽB‚LN‹MËNËÎNÐ‹N‹MKLNLKMKNL‹MNLËÑNMK‘Ñ‹B‚LNM‹M‹NNMNNKM‹NPKM‹LNQKÎKPLŽ‹PLKÐËPLËÐKB‚LPMÑKPMKL‹PM‹ÍËPMËMËLPNLËPPKLKPP‹MKPŒ‘‹B‚LPŒ‹‘‹P‹‘KPŽMÑ‹PŽK‘KLPKMÑL‹P‹MÑ‹PË‘Ð‹P‘MÑLËB‚LP‘KMÑP‘‹‘KPÌMÑKPÌ‹‘LPÌËMÑLKPÍ‘ÑKPÍKMÑ‹PÍ‹MÑKB‚LPÍË‘ÑPÎPPKPÎK‘ËPÐ‹‘LPÑ‘PÑ‹MÑQKMÑQ‹‘ÐËB‚LQËMÑËQMÑKQKMÑKQ‹‘ËLQËMÑËQMÑLQKMÑMQ‹‘‹B‚LQË‘‘‹QPMKQKPP‹Q‹PNLQLPÑKQLKPPËQL‹PLKQMPMËB‚LQM‹‘ÑQMË‘‘ËQNPQQP‹‘Ñ‹LQQ‘‘KQQK‘‘QQ‹PQ‹QŒPNKB‚LQŒK‘‘QŒ‹PL‹QŒË‘‘KQPLËLQKPMQ‹‘‘‹QË‘‘QŽ‘KB‚LQK‘ÑKQ‹PŒQË‘‘ËQ‘K‘‘KLQ‘‹PQKŒ‘‘KŒK‘‘‹Œ‹‘‘ËB‚LŒÌPÌËŒKQPMŒ‹QPQŒËQPPKLŒQPPËŒKÌPÌŒ‹QPMKŒQPP‹B‚LŒKÌPËŒ‹QPMËŒLÌPÍŒLKQPLËLŒL‹QPNŒLËQPQ‹ŒMPM‹ŒMKQPNKB‚LŒM‹QPL‹ŒMËÌP‘ŒNQPLKŒNKÌP‘KLŒPKQPŒŒP‹ÌP‘‹ŒPËQPQKŒQÌPÌ‹B‚LŒQKQMÑKŒŒÌPÌKŒŒ‹QPM‹ŒŒËŒËLŒŒPKŒKŒMKŒ‹ŒMËŒËŒ‹B‚LŒŽÌ‘ËŒKŒKŒ‹Ì‘‹ŒËÌ‘KLŒ‘KŒNKŒ‘‹ŒLKŒÌŒKŒÌKŒMB‚LŒÌËŒŒÍKŒ‹ŒÍ‹ŒNŒÍËŒM‹LŒÎKÌ‘ŒÐKŒQŒÐ‹ŒP‹ŒÐËŒL‹B‚LŒÑŒPËŒÑKŒLËŒ‘ŽKKÌÐÑ‹L‹ŒÍKK‹‹ÌÑ‹ËŒLB‚LŒ‘ËKÌÑ‹KŒ‘Ž‹Œ‘‘LKÌÑ‹ÌÑKLŒ‘‹LKŒÍB‚LL‹ŒÍ‹LËŒ‘KMŒ‘ËMKŒ‘‘KLM‹Œ‘‹MËŒÍËNÌÑKNKÌÑËB‚LPKÌÑËPËÌÑQQ‹ÍËLŒÑKŒË‹KË‹ÍKB‚LËŽKKÑ‹‹ÍŽLËÍ‘K‘‹Í‹ÌÍŒËB‚LÍÍ‘KÍËÍMÎKÎKLÐKLÐ‹LKÑÍMKÑKÍM‹B‚LÑ‹ÍP‹ŽÍPPKŽ‹ÍNŽÍMËLŽKÍPKŽ‹ÍNKŽŽËŽKÍQËB‚LŽ‹Ž‹ŽËŽŽKŽKŽL‹ÍQ‘KLŽLËÍQ‘ŽMŽÌKŽMKŽÌ‹ŽM‹ÍB‚LŽNŽMŽNKŽMKŽPKÍËŽPËÍ‘LŽQKŽPNKŽQ‹ŽPÎÌÍËNM‹ÌÎKÐÑB‚LÌÐ‹ÐÑKÌÐËLL‹ÌÑMLÌÑKMÑMKLÌÑ‹ÌPÍ‹ÍKÌPÍKÍ‹ŒQKÍËŒÍB‚LÍKŽÍ‹NMËÍËÑKÍŒPKLÍKŒÍŒKÍKLMÍ‹LLËÍË‘ËB‚LÍMÑM‹ÍK‘Í‹QPŒKÍLÌ‘ËLÍMÍÍ‹ÍMKNNÍM‹ÑÐ‹ÍMËÑ‹B‚LÍPKŒÍŒ‹ÍPËÐÑ‹ÍQÑÍQ‹‘MKLÍŒKÍŒ‹ŽM‹ÍLM‹ÍKLMKB‚LÍ‹LMËÍŽMLKÍŽKML‹ÍKNLÍ‹‘‘ÍË‘KÍ‘‘‘KÍ‘‹QPKB‚LÍÌQPŒ‹ÍÌKQPÍÌ‹QPŒËÍÌËÌPÍËLÍÍKŒQ‹ÍÍ‹ŒÍ‹ÍÍËŒÍKÍÎÐMB‚LÍÎKŒPËÍÐKŒP‹ÍÐ‹ÑLÍÑÑKLÎ‘MËÎK‘M‹Î‹KÎLNKB‚LÎKLPKÎ‹LNÎKŽNÎKŽMËLÎËPKÎNKÎ‹MÑMËÎLPŒËB‚LÎLKPŒKÎL‹PŒ‹ÎLË‘‘‹ÎMQPËLÎMKQP‹ÎMËŒŒ‹ÎNŒŒKÎNKŒŒB‚LÎPKŒÍËÎPËŽPPKÎQNNKÎQKQÌËLÐLQÍÐLKŒQÐL‹ŒQKÐLËÑL‹B‚LÐMÑLKÐMKÑ‹ÐMËŒÍŽÐNŒÍ‹LÐNKŒÍŒËÐPKŒÍËÐP‹ŒÍKÐPËŒÍB‚LÐQ‹KÐŒ‘PKÐŒ‹ŽQÐŒËËLÐLKÐK‘PËÐ‹LËÐËL‹B‚LÐŽMKÐŽK‘P‹ÐK‘NÐ‹‹LÐË‹Ð‘Ð‘K‘NKÐ‘‹MB‚LÐÌLÐÌKKÐÌ‹ŽQ‹ÐÌËŽQKLÐÍŽPËÐÍKŽŒÐÍËŽPKÐÎŽP‹B‚LÐÐKŽNKÐÐËLP‹ÐÑ‹MMÑKPËLÑ‹QÑËP‹ÑKMLËÑËMMKB‚LÑKMÑPKÑKMÑPËÑË‘MËÑMÑQLÑK‘LÑ‹MÑNKÑL‘‹ÑLK‘NKB‚LÑL‹‘MKÑLË‘M‹ÑM‘L‹ÑMKMÑNLÑM‹‘LKÑMËMÑQKÑNMÑP‹ÑPK‘NB‚LÑPË‘LËÑQ‘MÑQKPKÑŒPËLÑŒKP‹ÑŒËPŽÑ‘‘LÑKPB‚LÑŽÌPÐ‹ÑŽKQPŽÑKÌPÎÑ‹ÌPÐËLÑËÌPÐKÑ‘ÌPÎKÑ‘KŒŒËŒ‹B‚L‹ŒKŒKÌ‘‹ŒÍLËŒÍKÌÑKŒÍKKÌÑKB‚LÍK‹ÍŽKLL‹LËÍM‹LMLËMKÍPËM‹ÍPP‹MËÍPPËB‚LNKŽKP‹Í‹NPK‹ŒÍKLËŒÍŽKŽLPËŽKLQ‹QKB‚LËPŽK‘‘PK‘KPK‘‹QPŽKLÌNP‹Ì‹Œ‹ÌËQÍ‹ÍQÍKB‚LÍ‹ÑLËÍËŒQ‹ÎÑMÎKÑKLÐ‹ÑÑÑË‘QKKNB‚L‘QKMËK‘Q‹KM‹LËLQ‹LŒ‹KLŒ‹LŒKB‚LLLKLKLQKL‹L‹LËLŒËLMLMKŒM‹MM‹NKQ‹B‚LP‹MÑŒ‹PËMÑŒQ‹‘P‹LMÑQ‹LLKMÑŒKLË‘PËMKP‹MËPËB‚LNÌPÑPKŒÍËP‹ŒÍKPËŒÍ‹LQŒÍQK‹Q‹MŒ‹ŽM‘‹B‚LŒËNPËQÍËKÑMK‹ÑMËLËÑM‹ŽKÑKŒÍËËÑ‹B‚L‘KŒÍ‹‘‹ÑKÌKÑKÌ‹ÑËLÍK‘‹Í‹ŒÍË‘ŒËÎ‘ŽKB‚LÐ‹P‹ÐËQKÑ‘Œ‹ÑKNKLÑ‹‘‹LËKQË‘ŒKB‚LK‘Ë‹‘Ë‘K‘ŒLK‘ŽKPË‹Q‹Ë‘KB‚LPK‹ŽŒ‹LLŽLKŽŒKLL‹L‘‹LËL‘KMŽŽM‹ŽŽKB‚LMËLÌNŽŒËNKL‘PKŽËLP‹LÌ‹PËLŽKQKL‹Q‹ŽB‚LŒLËŒKLKŒ‹LÌKŒËŽKLLÌËKŽ‹ËŒK‘MP‹B‚L‘KMŒK‘‹MNKLMŒ‹L‹MNLLËMQLMŒËLKMŒL‹MQ‹B‚LLËMQKLKMMËLKMPËLMPKLL‹‘ŒKLL‘QKLLKMÑ‹LL‹NKB‚LLLËNËLMNLMKMÑŽLM‹MÑKLLMËNKLNN‹LNKMÑËLPKN‹B‚LLP‹MÑŽKLPËNLQ‘Q‹LQK‘KLLQ‹‘ŒËLŒMÑŒËLŒK‘LŒ‹‘ŒB‚LLŒËMÑLMÑ‹LKMÑKL‹MÑ‘LLËMÑ‘KLŽK‘Œ‹L‹‘QL‘KMÑËB‚LLÌPÍ‹LÌK‘‘L‹LÌËP‘LÍ‘‘LËLLÍK‘‘M‹LÍ‹PÌ‹LÎP‘‹LÎK‘‘MKB‚LLÐËPÌËLÑPÍLÑKP‘KLÑ‹PÍËLMPÌMKPÍKM‹‘‘MM‘‘LKB‚LMKPÌKMËQP‘‹MÌQMKÌPÑKLMKÌQKM‹ÌPÑ‹MËQP‘KMQP‹B‚LMKQPKMLQP‘MLËQPËMMŒMKLMMKÌ‘KMM‹Œ‹MMËŒKMNKÌ‘KB‚LMPKŒMKMP‹ŒMMPËŒËMQŒMËLMQKŒËMQ‹Ì‘MŒŒŽKMŒKŒM‹B‚LMŒ‹ŒŽMŒËÌ‘KMÌ‘ËMKŒ‘LM‹Ì‘‹MËŒ‘KMŽKŒMMKŒÍL‹B‚LMËÌÑKM‘ŒÍ‹M‘‹ŒÍLËMÌ‹ÌÑ‹LMÌËŒÍLKMÍÌÑLMÍ‹ÌÑMÎŒÍLB‚LMÐKÌÑ‹MÐ‹ŒÍMMÐËÌÑKNKÍËLN‹Í‘KNKNKÍ‘N‹ËB‚LNËÌÑËNNKÍ‹NKÍMËLN‹ÍMKNËM‹NÍMNKMKB‚LNLÍŒKNLKÍPQNL‹ÍŒNLËÍPQKLNMÍQKNMKÍQNM‹ÍŒ‹NMËÍŒËB‚LNNŽ‹NPKÍQ‹NQŽÍ‹NQKŽÌËLNQ‹ŽÍPLŽÍKPLKÍPËPLËŽMLKB‚LPMŽMLPMKŽM‹PM‹ŽMÌPNŽP‘KLPNKŽPP‹PPKÍ‘KPP‹NQPPËŒŒB‚LPŒ‹ŽKPK‘‹P‘PÎPÌÌ‘‹LPÌ‹ŒÍMKPÎKŽPPËPÐKNQKPÐ‹PQQKB‚LPÐËQÎKPÑQÎPÑ‹ŒŒËQKÑNLQ‹ŒŒKQËÑNKQŒŒ‹QËÑ‹B‚LQÑ‹Q‹ŒÍ‘QËÑKQÑLQKÑËQ‹ŒÍ‘KQLÑLQLKÑLKB‚LQMKÍËQM‹ÍKQMËÍKQNÍ‹LQNKÍËQP‹ÍQPËÍKQQKÍ‹B‚LQQ‹‘ËQŒKÍKQÍ‹QKÍLQ‹ÍËQË‘‘QŽŒ‹QŽKÍB‚LQK‘‘KQ‹ŒKQËŒËQ‘KŽ‘LQ‘‹LÍKŒLÍËŒKLÍ‹Œ‹LÐ‹B‚LŒËŽ‹ŒKLÎŒ‹LÍŒËLÎKLŒLÐKŒKŽËŒKŽ‘KŒ‹LÐËB‚LŒMËŒKM‹ŒLMŒLKMKLŒL‹ŒËŒLËKŒMŒ‹ŒMKB‚LŒM‹NŒMËNKŒNNKŒPKNKLŒP‹‘ŽŒPË‘‘ŒQ‘ËŒQK‘‘KB‚LŒQ‹‘ŽKŒŒN‹ŒŒËNËŒNLŒK‘MŒ‹‘‹ŒŽK‘KŒK‘ËB‚LŒËNËŒ‘KPÐKŒ‘‹‘‘NŒÌ‹PÐËLŒÌË‘‘PKŒÍPÑ‹ŒÍKPÐ‹ŒÍ‹PÎKB‚LŒÍËPÑKŒÎ‘‘NKŒÎKPÑŒÐ‹‘‘MËLŒÑKÌQËŒÑ‹ÌQ‹QPÌK‹ÌQB‚LËQPÌÌQ‹KÌQK‹ŒM‹LËŒMËŒMKÌ‘L‹ŒMKB‚LÌ‘LKKÌÑL‹‹ŒÍNLŒÍNKLLKŒÍMËL‹ŒÍM‹LËŒÍPKMÌÑLKB‚LMKM‹‹MËËNKLNKKPK‹P‹NQNKB‚LQKMËQ‹ÍM‹ŒÍŒKÍPQ‹LŒ‹ÍKŒËŽŽËŽP‹NQ‹B‚LŽPËŽQ‹ŽMLË‹M‹‘‘PËLN‘‘P‹QÌÑLËQKÍÐËQ‹ÍMËB‚LŒNŒŒKŒŒ‹ŽMKŒÍP‹L‘‹ÐM‹Ì‹NŒKÍNÍKNŒËB‚LÍ‹NŒ‹ÎKÐMKÐ‹ÑÑÑÑÑ‹LÑKPQQ‹‘KPQŒK‘‹ÑÐË‘ËÑÑKB‚L‘PQŒ‘KÑK‘‹Ñ‘ËÑ‹L‘L‹‘LK‘L‹QÐË‘LËŒËB‚L‘MQLË‘MKQÑK‘M‹QÐ‹‘NQML‘PKQÑ‘P‹QL‹‘QQLK‘QKKB‚L‘ŒQÐK‘ŒK‘KÑP‹‘‹ÑŒKL‘ËŒË‘ŽŒ‘K‘KŒŽK‘‹ÑQKB‚L‘ËÑŒ‘‘ŒË‘‘KÑPK‘‘‹ÑQLLŒŽLKŒKL‹ÑPËLËŒ‹B‚LLÑQ‹LKŒ‘L‹Œ‹L‹ÑLËLLËÑM‹LŒÍÌL‹ŒÍÐKLLŒÍÍ‹B‚LLLKÑMLMŒÍÑKLMKŒÍÍËLM‹ŒÍÐËLLMËŒÍÌ‹LNKŒÍ‘‹LPKŒÍÌKLP‹ŒÍÑB‚LLPËÑMKLQŒÍÍKLQKŒÍÎLQ‹ŒÍÍLLŒŒÍÎKLŒKÑMËLŒ‹ŒÍÐ‹LŒËŒÍÌËB‚LLÑL‹L‘ÍL‘KKL‘‹Í‹LLÌKËLÌ‹ŽKLÍÍKLÍK‹B‚LLÍ‹KLÎŽLÐËŽMËLÑLLËLLÑKŽM‹LÑ‹LÑKLKŽMLL‹ŽMKB‚LLLLKLËŽMKLKLL‹LKŽMËLL‹ŽM‹LŽMLKŽMËL‹ŽM‹B‚LLLŽMKLLKŽMKLL‹LÑLLËŽMLLMŽM‹LMKŽMLNŽLNK‹B‚LLP‹‘‹LPËŽKLQ‘KLQKËLLŒËLŒ‹‘LŒËKLËNL‹B‚LLŽ‘MËLŽK‘MKL‹NLËL‘‘MLL‘K‘M‹L‘‹NLKLÌNLLÌ‹‘‘ŒB‚LLÌËN‹LÍ‘‘QKLÍK‘‘QLÍ‹P‘LLÍË‘MKLÎ‘‘Q‹LÎKP‘KLÐK‘‘Œ‹B‚LLÐ‹P‘‹LÐË‘‘ŒKLÑÌQLÑKQPÌËLLÑ‹ÌQËLÌQËLKÌQKL‹ÌQ‹B‚LLËÌ‘LËLÌQKLKQPÌ‹L‹P‘ËLLËÌ‘L‹LÌ‘MLKÌÑML‹ÌÑMKB‚LLLL‹ÍQKLLÍQLLKN‹LLMÐMMKLMKŒ‘‹LMËÐML‹LNÐMLËB‚LLNKÐMLKLP‹ÐMMLQKÐPKLQ‹ÐMËLLLÐPËLLKÐNLL‹NËLLËNKB‚LLMKÐNKLM‹NŽKLMËÐP‹LPKNŽLLQ‹ÑKLŒÑËLŒKPQLŒ‹ÑËB‚LLŒËÑ‹LÑLKPQŒ‹L‹PQKLLŽPQŒËL‘ŽL‘KËL‘‹ŽKB‚LLÌKQMËLÌËQNLÍK‹LÍË‘LLÎ‘‹LÐKQMKLÐ‹‘KLÑKQM‹B‚LLÑQKLKKL‹ÑŒ‹LËÑ‹LLÑŽKLKÑLKÑKL‹ÑKB‚LLËÑËLŒÌKL‹ÑËLLÑŒËLLLKŒÌLL‹ŒÌ‹LLËÑ‹LMÑ‘B‚LLMKÑŽLNŒÐLKLNKÑŒKLPKÑNKLLP‹ÑQ‹LPËÑŒLQŒÐL‹LQ‹ÑNB‚LLŒÑPKLŒKËLŒ‹ÑPËLŒËÑQLLÑP‹LKËLŽKÍM‹LKP‘B‚LL‹ÍMËLËÍML‘ŒÐLËL‘K‘KLL‘‹ÍLËLLÍNKLLKÍNLL‹‹B‚LLLËÍPËLLÍL‹LLKÍP‹LL‹ÍLLLLËÍPKLLÍMKLLK‘LL‹LPKB‚LLLLMKLLKLP‹LL‹LM‹LLLLMLLLLKLMËLLL‹ŽMLKLLMLNKLLM‹LNB‚LLLMËŽML‹LLNÌKLLNKÌLLPKM‘KLLLP‹MÌKLLPËMŽKLLQM‘LLQKÌ‹B‚LLLQ‹MËLLŒMKLLŒKMÌLLŒ‹M‹LLLŒËMŽLLM‘‹LL‹NNKLLË‘MB‚LLLŽŒMKLLŽKNM‹LLKNMËLL‹NMKLLLËÍLKLL‘‘MËLL‘KNPKLL‘‹NMB‚LLLÌ‘M‹LLÌK‘MKLLÌ‹NNLLÌËP‘KLLLÍ‘‘ŒËLLÍKP‘‹LLÍ‹P‘ËLLÎQPÍB‚LLLÎKÌQLLÐKŒM‹LLÐ‹ŒMËLLÑKŒMLLLÑ‹ŒÍQLMŒÍPËLMKL‹LMËLKB‚LLMP‹LMKPËLM‹PKLMËÍ‹LLMÍPŒLMKN‹LMKQPKLM‹QNKB‚LLMËŒÍKLMŒÍLMKLM‹KLLMLÑ‘KLML‹ŒÌËLMLËÑKLMMKÑ‹B‚LLMM‹ÑŒ‹LMMËŒÐMLMNÑŒËLMPKÑLLMQ‹ÍQ‹LMŒÍŒKLMŒKÍQLMŒ‹ÍŒB‚LLMŒË‘‹LMÍQKLMKÌLMŽÌËLLMŽKŽMMKLMKŽMMLMËŽMLËLM‘KLPËB‚LLM‘‹LQLMÌ‹MÌËLMÌËMÍKLMÍÍ‹LLMÍKÌËLMÍËÍKLMÎÍLMÎKMÍB‚LLMÐKMÌ‹LNNŒKLNKNQKLN‹NQ‹LLNË‘MLNNŒLNKNP‹LN‹NPËB‚LLNË‘MKLNK‘M‹LNKNQLN‹‘MËLLNP‘‹LN‹P‘ËLNLP‘KLNLKP‘KB‚LLNL‹‘‘LNLËP‘LNNKQPÎLNPKQPÍKLLNP‹QPÍËLNPËÌQLLNQQPÐ‹LNQKÌQ‹B‚LLNQ‹QPÎKLPLQPÐËLPLKQPÐKLPL‹QPÍ‹LLPLËÌQKLPMKŒM‹LPMËŒMLLPNŒMKB‚LLPPKŒML‹LPP‹Ì‘MKLPPËÌ‘M‹LPQŒÍQ‹LLPQKÌÑMËLPQ‹ŒMLKLPŒŒÍQKLPŒKÌÑM‹B‚LLPŒ‹MKLPŒËM‹LPÍ‘‹LPKMLLPËLËLPŽKQLPKÍMLPËŽKB‚LLP‘ŽÎLP‘KŽÍËLPÌÍËLPÌKÍQLLPÌ‹ŽÎKLPÌËŽMÌKLPÍKÍ‘‹LPÍ‹NËB‚LLPÍËPQ‹LPÎKŽMM‹LPÐ‹ÍÌLPÐËN‘LLPÑQP‹LPÑKŒÐMKLPÑ‹ÌKLQÌ‘MËB‚LLQKPQËLQËÌKLQÌLQK‹LLQËŒÎLQŒÍ‹LQKŒÐKLQKB‚LLQËŒÎKLQŒÍËLQL‹ËLQLËŒÐNLLQMÑËLQM‹ŒÐMËLQMËŒÐNKLQN‹B‚LLQNKŒÐP‹LQPKÑ‘KLQP‹LQPËÑËLLQQŒÐPKLQQKËLQŒKÑŽKLQŒËÑKB‚LLQÑŽLQKŒÐM‹LQËKLQŽÑ‹LLQŽKÑ‘LQ‘Í‘LQ‘‹ÍËLŒÍKB‚LLŒKÍŒ‹LŒ‹ÍÌKLŒËÍKLŒÍ‘‹LLŒKÍÍ‹LŒ‹Í‘KLŒËÎKLŒKÍKB‚LLŒKÍŒËLŒËÍŽKLŒÍËLŒ‹ÍŽLLŒLÎLŒLKÐKLŒL‹Í‹LŒMÌ‹B‚LLŒMKÌËLŒM‹ÍÍËLŒMËÍÍKLŒNKÍÍLLŒPKÍ‹LŒPËÍÌ‹LŒQKÍ‹LŒŒËÍB‚LLŒÍÌËLŒKÍLŒ‹ÍËLŒËÍÌLLŒ‘MKLŒ‘KLËLŒÌLŒLŒÌKLÌËB‚LLŒÌ‹LÐËLŒÌËLŒËLŒÍŽMŒKLŒÍ‹LÌLLŒÍËŽMMËLŒÎŽMNKLŒÎKŽMKLŒÐKLŒKB‚LLŒÑŽMPKLŒÑKŽMPËLŒÑ‹ŽM‹LŽMP‹LLKŽML‹LŽKLLQKLKŽMŒ‹B‚LLKLŽL‹ŽMQKLËLÐKLŽMŒËLLKLÎL‹LËLLLÍ‹LLKŽMŒB‚LLL‹LQ‹LLËLÎKLMLÍLM‹LÐ‹LLMËŽMNLPKŽMËLP‹ŽMQLQKLKB‚LLŒL‘LŒKLÌKLŒËLÍKLŽMQ‹LLKLL‹LŒ‹LËL‘KLËL‹B‚LL‘LKL‘‹L‘‹LÌLÌ‹LÌ‹LÍËLLÍ‹MÎLÎÍËLÎKMMLÐKMÐKB‚LLÐ‹ÐËLÐË‘LÑMQLÑKMKLLÑ‹MM‹LŽÎLŽ‹MPKLŽËL‹B‚LLŽKÎKLŽ‹MŒKLŽËM‹LŽMQKLLŽKMŒLŽ‹MŽKLŽËMŒ‹LŽMÑKB‚LLŽKMNKLŽLK‘KLŽLËÑLŽMMÐËLLŽMKMP‹LŽM‹Ð‹LŽMËMMKLŽNÐKB‚LLŽNKMŒËLŽPKML‹LŽP‹MÎKLŽPËÑKLLŽQMŽLLMÐ‹LLKMQ‹LL‹MPËB‚LLLËMMËLMMÍËLMKMÍ‹LM‹MLKLLMËMLNÑ‹LNKMËLPKMÑB‚LLP‹MLËLPË‘ML‹LŒ‹‘MPKLŒË‘MMKLLNMLKNLKL‹NËLË‘MLB‚LLŽKŽQËL‹‘M‹LË‘MM‹LÌNKLLÌK‘MMLÌ‹NÌKLÌËNŒËLÍNB‚LLÍK‘MKLÍ‹NLËLÍË‘MNLÎNÍLLÎKNÎKLÐKNÌËLÐ‹P‘QKLÐËN‘‹B‚LLÑNÍËLÑKNÍKLÑ‹NŽL‘NŒ‹LL‘KNÑL‘‹‘MMËL‘ËNÑKL‘KNÎB‚LL‘ËN‘L‘N‹L‘KN‹L‘N‘KLL‘KNÐ‹L‘‹NKL‘LNÐKL‘LKNL‹B‚LL‘M‘MLËL‘M‹NÍ‹L‘MËNÐËL‘NNÌ‹LL‘NKNËL‘PK‘MLKL‘QKMNL‘Q‹NÌB‚LL‘Œ‘MNKL‘ŒKNŽKL‘ËP‘L‘Ž‘‘ËLL‘ŽKP‘ŒËL‘KP‘ŒL‘‹PÍL‘Ë‘‘‹B‚LL‘‘KPÍKL‘‘‹P‘ŽLÌPÍËLÌKP‘NKLLÌ‹P‘‹LÌ‘‘‘LÌ‹P‘LKLÌP‘‹B‚LLÌKPÍ‹LÌ‹PÍLÌËP‘‘KLÌP‘QLLÌKP‘PËLÌ‹P‘L‹LÌLÌLÌL‹P‘NB‚LLÌLËP‘Œ‹LÌMP‘‘LÌMKÌËLÌM‹PÍKLLÌNÌQNLÌNKÌKLÌPK‘‘‘KLÌP‹P‘M‹B‚LLÌQP‘Q‹LÌQKP‘KLÌQ‹P‘LLÌŒ‘‘KLLÌŒKÌ‹LÌŒ‹‘‘KLÌŒËP‘MËLÌP‘ËB‚LLÌKP‘ŒKLÌ‹ÌKLÌËP‘LÌŽÌQLËLLÌŽKP‘ŽKLÌKP‘ËLÌ‹‘‘ËLÌ‘P‘P‹B‚LLÌ‘KÌLÌ‘‹‘‘ŽKLÌÌË‘‘ŽLÌÍP‘KLLÌÍKP‘‹LÌÍ‹‘‘‹LÌÎP‘MLÌÎKP‘KB‚LLÌÐËP‘MKLÍ‹P‘PKLÍËQQ‹LÍKQQËLLÍKÌQMKLÍ‹ÌQMËLÍËQQLÍÌQLKB‚LLÍKQQPËLÍ‹QQLËLÍLQQLÍLKQQKLLÍL‹QQL‹LÍMÌQQKLÍMKQQLKLÍM‹QQKB‚LLÍMËQQLLÍNQQLÍNKQQQLÍPKÌQQLLÍP‹ÌQP‹LÍPËQQKLÍQKQQNLÍŒQQKB‚LLÍŒKQQMËLÍŒËQQNKLÍQQLÍKÌQM‹LLÍËQQPKLÍKQQKLÍËÌQPKLÍ‘QQ‹B‚LLÍÌÌQPËLÍÌKQQMLÍÍKÌQMLÍÍ‹QQ‹LLÍÍËQQMKLÍÎKQQ‹LÍÐKP‘LËLÍÐ‹QQM‹B‚LLÍÐËQQËLÍÑKÌQNKLÎQQP‹LÎ‹ÌQL‹LLÎËQPÑKLÎŒMŒLÎKŒMNKLÎKÌ‘NKB‚LLÎËŒMMLÎŒMŒËLÎKŒMP‹LÎ‹QQËLLÎLKŒMKLÎL‹ŒMMKLÎMÌ‘NLÎMKŒMQ‹B‚LLÎM‹Ì‘PKLÎMËÌ‘Œ‹LÎNÌ‘ŒLÎNKŒMŒKLLÎPKÌ‘ŒKLÎP‹ŒMMËLÎQŒMNLÎQKŒMQB‚LLÎQ‹ŒMŒ‹LÐLKQPÑLÐL‹Ì‘P‹LÐLËŒMKLLÐMŒMËLÐMKŒM‹LÐM‹ŒMQKLÐMËŒMPKB‚LLÐNŒMŽLÐNKŒÍKLÐPKŒMPËLÐPËÌ‘QKLLÐQKÌ‘QLÐQ‹QPÑ‹LÐŒÌ‘Q‹LÐŒKŒMB‚LLÐŒ‹ŒM‹LÐŒËÌ‘PËLÐŒMŽKLÐKŒMLËLLÐËŒMM‹LÐÌŒÍÌËLÐÌ‹ŒÍŒËLÐÌËÌÑP‹B‚LLÐÍŒÍÌKLÐÍËŒÍŒKLÐÎÌÑPËLÐÐKŒÍËLLÐÐËŒÍŽLÐÑÌÑŒKLÐÑKŒÍÌ‹LÐÑ‹ŒÍŒ‹B‚LLÑŒÍKLÑKÌÑNKLÑ‹ŒÍÍLÑŒÍ‘LLÑKŒÍÌLÑ‹ÌÑQ‹LÑËÌÑLÑÌÑŒ‹B‚LLÑKŒÍŽKLÑKŒÍLÑËÌÑQLÑÌÑQKLLÑKŒÍŒLÑ‹ÌÑPKLÑLKÌÑNLÑL‹ÌÑŒB‚LLÑLËŒÍ‘‹LÑMÌÑŒËLÑM‹ŒÍ‹LÑMËŒÍÍKLLÑNÌÑKLÑPËŒÍËLÑQKŒÍ‘KLÑKŒËB‚LLÑ‹M‹LÑËKLÑŽËLÑŽKŒÍ‹LLÑKKLÑ‹NKLÑËMLÑ‘ÍÌËB‚LLÑ‘KQLÑ‘‹‘KMMËÍÌ‹LM‹MMË‹MK‹MK‘B‚LM‹MËMËMKMŒ‹MKËLM‹P‹MLQ‹MLKMËML‹ŽKB‚LMLËNMMPËMMKQKMM‹ŽLMNÍÌKMNKŒKMŒPKMŽŒB‚LMŽKŒKMK‹M‹ÍM‹MËŽLM‘KÍMKMÌMÌKKMÌ‹ÍMKB‚LMÌËÍMKMÍKÍM‹MÍ‹ŒMÍËËLMÎÍMMÎKKMÐKÍMËMÐ‹Q‹B‚LMÐËŒËMÑŒ‹MÑ‹QKMŽKLMÍPŒKMKÍ‘M‹ÍÌMËÍËB‚LMÍ‘KMKÍ‘‹MKÍŽKM‹ÍKLMËÍËM‹Í‹MLÍŽMLKÍPŒ‹B‚LML‹ÍPŒËMMKŽ‹MMËŽMQŽËLMQKŽKMŒÍQLMŒ‹ŽKMŒËÍQ‹B‚LMÍQLKMŽŽÐ‹MŽKŽÐËMKÍLM‹ŽÐKM‘ŽMLËM‘KŽML‹M‘‹ŽMMB‚LMÌÍQ‹MÌKŽMMKMÌ‹ÍQKMÌËŽMM‹LMÍŽMÌ‹MÍKŽMÍKMÍ‹ŽMÍMÍËÍŽB‚LMÎŽMÌËMÐËÍÌ‹MÑÍÌMÑKÍÌKLMÑ‹ÍÍËMŽPÌMKŽPÌKM‹ŽP‘‹B‚LMËŽPÎKMMÍËPQŽMMÐKMMÐ‹ÍÎLMMÐËNMKMMÑŒÍÍ‹MNPQŽKMN‹QPËB‚LMNËŒÐ‹MN‹KMN‹MNKŒÐPËLMN‹ÑMNËÍÐKMNÍÎKMNKLËB‚LMN‹ÐËMNLÍÐ‹MNLKÑKMNL‹L‹LMNLËLKMNMÐ‹MNNŽMŽMNP‹LB‚LMNPËLÑKMNQKLÑ‹MNQ‹LÑMPLK‘‹LMPLË‘KMPM‘ËMPMK‘‹MPN‘ËB‚LMPNK‘MPP‹NMËMPPËNM‹MPQ‘MP‹LMPQKNNMPŒNNKMPŒK‘MPËMPKPÍB‚LMP‹PÍ‹MPËQQŒËMPŽKPÍKMPKPÍKLMP‹Ì‹MPËPÍ‹MP‘PÍKMP‘KPÍB‚LMP‘‹PÍËMPÌQQQ‹MPÌËQQŒKMPÍKQQŒ‹LMPÍ‹ÌQŒËMPÍËQQQKMPÎÌQŒ‹MPÎKQQŒB‚LMPÐKÌQQ‹MPÐ‹ÌQŒMPÐËÌQŒKMPÑPÍËLMQÌ‘KMQKŒM‘KMQ‹ŒMËMQËŒM‘B‚LMQÌ‘ŒËMQKÌ‘‹MQ‹Ì‘MQKŒÍÍËLMQ‹ŒÍÎMQËÌÑ‹MQKMKMQ‹MËB‚LMQLM‹MQLKÍÍMQL‹ÍMLMQLË‘LMQMËMQMK‹MŒPËPQKMŒQKÎPPKB‚LMŒŒÐMNMŒŒKM‘NKMŒŒ‹ÐMM‹MŒŒËÐMNKLMŒÐMMËMŒŽÐQKMŒKNÌKMŒËNÌ‹B‚LMŒ‘ÐŒMŒ‘KN‘‹MŒ‘‹ÐQ‹MŒÌÐQLMŒÌKNÌMŒÌ‹N‘KMŒÎKÑMŒÐKÑ‹B‚LMŒÐ‹PQ‘MŒÐËÑKMŒÑÑKMŒÑ‹PQËLMPQ‹M‹PMËÑËMPQ‘KB‚LMKÍ‹M‹QQKMËQQ‹MQŒLMKÍËM‹ÌËMLQQMLKÍB‚LMLËÍKMMÌ‹MNŒMMP‹ŒLKLMPËKMQŒL‹MQKŒMKMQ‹‹B‚LMŒKŒÑKMŒ‹ŒÐËMŒËŒÑMŒLËLMKŒÐQM‹KMËŒÐKM‘B‚LM‘‹‹MÌŒÐŒKMÌKKMÌ‹P‹LMÌËŒÐQ‹MÍŒÐŒ‹MÍKŒÐQKMÍ‹ŒÐŒËB‚LMÍËŒÐMÎŒÐŒMÐËËMÑMËLMÑKÍÑMŽÐLËMŽËÐL‹MŽPËB‚LMŽKNMŽ‹NKMŽËÍÐËMŽÍÑKLMŽKÐLKMŽKMMŽ‹M‹MŽPKB‚LMŽKMKMŽLKLËMŽL‹LKMŽLËL‹LMŽMŽMKMŽMKŽM‹MŽMËLMŽNŽMŽKB‚LMŽNK‘MŽP‹‘KMŽPË‘KMŽQKM‹LMLKMËML‹NP‹MMNPKMMËÌËB‚LMNÌMNKPÍ‹MPKÌKMPËQQ‹LMQKQQMŒQQKMŒKÌQMŒËŒM‘‹B‚LMÌÑËMŽÌQKMŽKPKM‹ŒM‹LMËËM‘‹ËMÌŒÐ‹MÌKQB‚LMÌ‹ÐMMÌËÐM‹MÍQ‹MÍKQKLMÍ‹ŒMÍËŒKMÎÐMKMÎKŽM‘KB‚LMÐKŽM‘‹MÐ‹ŽM‘MÐË‘‹MÑŽMËLMÑKLKM‘‹‘ËM‘ËNPËM‘PÍLB‚LM‘KÌKM‘‹ÌQ‹M‘ËŒMÌM‘ŒMÍLM‘KÌ‘ŽKM‘KŒMÌKM‘‹Ì‘KM‘ËÌ‘ŽB‚LM‘ŒMÍKM‘KÌ‘‹M‘‹ŒMÌËM‘LKŒÍÎKLM‘L‹Ì‘ËM‘LËÌÑŽM‘MKŽÑM‘NP‹B‚LM‘NKŒÐŽM‘PKŒÐËM‘Q‹Œ‹M‘ŒÐNLM‘ŒKÐMËM‘Œ‹ŒËM‘KLKM‘‹ŽMÌËB‚LM‘ËŽMÌM‘ŽLM‘ŽKŽMÌ‹M‘KL‹LM‘‹ŽMÌKM‘‘LËM‘‘‹M‘MÌ‘B‚LMÌ‹NQ‹MÌ‘MQMÌKNQMÌ‹‘MQKLMÌË‘MQ‹MÌNQKMÌK‘MŒMÌ‹PÍLKB‚LMÌÌKMÌKÌ‹MÌ‹ÌLMÌLPÍLËLMÌLKÌËMÌL‹PÍL‹MÌLËÌ‹MÌM‹ÌB‚LMÌNQQŽKMÌNKQQ‹MÌPËÌQËMÌQQQKLMÌQKÌQŽMÌQ‹QQŽMÌŒQQËMÌŒ‹ŒMÍËB‚LMÌŒËŒMÍ‹MÌÌ‘ËMÌKŒMÎMÌ‹ŒÍÑKLMÌËÌÑKMÌŽŒÍÑMÌŽKŒÍÐKMÌKÌÑŽKB‚LMÌ‹ŒÍÐ‹MÌËŒÍÐËMÌ‘KMMÌ‘‹MKLMÌÌÍÍKMÌÌ‹ÍMLËMÌÍK‘KMÌÎÍMLKB‚LMÌÎKÍML‹MÌÐK‘‹MÌÑÍPMÌÑKÍPKLMÌÑ‹ÍÌKMÍ‹ÍKMÍËŽÑ‹MÍÍËB‚LMÍ‹ŽÑKMÍËŽMÍÍ‹MÍKŽMMËLMÍ‹ŽPQMÍL‹PËMÍM‹ŽMÍMÍNM‘KB‚LMÍPKNŒMÍP‹ÌLKMÍPËÌL‹MÍQKPLMÍŒ‘MŒKMÍŒKÌÑ‹MÍŒ‹QŒKMÍ‹ÌLËB‚LMÍŽÍQL‹MÍŽKQŒ‹MÍKMÍËÐNKLMÍ‘KÐP‹MÍÌÐPKMÍÌ‹LMÍÌËLKB‚LMÍÍŽMÍKMÍÍ‹ŽMÍ‹MÍÍËL‹MÍÎLËLMÍÐKMÌMÍÐ‹MÍKMÍÐË‘KMÍÑM‘‹B‚LMÍÑKMÌKMÍÑ‹MÎMÎMÌËMÎKMÍËLMÎ‹MÍMÎËMÌ‹MÎMÍ‹MÎK‘‹B‚LMÎNŒËMÎKNŒKMÎ‹‘MŒËMÎ‘MŒ‹LMÎKNŒ‹MÎ‹‘MMÎMPÍM‹MÎMËPÍMKB‚LMÎNÌMMÎNKPÍMMÎPKQQËMÎPËQQ‘KLMÎQQKMÎQKQMÐLÌQŽKMÐLKQQ‘B‚LMÐL‹ŒPLKMÐLËÌ‘‘MÐMŒMÑMÐMKŒPL‹LMÐM‹Ì‘‘KMÐNŒMÐ‹MÐPKŒMÑKMÐP‹ŒMÐËB‚LMÐPËŒMÎKMÐQÌÍMÐQKŒMÐKMÐŒËŒÐLKLMÐ‹ŒÐLËMÐËŒÐL‹MÐŽKMKMÐ‹M‹B‚LMÐ‘‹ÌMÐÌKÍPËMÐÌËÍP‹MÐÍŽ‹LMÐÍKŽLMÐÍ‹ÍMÐÍËŽKMÐÎKÍŽKB‚LMÐÐ‹QŒËMÐÐËMÐÑMÐKMÐÑKMÎKLMÐÑ‹NKMÑNMÑËÌQKMÑQËB‚LMÑKQ‹MÑ‹ŒPMKMÑËŒPLËMÑŒPM‹LMÑKŒPMMÑËÌÑËMÑŒÐMMÑKŒÐMKB‚LMÑ‹ŒÐM‹MÑLKÌKMÑLËÍÌ‹MÑMKŽ‹LMÑQQMÑŒPÍMËMÑŒKQMÑŒËQKB‚LMÑ‹‘LMÑŽPÍNMÑŽKÌÍKMÑKŒPMËLMÑ‹ÌÑ‘MÑ‘MËMÑ‘KMMÑ‘‹ÍMMB‚LNŽLKNKQ‹N‹ŒÐ‹NËŒÐËLNKNKKN‹‹NËÐPËB‚LNËNKŽMÐKNËŽMÐËNL‹LNKLLN‹LKNLŽMÍËNLKŽMÎB‚LNL‹ŽMÐ‹NLËŽMÎKNM‹MÐ‹NMË‘LKLNN‘L‹NP‹NËNPË‘MËNQNËB‚LNQKN‹NŒN‹NŒK‘MKNÌP‹LN‹NŽNËN‘NŽNKNŽKNŽKB‚LN‹‘M‹N‘ÌNKN‘‹PÍPKNÌÌMKLNÌ‹PÍP‹NÍKPÍNKNÍËÌNNÎÌM‹B‚LNÎKÌPKNÐ‹ÌMËNKQKNËQKLNQ‹NKQKN‹ÌQ‹NQB‚LNKQNKQËNËÌÍNÌÍ‹LNKÌÍKN‹ÌÍËNLŒPNNLKŒPNKB‚LNL‹ŒPPKNLËÌÍ‹NMËŒÐPKNNÍLNNKŒÐNNP‹ÍKNPËŒÐMËNQŒÐNKB‚LNQKÌÑ‘KNQ‹MLKNŒMKNŒ‹M‹LNŒËMLNÌ‹NKÍMM‹NËÍMMKB‚LNŽKÍÍNKÍÌËN‹ÍPŽN‘‹ÍQLËLNÌÍKNÌKÍŒNÌ‹ŽMNNÌËŽPQKB‚LNÍŽPQ‹NNQËNNKÐQNPËLLKLNQMÐËNQKMÑNQ‹‘LËNŒK‘MB‚LNŒ‹N‘KNŒË‘MŽN‹ÌQËNŽŒPP‹LNKÌÍËN‹ŒÐQNËÍ‹N‘ŒÐPËB‚LN‘KŒÐQKN‘‹ŒÐP‹NÌÍKNÌKML‹LNÌ‹MLËNÍÍÍ‹NÍ‹ÍNÎKÌËB‚LNÐ‹ÍÍKNÐËŽPŒN‹QŽN‹QŽKLNL‹ŒMËNLËNMK‹NMËŽB‚LNNK‹NPKŽKNP‹ÐQKNQ‘LNQ‹KNŒ‹ËNŽMÑKN‹LL‹B‚LNŽKLLËNKNÌNËŽMÑN‘ŽPLKLN‘KŽPL‹NLMÑ‹NL‹MÑKNLË‘MKB‚LNLK‘M‹NLËMNLN‘‹NLK‘NLNLK‘MŽKNLË‘MËNLLÌPËNLLKNÌKB‚LNLL‹‘M‹NLLË‘MKNLMNÌ‹NLMKNÍKLNLM‹NÌËNLMËNÍNLN‘MËNLPKÌŒKB‚LNLP‹ÌQ‹NLQKÌQKNLQ‹PÍQNLŒKÌŒLNLPÍPËNLKQ‹NLËPÍQKNLŽÌQB‚LNLŽKPÍQ‹NLKQKNL‹QËNLËQLNL‘QL‹NL‘KÌÍ‹NL‘‹QLKNLÌQMB‚LNLÌKQLËNLÌ‹QLNLÌËQ‹NLÍKÌQ‘LNLÐKŒPQKNLÐËŒPQNLÑÌÍKNLÑKÌÍB‚LNLÑ‹ÌÍKNMKŒPPËNMËŒÐŒKNMKÍËLNMËŒÐŒNMŒÐQ‹NMKÍNM‹MNB‚LNMËMMËNMKMMKNMLMMNMLKÍÎLNML‹ÍÍËNMLËMNKNMMÍÍ‹NMMKÍPŽKB‚LNMM‹ÍËNMMËÍMMËNMNÍ‹NMNKMM‹LNMP‹ÍÍËNMPËÍQMNMQKÍŒKNMQ‹ŽMNKB‚LNMŒKŽPŒKNNM‹QKNNMËLNNNQMKLNNNKQ‹NNPËM‹NNQMKNNQKPÍŒB‚LNPLKQMËNPLËQM‹NPMKÌÍËNPM‹ŒÐŒ‹LNPMËŒÐŒËNPNÍÎKNPP‹ŽPŒ‹NPPËŒNB‚LNPQ‘‹NPQK‘KNPQ‹LMNPŒLM‹LNPŒKŽPMNPŒ‹LMKNPŒËŽPLËNPŽPMKB‚LNPKLMËNPŽKMNPKM‹NP‹MKLNP‘MNPÌK‘NKNPÌ‹MËNPÌËMËB‚LNPÍËMKNPÎKNÐËNPÐ‹NÑ‹NPÐËNKLNPÑNÍËNPÑKNÐ‹NPÑ‹NÎNQ‘M‘KB‚LNQK‘MÌKNQ‹‘MÌËNQËNÎKNQNÐKLNQK‘MÌ‹NQ‹NÑNQËNNQNÑKB‚LNQK‘MÍNQ‹‘MÌNQËNÍ‹NQ‘M‘LNQ‹‘M‘‹NQL‹ÌŒËNQLËPÍ‹NQMPÍB‚LNQMKPÍŒËNQMËPÍŽKNQNKPÍŽNQPKPÍËLNQPËPÍŒ‹NQQÌŒ‹NQQKPÍŒKNQŒPÍKB‚LNQŒKÌNQQPKNQ‹QQKNQËQP‹LNQŽQQNQŽKQPËNQKQNKNQ‹QQ‹B‚LNQËQŒ‹NQ‘QŒNQ‘KQŒKNQ‘‹ÌLPLKÌQ‘KPL‹QNPLËQŒËPLŒPŒËB‚LPLKŒP‹PL‹ŒPŽPLËŒPËPLKŒPŒKLPLKŒPKPL‹ŒPŒPLŒPŒ‹PLKÌÍB‚LPL‹ŒPQ‹PLLKŒPPLMŒÐÌPLMKŒÐKLPLM‹ÍKPLNKÍ‹PLPKŒÐPLP‹ŒÐŽKB‚LPLPËŒÐ‘‹PLQŒÐËPLQKŒÐ‘KPLŒŒÐ‹LPLŒ‹ŒÐKPLŒËŒÐ‘PLŒÐŽPLKŒÐ‹B‚LPLËŒÐËPLŽKMŒPLKMQKPL‹ÍÐKLPLËMQPL‘MŒËPL‘KMŒKPLÌÍÐ‹B‚LPLÌKMPËPLÌ‹MPKPLÍMP‹PLÍKÍÑLPLÍ‹MQ‹PLÍËÍÐËPLÎMŒ‹PLÎKÎB‚LPLÐKÑKPLÑÎKPLÑKÍMP‹PLÑ‹LKLPMÍMPKPMKÑPM‹ÐËPMËÍMNKB‚LPMÐ‹PMKÍMNPM‹ÐKPMÍÑLPMKÐLKPMKÍÑKPMËÍÐ‹PMÍP‹B‚LPMKÍÎPM‹ÍÐËPMLÐLËPML‹ÐL‹LPMLËÍÎKPMMÍÐKPMMKÍPKPMM‹ŽL‹B‚LPMMËÍQMËPMNKŽLËPMPKÍQMKPMP‹ÍQM‹LPMQKŽËPMQ‹ÍKPMŒŽMÍ‹PMŒ‹ÍKB‚LPMŽPŒËPMKÍ‹PM‹ŽPPMËŽPKLPMŽŽPÌËPMŽKŽPÌ‹PMKÍÐKPM‹ŽPÑB‚LPPNŒNKPPP‹LNKPPQLNPPQ‹‘PKLPPŒ‘P‹PPŒKMKPPŒËN‹PPPÍËB‚LPPË‘MÍKPPŽÌKPPŽKPÍKPP‹PÍ‘LPPËÌ‹PP‘KQPP‘‹PÍ‹PPÌŒPŽKB‚LPPÌKÌÍKPPÌ‹ŒÐÌKPPÍ‹M‹PPÍËMLPPÐKMKPPÑL‹PPÑ‹ÍMPËPQÐMB‚LPQKÍQPKPQ‹ÍPËPQËÍQNPQÍQNKLPQKŽPQ‹ÍŒ‹PQŒPKPQËŒPKB‚LPQ‹KPQLKŽPM‹PQLËM‹PQM‹‘PËLPQMËMËPQP‹NPQPËNËPQQÌŽB‚LPQQK‘MÍ‹PQQ‹‘MÍËPQŒKNËPQŒ‹N‹LPQŒËNKPQ‹PÍ‘KPQËPÍÌKPQŽKPÍÌB‚LPQKPÍ‘‹PQ‹ÌËPQËQŽPQ‘Q‹LPQ‘KQKPŒKQËPŒËÌÍ‹PŒŒPËB‚LPŒKŒP‘PŒ‹ÌÍLPŒŒP‹PŒKŒÐÌËLPŒ‹ŒÐÌ‹PŒËŒÐÍKPŒÍËPŒKŒÐÍB‚LPŒLMËPŒLKMŽKPŒL‹MŽPŒMKLËLPŒM‹M‹PŒMËMPŒNMKPŒNKÐMKB‚LPŒPKÍP‘PŒQKŽMPŒQ‹ŽMKPŒŒŽM‹LPŒŒ‹Í‹PŒŒËÍŒËPŒŽP‹PŒKŒP‹B‚LPŒË‘MÎPŒŽÌŽKPŒŽKŒP‘KPŒ‹ÐM‹LPŒ‘KŽPÍPŒ‘‹KPŒÌKÍÐ‹PŒÌ‹ŒPËB‚LPŒÌËPÍÌ‹PŒÍKŒP‘‹PŒÍËŒÐÍ‹PŒÐKMËLPŒÐ‹ÐMËPŒÐËŒQPŒÑKMPŒÑ‹MKB‚LPK‘QP‹‘QKPËNKP‘MÐKLPK‘MÎKP‹NPQŽKPKŒPÌB‚LP‹ŒPÌ‹PËŒPÌKPÌÍLËPKÌÍL‹LP‹ÌÍLKPLKÍMQKPL‹NPMÍMQB‚LPMKÐNKPM‹ÐNPNÍËPNKŽKLPPKŒÐ‘PP‹LPKPQ‹MLKPŒM‹B‚LPŒKMLPNL‹P‹NPËNKLPŽNLKPËNLËP‘‹‘MÐËPÌNLB‚LPÌKNËPÍN‹PÍKN‹PÍ‹NKLPÍË‘MÐ‹PÐKPÍÑPÐ‹PÍÎPÐËPÍÍ‹B‚LPÑPÐLKPÑKPÍÍËPŽPÍÌËPŽ‹PÍÎKLPŽKPÍÍPŽ‹QÌ‹PŽËPÍÍKPŽPÐL‹B‚LPŽLPÍÐËPŽLKÌKPŽL‹PÍÐ‹PŽLËPÍÐKLPŽMKPÍÑKPŽPKQKPŽP‹Q‘PŽQKQËB‚LPLQÍPLKQ‘‹PL‹QÌËPMQÌKLPMKQÌPM‹Q‘KPNQ‹PPKÌËB‚LPP‹Ì‹PQÌPQKÌKPQ‹QÍKLPKŒPÎP‹ŒPÐ‹PŽŒPÎKPŽKŒPÑB‚LP‘ŒPÑKP‘‹ŒPÍ‹PÌÌÍNPÌKŒPÍËLPÌËŒPÍKPÍŒPÐËPÍ‹ŒPÍPÍËŒPÌËB‚LPÎÌÍMËPÎKÌÍMKPÐKÌÍMP‘ËŒPÐKLP‘ŒÐÑ‹P‘KŒÑKP‘‹ÍKP‘ËŒÑB‚LP‘KŒÑËP‘KŒÑËP‘‹Í‹P‘ËŒÑ‹LP‘KŒÐÐKP‘LŒÐÎKP‘LKŒÑ‹P‘L‹ŒÐÑB‚LP‘MŒÐÐ‹P‘MKŒÑP‘M‹ŒÐÐËP‘MËÍKLP‘NÍP‘PKŒÐÍËP‘P‹ŒÐÎP‘PËŒÑKB‚LP‘ŒŒÐÑKP‘ËMËP‘ŽM‘‹P‘‘ÌÍM‹LPÌKM‘PÌ‹MÌËPÌËMÌKPÌM‹B‚LPÌKMÍ‹PÌ‹MKPÌÍÑ‹PÌKMÌ‹LPÌL‹M‘KPÌLËÍÑKPÌMMÍKPÌMËMÍB‚LPÌPËP‹PÌQPKPÌŒKŒKPÌŒËQLPÌŒPÌKÍMŒPÌŽQKPÌŽKQ‹B‚LPÌ‹NKPÌËPËPÌ‘ÍMQ‹PÌÌKÍP‘‹LPÌÌ‹ÐPÌÌËÐQ‹PÌÍÐŒËPÌÍ‹Ð‹B‚LPÌÍËÐŒ‹PÌÎKÐQKPÌÐ‹ÍPÌKPÌÐËÐŒKLPÌÑÐKPÌÑKÍPÌPÌÑ‹ÐPËPÍMÌB‚LPÍKÐŒPÍÐQPÍ‹ÐPKPÍÐP‹LPÍKÍP‘KPÍKŽPKPÍ‹ŽPËPÍËŽQ‹B‚LPÍŽP‹PÍKŽŒPÍLŽNKPÍL‹ŽMËLPÍMÍQP‹PÍMKŽQPÍM‹ÍQQPÍMËÍQPËB‚LPÍNŽNPÍNKŽQKPÍQKŽKPÍQ‹ÍLPÍŒŽ‹PÍŒ‹ŽKPÍŒËŽ‹PÍ‹ŽB‚LPÍËŽËPÍŽŽMPKPÍ‘ŽMPËPÍ‘KŽMP‹LPÍÌKŽMÎKPÍÌËŽMÎPÍÍŽMÍËPÍÍKŽMÐKB‚LPÍÍËÍÌËPÍÎÍÍPÍÎKŽPÐKPÍÐKŽPÑKLPÑMKŒÐ‘KPÑM‹ÐQ‹PÑMËLQPÑNKŽPMËB‚LPÑPKLP‹PÑQLPËPÑŒKML‹PÑŒ‹MLËLPÑŒË‘ŒKPÑ‘Q‹PÑKMMPÑ‹‘ŒB‚LPÑËNNPÑŽKNP‹PÑKNMKPÑ‹NPËLPÑËNMPÑ‘NM‹PÑ‘‹NMËQNPKB‚LQË‘PLKQNQ‹QKNQKQ‹‘MÑLQËNNKQNQQK‘MÑKQLPÐPËB‚LQL‹Ì‘‹QMPÐMËQMKÌ‹QMËPÐMLQNPÐPKQNKPÐQQP‹ÌÌQQPÐNKB‚LQQKPÐM‹QQ‹PÐQKQŒPÐMKQŒ‹PÐP‹LQŒËÌËQKPÐLËQ‹Ì‘QŽÌ‘KB‚LQŽKPÐNQ‘QNKQ‘KQÐKQ‘‹QÐ‹LQÌQÑKQÌKQÐËQÌËQÍ‹QÍ‹QÎKB‚LQÍËQMKQÎQÑQÐ‹ÌKQÑQMËLQÑKQMQÑ‹Ì‹QQM‹QKQÍËB‚LQ‹QL‹QËQLËQKQLKQKŒQ‹LQ‹ŒQQËŒQËQ‹ŒQKQLKÌÍNKB‚LQL‹ŒQKQLËŒQQMŒQKQM‹ŒQ‹LQMËŒQQNŒQËQNKŒQKQPKŒQB‚LQP‹ŒQËQPËŒPÑ‹QQÌÍPKQQ‹ŒQ‹LQŒÌÍP‹QŒKÍQËQÎQŽŒÑŒKB‚LQŽKŒÑNQKÍ‹Q‹ŒÑMQËÍLLQ‘‹ŒÑQQÌŒÑMËQÌKŒÑQÌ‹ÍKB‚LQÌËŒÑPKQÍŒÑMKQÍKŒÑM‹QÍËŒÑLQÎŒÑ‹QÎKŒÑQKQÐ‹ŒÑP‹QÑŒÑLËB‚LQÑ‹ŒÑQ‹QŒÑKQKŒÑKQ‹ŒÑPËLQŒÑ‹QKŒÑNKQ‹ŒÑLQËŒÑŒB‚LQŒÑËQKÍËQKŒÑKQ‹ŒÑLKLQËŒÑL‹QLMÑQL‹MÐ‹QMPL‹B‚LQM‹PQKQMËPMKQNMÐËQNKMÎLQPKPMËQP‹MÑKQPËPLËQQMÐKB‚LQQKPPKQQ‹MÍËQLPLKQLKPM‹LQL‹PNQLËPP‹QMMÎKQM‹PQ‹B‚LQMËPŒQNPNKQNKPQQPKPMLQPËÌKQQÍQQ‹ÍMŒKQŒKÌËB‚LQŒ‹ÎQŒËÍ‹QÍMŒ‹QK‘LQ‹ŒËQËŒ‹QŽÍMQŽK‘‹B‚LQKÌQ‹ËQËQ‘KŽKLQ‘‹PPËQÌKKQÌ‹ÍMŒËQÌË‹B‚LQÍKKQÍË‹QÎÌ‹QÐKËLQÐ‹Ð‹QÐËÍKQÑÍËQÑK‘KB‚LQÑ‹ŽQÐËQKÐ‘KQ‹ÐŽLQËÍPÌ‹QKÐÍKQ‹ÐÌËQËÍPÌËB‚LQÐÌ‹QKÐÌKQKÐKQ‹ÐËLQËÐ‘QÐÍ‹QKÐŽKQ‹Ð‘‹B‚LQLKŽŽKQL‹Ž‘KQLËŽQMŽËLQMKÍQQKQM‹Ž‹QNŽÌ‹QNKÐÌB‚LQP‹ŽKQPËŽ‘‹QQŽÌËQQKŽKLQQ‹ŽŒËQŒŽ‘QŒ‹ŽËQŒËŽÌKB‚LQŽÌQKÐÍQ‹ŽŽQËŽŒ‹LQŽŽ‹QŽKÍKQKÍ‹Q‹ŽŒKB‚LQ‘ŽM‹Q‘KŽQ‘‹ŽMKQLŽL‹LQLKŽLËQL‹ŽËQLËŽ‹QLŽMËB‚LQLKŽLKQL‹ŽLQLËŽKQLKŽMLQL‹ŽMQQLŽMQKQL‹ŽMŒQLLŽMQ‹B‚LQLLKŽMŒ‹QLL‹ŽMŒKQLLËŽMÐËQLMŽMÐ‹LQLMKŽPËQLMËŽPŽQLNKŽPÍKQLPKÍÎB‚LQLP‹ÍÐËQLQŽPÑ‹QLQKÍÑQMÍKŒÐ‘‹LQMÎKÍQMÐKÎKQMÐËÍLQMÑÍLKB‚LQMÑ‹ŒÐÌQNLQKQN‹ŽPNQNËNŒLQN‹PÐŒQNËPÐŒKQNPÐQ‹QNKQP‹B‚LQNKQPKQN‹ÌËQNËŒQ‹QNQPËLQNKŒQKQNLKŒÑŒËQNL‹ÍLKQNLËÍLËB‚LQNMŒÑŒ‹QNMËÍL‹QNNKPŒKQNPKPŒËLQNP‹PŒ‹QNPËÐKQNQÍMKQNQ‹ÍQQ‹B‚LQPLŽNQPLKŽMŒËQPMŽQ‹QPMKŒÐÌKLQPMËMMKQPNK‘PL‹QPQPÐŒËQPQKPÐŒ‹B‚LQPŒQQQPÍMQPKÍKQP‹ÐÍËLQPËŽPÐ‹QP‹ŒÐÌ‹QPË‘Œ‹QP‘K‘PLËB‚LQPÌŒÑQPÌ‹ŽÍQPÌËÌQPÎQQKLQPÐËÍQPÑÌKQPÑK‘PMQPÑ‹ÌB‚LQQŽÍKQQKÌ‹QQËNŒKQQÌÌ‹LQQKPÐQQ‹PÐKQQÌÌKQQKQQ‹B‚LQQ‹ÌËQQËÌKQQÌ‹QQKÌKLQQ‹ŒQLQQLÌÍPËQQMPKQQMKPB‚LQQM‹PËQQMËP‹QQNÍ‹QQP‹Ð‹LQQQÑQQQKÐËQQQ‹ÍM‹QQŒÐÎB‚LQQŒ‹ŽÍ‹QQŒËŽÍËQQÍQŒQQKŽMLQQ‹ŽMÑQQËÍÍKQQŽKÐŒQQKPÐ‹B‚LQQ‹QŒQQËŒÑKQQ‘LQ‹QQ‘‹QŒKLQŒŒQL‹QŒKŒQLKQŒ‹ŽÎQŒËÍL‹B‚LQŒKŽMKQŒKŽMÑKQŒKŽPNKQŒ‹NŒ‹LQŒLNŒËQŒL‹PÐËQŒLËŽPPKQŒMKÌÍQB‚LQŒM‹ŒQLËQŒNÑ‹QŒNKÍMËQŒPK‘LQŒP‹ÑKQŒPËŽÎKQŒQKŽNKQŒŒŽPP‹B‚LQŒŒ‹QQŒŒËQŒËQŒQŒ‹QŒKŒQMLQŒŽŒQNQŒŽKŒQMËQŒKŒQM‹QŒ‹ŒQMKB‚LQŒËÌÍQKQŒ‘ŒÑ‹QŒ‘KPŽKQŒ‘‹ÍËLQŒÌPŽQŒÌK‘KQŒÌ‹ÐÐ‹QŒÌËÐÐKB‚LQŒÍÍPÍQŒÍKÐÎKQŒÍ‹ŽÐËQŒÍËŽÐ‹LQŒÎŽÐKQŒÐ‹‘ŒËQŒÑPÐŽQŒÑKÌB‚LQŒÑËQKŒÑŽQ‹ÐÐËQËŽÑLQ‹ŽPKQËŽM‹QŽPŽKQKŽQB‚LQK‘Q‹ÌKQËŒQNKQŒÑŽKLQK‘‹Q‹ŽÑKQL‹‘PM‹QMQKB‚LQMKŒQPKQM‹ŒÑKQMËŒÑ‹QNŒÑËLQNKP‘KQP‹PKQPËÍMŽQQP‘B‚LQQKPËQQ‹ÍQŒP‹QŒKÍ‹LQŒËÍKQ‘QK‘ËQ‹ÍMŽKB‚LQËÍMKQKÍPÍ‹Q‹ÐÑQËÍPÍKLQ‘KŽLËQ‘‹ŽMQÌŽL‹QÌKŽLKB‚LQÌ‹ÍMQÍŽP‹QÍKŽPËQÍ‹ŽQLQÍËÍLËQÎŽMËQÎKŽMKQÐKŽMŽKB‚LQÐ‹ŽMŽQÑKŽQËQŽÌÌËQŽLÌÍKLQŽLKP‘‹QŽL‹‘KQŽMÍPÍËQŽMKÐÑKB‚LQŽNŽQKQŽPËÌÍQLQ‹QL‹ÐÑ‹LQMŽPLKLËÎMKLË‘LÌLMKB‚L‘LÌKLMMË‘LÌËLMNK‘LÍLMP‹‘LÍKLMQ‹L‘LÍ‹LMŒ‘LÍËLMŒË‘LÎLM‘LÎKLMËB‚L‘LÐKLMŽ‘LÐ‹LM‹‘LÐËLMË‘LÑLM‘‹L‘LÑKLMÌ‘LÑ‹LMÌË‘MLMÍ‘MKLMÍËB‚L‘M‹LMÎ‘MËLMÐ‹‘MLMÐË‘MKLPÍ‹L‘MKLPÍË‘M‹LPÐK‘MËLPÐ‹‘MLPÎB‚L‘MKLPÎK‘M‹LMPË‘MLLM‘MLKLMKL‘ML‹LM‹‘MMLMLK‘MMKLML‹‘MM‹LMLËB‚L‘MMËLMM‘MNKLMÑ‘MPKLMÑK‘MP‹LPLKL‘MPËLPL‹‘MQLPLË‘MQKLPM‘MQ‹LPÐËB‚L‘MŒLPÑ‘MŒKLPÑK‘MŒ‹LQK‘MŒËLQ‹L‘MLQL‘MKLQLK‘M‹LQL‹‘MŽL‹B‚L‘MŽKLË‘MKL‘M‹LK‘ŒKLMKL‘ŒËLPQ‘ŒLË‘ŒKL‘Œ‹LPQKB‚L‘ŒLMQ‘ŒKLMQK‘ŒKLPQ‹‘Œ‹LPÑ‹L‘ŒËLMK‘ŒLQ‘ŒKLM‘Œ‹LQ‘KB‚L‘ŒLLQ‹‘ŒLKLŒ‘ŒL‹LŒK‘ŒLËLŒ‹L‘ŒMLŒË‘ŒMKL‘ŒM‹LK‘ŒMËL‹B‚L‘ŒNLË‘ŒNKLŽ‘ŒPKLMË‘ŒP‹LM‹L‘ŒPËLQK‘ŒQLQË‘ŒQKLQ‹‘ŒQ‹LMB‚L‘ŒŒLK‘ŒŒKLÑ‹‘ŒŒ‹L‘‘ŒŒËL‘KL‘ŒL‘‹‘ŒKL‘Ë‘Œ‹L‘‘ŒËL‘KB‚L‘ŒŽL‘‹‘ŒŽKL‘Ë‘ŒKL‘‘Œ‹L‘KL‘ŒËL‘K‘Œ‘L‘‹‘Œ‘KL‘Ë‘Œ‘‹L‘B‚L‘ŒÌL‘K‘ŒÌKL‘‹‘ŒÌ‹L‘L‘ŒÌËL‘LKL‘ŒÍL‘L‹‘ŒÍKL‘LË‘ŒÍ‹L‘M‘ŒÍËL‘MKB‚L‘ŒÎL‘M‹‘ŒÎKL‘MË‘ŒÐKL‘N‘ŒÐËLL‘ŒÑ‹LPÍ‘KL‘NK‘‹L‘PK‘ËL‘P‹B‚L‘L‘PË‘KL‘Q‘‹L‘QK‘ËL‘Q‹L‘L‘Œ‘KL‘ŒK‘KL‘Œ‹‘‹L‘ŒËB‚L‘ËL‘‘L‘K‘KL‘‹‘‹L‘ËL‘LL‘Ž‘LKL‘ŽK‘L‹L‘K‘LËL‘‹B‚L‘ML‘Ë‘MKL‘‘‘M‹L‘‘K‘MËLÍL‘NLÍK‘NKLÍ‹‘PKLÍË‘P‹LMŒKB‚L‘PËLMMK‘QLMŒ‹‘QKLQLË‘‘LL‹L‘‘LKLË‘‘LËLPÌË‘‘MKLBŸNÃBƒBœÝ]XÈÛÛœÝÐÒTˆÙ[L[šNML×HHÂKÊˆšYÍHKOˆ[šXÛÙHZ\œÈ
‹ÃB‚LLMÌLMK‘ŒËLM‹ÌKLMËÌ‹LLM‘ŒKLMKŒËLM‹‘ŒP‹LMË‘ŒPKB‚LLM‘ŒQ‹LMK‘ŒKLMK‘LÌLM‹Œ‹LLMËŒKLM‘MLLMK‘MLKLM‹‘ML‹B‚LLMLËLMLK‘MMLML‹‘MMKLMLË‘MM‹LLMM‘MMËLMMK‘PËLMM‹ŒLËLMMË‘LÌKB‚LLMNŒMLMNK‘LÌËLMPKMÍLMP‹‘LÍLLMPË‘M‹LMQ‘ŒLMQK‘ŒKLMQ‹‘LÍKB‚LLMŒ‘LÍ‹LMŒK‘P‹LMŒ‹‘QLMŒË‘LÍËLLM‘LÎLMKÌMLM‹ÌMKLMË‘LÎKB‚LLMŽ‘LÐKLMŽKÌLLMKÌLKLM‹‘LÐ‹LLMË‘LÐËLM‘ÌKLM‘KÌ‹LM‘‹‘LÑB‚LLMÌ‘LÑKLMÌKÌLMÌ‹ÌKLMÌË‘LÑ‹LLMÍ‘MLMÍKÌËLMÍ‹ÌLMÍË‘MKB‚LLMÎ‘M‹LMÎKÌKLMÐKÌ‹LMÐ‹‘MËLLMÐË‘MLMÑ‘MNKLMÑK‘MPKLPLK‘MP‹B‚LLPL‹‘MPËLPLË‘MQLPM‘MQKLPMKŒNLLPM‹ŒNKLPMËŒPËLPNŒQLPNKÌQB‚LLPPKÌQKLPP‹ŒÍKLPPËŒÌ‹LPQ‘ŒËLLPQK‘Œ‹LPQ‹‘ŒKLPŒŒÐ‹LPŒKMËB‚LLPŒ‹ÌËLPŒËPÐ‹LPPÑ‹LPKPŒËLLP‹PŒ‹LPËPÑKLPŽŒ‹LPŽKŒKB‚LLPKPÍËLP‹PÍ‹LPËPLKLP‘PLLLP‘KP‘LP‘‹PËLPÌÌLËLPÌKŒLKB‚LLPÌ‹Q‹LPÌË‘‘LËLPÍ‘ŒÑ‹LPÍKÑLLPÍ‹‘MKLPÍË‘MKLPÎ‘MLPÎK‘MKB‚LLPÐK‘M‹LPÐ‹‘MËLPÐË‘MQ‹LPÑ‘MŒLLPÑK‘MŒKLPÑ‹‘Œ‹LQ‘ŒLQKËB‚LLQ‹ËLQËŒKLQŒŒPKLQK‘ŒPËLLQ‹‘ŒQKLQË‘ŒQLQŒ‹LQKŒËB‚LLQKŒŒLQ‹ŒŒQKLQËŒL‹LQŒŒKLLQK‘MŒ‹LQ‹‘MŒËLQL‘MLQLK‘MKB‚LLQL‹‘M‹LQLË‘QKLQMŒŒŽKLQMKŒŒKLLQM‹ŒMKLQMËŒŒŒLQNŒŒQ‹LQNKŒ‘‹B‚LLQPKÌÑ‹LQP‹ÌÑKLQPËŒŒ‹LQQŒŒ‘KLLQQKŒŒÍKLQQ‹ŒŒÍLQŒLQŒK‹B‚LLQŒ‹ŒŽMKLQŒËŒŽNKLQŒNLKLQKŒNLËLLQ‹ŒNLLQËŒNL‹LQŽŒNM‹LQŽKŒNMËB‚LLQKŒNNKLQ‹ŒNNLQËŒŒKLQ‘ŒŒŒËLLQ‘K‘Œ‹L‘ŒÐËLKŒŒMKL‹‘MŽB‚LLË‘ŒL‘‘MKLKÌL‹L‹‘‘LLLË‘‘LKL‘ŒKLK‘ŒŒLKŒLËB‚LL‹ŒLKLË‘MŽKL‘MKLK‘M‹LL‹ÌÑKLLÌÎPËLLKÌÎQLL‹ÌÎQKB‚LLLËÌÐÑKLMÌÐLKLMKÌÎKLM‹ÌÎ‹LLMËÌÐÍLNŒLNKLMNKLPKLMP‹B‚LLP‹LMQKLPËLMQLQLMŒKLQKLMŒËLLQ‹MQMËLŒÍNKLŒKÐÐÑKLŒ‹NKB‚LLŒËN‹LNËLKNL‹NKLLËN‹LŽNËLŽKNLKN‹B‚LL‹NKLËNL‘NËL‘KN‹LL‘‹NKLÌNKLÌKLÐËLÌ‹LÍB‚LLÌËLËLÍLLÍKLPËLÍ‹NMLLÍËLLÎL‹LÎKNMKLÐKLËB‚LLÐ‹LLLÐËLMLÑLNLÑKM‘LLLKM‘KLL‹MÌLLËM‘‹LMMLB‚LLMKMQKLM‹MKLMËMŒKLNQL‹LLNKQLËLPKQMKLP‹QMLPËMÌKB‚LLQMÌ‹LQKMÌËLQ‹‘ŒLLŒ‘ŒLKLLŒK‘ŒL‹LŒ‹‘ŒLËLŒË‘ŒML‘ŒMKB‚LLK‘ŒM‹L‹‘ŒMËLË‘ŒNLŽ‘ŒNKLLŽKŒMŒLKŒMŒKL‹ŒMŒ‹LËŒMŒËB‚LL‘ŒML‘KŒMKL‘‹ŒM‹LÌŒMËLLÌKŒMŽLÌ‹ŒMŽKLÌËÌŒKLÍÌŒ‹B‚LLÍKÌŒËLÍ‹ÌLÍËÌKLÎÌ‹LLÎKÌËLÐKÌŽLÐ‹ÌŽKLÐËLÍKB‚LLÑLÍLÑKLÍKLÑ‹‘ŒŒKL‘‘ŒŒ‹LL‘K‘ŒŒËL‘‹‘ŒL‘Ë‘ŒKL‘‘Œ‹B‚LL‘K‘ŒËL‘‹‘ŒŽL‘Ë‘ŒŽKL‘‘ŒKLL‘K‘Œ‹L‘K‘ŒËL‘‹‘Œ‘L‘Ë‘Œ‘KB‚LL‘‘Œ‘‹L‘K‘ŒÌL‘‹‘ŒÌKL‘L‘ŒÌ‹LL‘LK‘ŒÌËL‘L‹‘ŒÍL‘LË‘ŒÍKL‘M‘ŒÍ‹B‚LL‘MK‘ŒÍËL‘M‹‘ŒÎL‘MË‘ŒÎKL‘N‘ŒÐKLL‘NK‘KL‘PK‘‹L‘P‹‘ËL‘PË‘B‚LL‘Q‘KL‘QK‘‹L‘Q‹‘ËL‘Œ‘LL‘ŒK‘KL‘Œ‹‘KL‘ŒË‘‹L‘‘ËB‚LL‘K‘L‘‹‘KL‘Ë‘‹L‘Ž‘LLL‘ŽK‘LKL‘K‘L‹L‘‹‘LËL‘Ë‘MB‚LL‘‘‘MKL‘‘K‘M‹LÍ‘MËLÍK‘NLLÍ‹‘NKLÍË‘PKLÍÎLKLÍKÎL‹B‚LLÍ‹ÎLËLÍËÎMLÍÎMKLÍKÎM‹LLÍKÎMËLÍ‹ÎNLÍËÎNKLÍÎPKB‚LLÍKÎP‹LÍ‹ÎPËLÍLÎQLÍLKÎQKLLÍL‹ÎQ‹LÍLËÐLLÍMÐLKLÍMKÐLËB‚LLÍM‹ÐMLÍMËÐMKLÍNÐM‹LÍNKÐMËLLÍPKÐNLÍP‹ÐNKLÍPËÐŒKLÍQÐŒ‹B‚LLÍQKÐŒËLÍQ‹ÐLÍŒÐKLÍŒKÐ‹LLÍŒ‹ÐËLÍŒËÐŽLÍÐŽKLÍKÐKB‚LLÍ‹Ð‹LÍËÐËLÍŽÐ‘LÍŽKÐ‘KLLÍKÐ‘‹LÍ‹ÐÌLÍËÐÌKLÍ‘ÐÌËB‚LLÍ‘KÐÍLÍ‘‹ÐÍKLÍÌÐÍ‹LÍÌKÐÍËLLÍÌ‹ÐÎLÍÌËÐÎKLÍÍÌLKLÍÍKÌL‹B‚LLÍÍ‹ÌLËLÍÍËÌLLÍÎÌLKLÍÎKÌLKLLÍÐKÌL‹LÍÐ‹ÌLËLÍÐËÌLLÍÑÌLKB‚LLÍÑKÌL‹LÐLKÌLLLÐL‹ÌLLKLÐLËÌLL‹LLÐMÌLLËLÐMKÌLMLÐM‹ÌLMKLÐMËÌLM‹B‚LLÐNÌLMËLÐNKÌLNLÐPKÌLNKLÐP‹ÌLPKLLÐPËÌLP‹LÐQÌLPËLÐQKÌLQLÐQ‹ÌLQKB‚LLÐŒÌLQ‹LÐŒKÌLŒLÐŒ‹ÌLŒKLÐŒËÌLŒ‹LLÐÌLŒËLÐKÌLLÐ‹ÌLKLÐËÌL‹B‚LLÐŽÌLËLÐŽKÌLŽLÐKÌLŽKLÐ‹‘KLLÐËÎKLÐ‘ÐKLÐ‘KÍËLÐ‘‹Ð‹B‚LLÑLKŒPËMLMKMNKM‹LKLMËLËMMËMKMQM‹N‹B‚LMËNËMPKMKLLÑ‹MKLMKLM‹LM‹MËLQLMLŒMKLŒKB‚LM‹LŽP‹MLLÌMKMLKLÍKML‹LÍPËLMLËLÐÎMMLKMMKL‹MM‹LB‚LMMËLKMNL‹MNKLÎMPKLQLKLMP‹MKMPËMMQMQ‹MQKMQKB‚LMQ‹NKMŒPLKMŒKLMMŒ‹LŒËLMŒËL‘KMLÍËMKLÐÎKM‹LÑLËB‚LMËMÌQ‹MŽNP‹MŽKNLMKMKNLËLM‹NMÌËMËPLM‘PLKM‘KPLËB‚LM‘‹P‘ŽMÌPÌ‹MÌKPÌŒ‹MÌ‹PÌÎLMÌËPÍÌKMÍQMÍKQMKMÍ‹QŒKB‚LMÍËQŒ‹MÎQŒËMÎKQ‘KMÐKQMÌ‹LMÐ‹QQ‘KMÐËQŒ‹MÑQŒLËMÑKŒB‚LMLKLLKML‹LLMLËLMML‘LMMKLÌMM‹LÎKMMËM‹MNPÌÎKB‚LMNKNMPKNLKMP‹NMKMPËNL‹LMQNMMQKPL‹MQ‹PÌKMŒPÌB‚LMŒKPÌËMŒ‹PÍ‹MŒËPÍËMPÑLMKPÐKM‹PÐ‹MËPÍMŽLMËB‚LMŽKLMKMKLMËM‹LM‘MËLM‘KLM‘LMËM‘KLNMËM‘‹LQ‹MÌLŒ‹B‚LMÌKLŒËMÌ‹LŒMÌËL‘‹MÍL‘‘KLMÍKL‘‘‹MÍ‹LÌM‹MÍËLÌÎKMÎLÍB‚LMÎKLÍËMÐKLÍKMÐ‹LÍQKMÐËLÎLMÑLÐÐ‹MÑKLÐÐKMÑ‹LÐÑMNPËB‚LMKNLŽKM‹NL‹MËNLKMNL‘LMKPMM‹PÌLKMËPÌMPÌÐKB‚LMKPÍ‘‹MKQM‹QMÐ‹MËQQ‘‹LMQŒMMKQŒMKM‹QÌËMLŒŒB‚LMLKŒŒÍ‹ML‹Œ‹MLËŒKMML‘‹LMMKNËMM‹NMËMMËPMMNPŽKB‚LMNKQMKMPK‘ŒMP‹ÌMPËÌŽLMQŒŒMQKŒ‹MQ‹ÎKMŒÐ‹B‚LMŒK‘MŒ‹‘‹MŒËÌ‹MÌÍLMKÌ‹M‹ÌŒKMËÌŒÍ‹MŽÌŒÐ‹B‚LMŽKÌËMKÌNKM‹ÌP‹MËÌPËLM‘ÌÎ‹M‘KLNKMMLM‹MMKLMKB‚LMM‹LMMMËLNMMLÐ‹MMKMLMM‹M‹MMËMKMMQMKMMKQB‚LMMKQMM‹QKMMËQ‹MMQËLMMKQLËMM‹QMMMLQKMMLKQKB‚LMML‹LMKMMLËLMMMMLNKMMMKLNKLMMM‹LPPËMMMËLQŽKMMNLQKMMNKLQŽB‚LMMPKLŒKMMP‹LLMMPËLŽQ‹MMQLÌKLMMQKLÌ‹MMQ‹LÌMËMMŒLÌQMMŒKQ‹B‚LMMŒ‹LÍKMMŒËLÍKMMLÍŒKMMKLÍŒLMM‹LÍ‘‹MMËLÍ‘KMMŽLÐ‹MMŽKLÑQ‹B‚LMMKLÑMMM‹LÑŒËMMËLÑPËMM‘LÑQKLMM‘KLÑNKMM‘‹LÑNMMÌLÑËMMÌKLÑŽB‚LMMÌ‹LÑKMMÌËLÑP‹MMÍLÑM‹MMÍKLÑPKLMMÍ‹LÑŒ‹MMÍËLÑŒKMMÎLÑŒMMÎKLÑMKB‚LMMÐKLÑQMMÐ‹LÑ‹MMÐËM‘‹MMÑM‘KLMMÑKNLM‹MPLKNL‘KMPL‹NLÌKMPLËNMÍB‚LMPMNMÍ‹MPMKPMKMPM‹PŽËMPMËPÌÐËLMPNQNMPNKQMËMPPKQM‹MPP‹QL‹B‚LMPPËQLËMPQQMÌËMPQKQMÐËMPQ‹QŒKLMPŒQŒNMPŒKQŒMËMPŒ‹QÍKMPŒËŒŒKB‚LMPŒLËMPKŒMMP‹ŒL‹MPËŒLKLMPŽPMKMPŽKQM‹MPKÌ‘KMP‹ÌËB‚LMPËÌKMP‘Ì‹MP‘KÌ‘MP‘‹ŒËLMPÌÑMPÌKÌLKMPÌ‹ÌLMPÌËÌÎB‚LMPÍÍKMPÍKÍMPÍ‹ÌÑKMPÍËÌQ‹LMPÎÌÎMPÎKÌÎKMPÐKÍËMPÐ‹ÍM‹B‚LMPÐËÍLNMPÑÍLQ‹MPÑKÍLŽMPÑ‹ÍLŽKLMQÍLÌMQKÍLÌKMQ‹ÍLÌ‹MQËÍLÌËB‚LMQÍN‹MQKÍÑMQ‹ÍQKMQËÍ‘‹LMQÍ‘QKMQKÍÑ‹MQKÍÑL‹MQ‹ÍÑŒËB‚LMQËÎLÐKMQÎP‘KMQKÐMÍMQ‹ÐPÐ‹LMQLLQKMQLKLQ‹MQL‹ML‹MQLËMLËB‚LMQMMŽKMQMKNNKMQM‹PMMQMËPM‹LMQNPMKMQNKQ‘‹MQPKŒKMQP‹ŒNKB‚LMQPËŒKMQQŒMKMQQKŒMQQ‹ŒLLMQŒŒLKMQŒKŒ‹MQŒ‹QŒ‹MQŒËQ‹B‚LMQQ‹MQKQŒMQ‹QŒËMQËQ‘LMQŽŒKMQŽKŒ‹MQKLMKMQ‹LMËB‚LMQËLM‹MQ‘LMMQ‘KLMŽMLMÌKLMKLNM‹LPŒMËLŒMËMLŒLKB‚LMKLŒL‹M‹LŒKMËLŒM‹MLLËLMKLÌMKLÌŒKM‹LÌŒMËLÍÌB‚LMLÍÌKMKMKM‹M‹MLMËLMLKMKML‹MLMLËMKMMM‹B‚LMMKMMM‹MLKMMËMMNMLMNKMËMPKMKMP‹M‹MPËML‹B‚LMQM‘LMQKM‘KMQ‹M‘MŒMÌÌËLMŒKMÌÌMŒ‹MÌŽMŒËMÌ‘MMÌËB‚LMKMÌ‘‹M‹MÌŽKMËNLNKMŽNLPKLMŽKNLÍËMKNLÎM‹NNMËNMÎB‚LM‘NNËM‘KNMÑM‘‹NMÎKMÌNN‹LMÌKNNKMÌ‹PMËMÌËPNMÍPŽËB‚LMÍKPŽMÍ‹PŽKMÍËPŽKMÎP‘KLMÎKPÌM‹MÐKPÍÎKMÐ‹QKMÐËQL‹B‚LMÑQMÍ‹MÑKQMÍMLKQŒ‹ML‹QŒP‹LMLËQ‘KMMQ‘‹MMKŒŒKMM‹ŒŒËB‚LMMËŒŒMNŒŒLMNKŒŒËMPKŒP‹LMP‹ŒNMPËLÍ‹MQQNKMQKQNB‚LMQ‹QPËMŒQQMŒK‘Œ‹MŒ‹‘ŒËLMŒËÌKMÌÑMKÌÍM‹ÌÌKB‚LMËÌÍKMŽŒŒKMŽKMKÐ‹LM‹ÌM‹MËÍQM‘ÍMËM‘KÍNKB‚LM‘‹ÍQ‹MÌÍŒMÌKÍLMÌ‹ÍMKLMÌËÍŒKMÍÍP‹MÍKÍMÍ‹ÍKB‚LMÍËÌÌMÎÌQ‹MÎKÌQMÐKÍÑKLMÐ‹ÐQŽKMÐËÐÍÌËMÑÐÑŽMÑKÑŒÍ‹B‚LMÑ‹ÑŽKM‘Ñ‘M‘KKM‘‹ËLM‘ËËM‘L‹M‘KÌËM‘‹Ñ‹B‚LM‘ËKM‘‹M‘KËM‘KQLËLM‘‹QPKM‘ËQŒËM‘QËM‘KŒËB‚LM‘‹ŒP‹M‘LŒQ‹M‘LK‘KM‘L‹Ì‹LM‘LËÑKM‘M‹M‘MKM‘M‹ËB‚LM‘MËŒËM‘NMÑ‹M‘NKMŒŒKM‘PKLÌ‹LM‘P‹PNM‘PËM‘Q‹M‘QKËB‚LM‘Q‹MËM‘ŒQKM‘ŒKŒÍM‘Œ‹P‹LM‘ŒËMKM‘ŒÌM‘KLM‘‹LKB‚LM‘ËŒÑM‘ŽŒÐKM‘ŽKŒÎM‘KËLM‘‹MM‘ËŒÐËM‘‘‹M‘‘KŒËB‚LMÍPËMÍKŒMÍ‹Œ‘‹MÍËKLMÍŒÍ‹MÍKNKMÍ‹QMÍËB‚LMÍPKMÍKLMËMÍKLM‹MÍ‹LMLMÍËLMÍKMÍLP‹MÍKLPËMÍ‹LŒKB‚LMÍLLŒMÍLKLŒŽKMÍL‹LŒKMÍLËLŒŽLMÍMLP‹MÍMKLNKMÍM‹LPKMÍMËLPËB‚LMÍNLÌŒËMÍNKLÍÌËMÍPKLÍÍKMÍP‹MQLMÍPËM‘MÍQMQKMÍQKMÑKMÍQ‹M‹B‚LMÍŒMKMÍŒKMËMÍŒ‹M‹MÍŒËMËLMÍMÌËMÍKMMÍ‹M‹MÍËMP‹B‚LMÍŽMŽKMÍŽKMKMÍKMÎKMÍ‹MÐ‹LMÍËMÎMÍ‘M‘KMÍ‘KMÍKMÍ‘‹MÍ‹B‚LMÍÌMŒMÍÌKMÐËMÍÌ‹MMÍÌËMÌKLMÍÍM‹MÍÍKMQ‹MÍÍ‹MËMÍÍËM‘PKB‚LMÍÎM‘ŒMÍÎKM‘MMÍÐKM‘P‹MÍÐ‹MÍKLMÍÐËMÍLKMÍÑMÍMÍÑKMÍMÐLKMÍËB‚LMÐL‹MÍKMÐLËMÌÑKMÐMMÍLMÐMKMÍ‹LMÐM‹MÌÐ‹MÐMËNQ‹MÐNNLÑKMÐNKNNQB‚LMÐPKNNL‹MÐP‹NPNMÐPËNNQKMÐQNPLËLMÐQKNNNKMÐQ‹NNM‹MÐŒNNMÐŒKNPMB‚LMÐŒ‹NNLËMÐŒËNNKMÐNPMKMÐKPQLMÐ‹PPËMÐËPPKMÐŽPP‹MÐŽKPŽËB‚LMÐKPŽ‹MÐ‹PŽ‹MÐËPÌËMÐ‘PÍLMÐ‘KPÍKMÐ‘‹PÌÑ‹MÐÌPÌÑKMÐÌKPÎLB‚LMÐÌ‹PÎLKMÐÌËPÎMMÐÍPÎËMÐÍKQP‹LMÐÍ‹QLËMÐÍËQN‹MÐÎQNËMÐÎKQNKB‚LMÐÐKQQËMÐÐ‹QŒMÐÐËQŒQ‹MÐÑQLMÐÑKQŒ‹MÐÑ‹QÍËMÑQÎKMÑKQ‘B‚LMÑ‹QÐËMÑËQ‘ËMÑQÑMÑKQ‘ŒKLMÑ‹Q‘P‹MÑËQ‘ŽMÑQ‘PKMÑKŒŒL‹B‚LMÑKŒŒLKMÑ‹ŒŽMÑËŒŽMËMÑŒŽM‹LMÑKŒŽMÑ‹ŒÍ‹MÑLŒŽKMÑLKŒ‘B‚LMÑL‹ŒŽKMÑLËŒÐËMÑMŒÑKMÑMKŒÎKLMÑM‹ŒÌËMÑMËŒŽL‹MÑNŒ‘‹MÑNKŒŽNB‚LMÑPKŒ‘KMÑP‹ŒŽMKMÑPËŒŽLËMÑQŒŽLKLMÑQKŒŽ‹MÑQ‹LÎKMÑŒLÐ‹MÑŒKLÎB‚LMÑŒ‹QŒKMÑŒË‘MÑÍQ‹MÑKÍKLMÑ‹Í‹MÑËÍLMÑŽÍLKMÑŽKÍPËB‚LMÑKÍM‹MÑ‹ÍQKMÑËÍKMÑ‘Í‹LMÑ‘KÍŒNÍLËNKÍMËN‹KB‚LNËÑ‹NÍ‹NKÍQKN‹ÎNKLNËÎKNÎNKÎKNKÎKB‚LN‹ÎP‹NËÍKNÍÐKNKÎLLN‹ÍÌNLÎËNLKÍŽNL‹ÎM‹B‚LNLËÎL‹NMÍÑNMKÎËNM‹ÍÌ‹LNMËÍÑKNNÍÍNNKÎ‹NPKÍÍ‹B‚LNP‹ÎNPËÎMNQÎNNQKÎ‹LNQ‹ÌÍ‹NŒÌÐËNŒKÌÑNŒ‹ÌÎB‚LNŒËÌŒ‹NÌŒKNKÌŒN‹ÌÍLNËÌÌ‹NŽÌÎM‹NŽKÍLËNKÍL‹B‚LN‹ÍLÍËNËÍLÎN‘ÍŽ‹N‘KÍ‘Q‹LN‘‹ÍÑLËNÌÎPÌKNÌKÎPÌNÌ‹ÎP‘‹B‚LNÌËÐMÍ‹NÍÐÑ‹NÍKÑMKNÍ‹M‹LNÍËLËNÎQNÎKNNÐKP‹B‚LNÐ‹PKNÐËŒ‹NÑ‘‹NÑKŽL‹LNLKŽ‹NL‹ŽNLËN‹NMQ‹B‚LNMKLNM‹ÌÍËNMËÍ‹NNÍMKLNNKÎQNPKNP‹ÌNPËŒËB‚LNQPP‹NQKPÐKNQ‹ŽP‹NŒŒLNŒKÌ‹NŒ‹Í‹NŒËÍKNÍB‚LNKQLKN‹LLKNËLL‹NŽLPKLNŽKLM‹NKLLËN‹LMKNËLPÍ‹B‚LN‘LPÐËN‘KMŒÌ‹N‘‹MŒ‘KNÌMŒÌKLNÌKMŒKNÌ‹MŒËNÌËL‹NÍMM‹B‚LNÍKMÌËNÍ‹N‹NÍËNP‹NÎNQKLNÎKPP‹NÐKPPËNÐ‹‘‹NÐËŽQB‚LNÑŽNÑKÌËNÑ‹Ñ‹NËLNKŽP‹N‹Ž‹NËŽ‹NŽËB‚LNKÌN‹ÍKNËŽNŽKLNKÐ‹NKŽM‹N‹ÑKNËŽ‹B‚LNŽLKNKÐKN‹LMMNLLML‹LNLKLMMKNL‹LMŽKNLËLMÍËNMLMÍ‹B‚LNMKLMÎNM‹LP‘NMËLQ‘NNLŒÐ‹LNNKLŒÎNPKLŒÍËNP‹LŒÐKNPËLŒÌB‚LNQLŒ‘KNQKLŒÍ‹NQ‹LKNŒL‘KLNŒKL‹NŒ‹LÍL‹NŒËLÍMNLÍLËB‚LNKLÍLKN‹LÍ‹NËLÍÍËNŽLÍÎLNŽKLÍÎKNKLÑ‹N‹LÑNËLÑËB‚LN‘MÌËN‘KMÍKNMMM‹NMKMÎLNM‹MMKNMËMNMMÐ‹NMKMÍËB‚LNM‹MNMËML‹NMM‹NMKMÐËLNMKMLNM‹MÌKNMËMÍ‹NMMËB‚LNMKMPKNM‹MŒ‹NMLMŽNMLKM‹LNML‹MÑNMLËMKNMMM‘KNMMKMÎËB‚LNMM‹MÍÍËNMMËMÍKNMNMÍŽKNMNKMÍŒKLNMPKMÍ‹NMP‹MÍNMPËMÍÐËNMQNLPËB‚LNMQKNMKNMQ‹NMËNMŒNMNMŒKNMLNMŒ‹NMMNMŒËNP‘KNMNP‹NMKNQB‚LNM‹NPŽKNMËNPQKNMŽNQKNMŽKNPÍ‹LNMKNQNM‹NPÑNMËNPÐ‹NM‘NQËB‚LNM‘KNPÐKNM‘‹NPQ‹NMÌNPŒËNMÌKNQ‹LNMÌ‹NPÍKNMÌËPQ‹NMÍPNMÍKPŒËB‚LNMÍ‹PŽMËNMÍËPŽPKNMÎPŽNNMÎKPŽPËLNMÐKPŽNKNMÐ‹PŽP‹NMÐËPÌPKNMÑPÍB‚LNMÑKPÍKNPLKPÍ‹NPL‹PÐËNPLËPÐLKLNPMPÐŽNPMKPÐNKNPM‹PÐP‹NPMËPÐŒKB‚LNPNPÐŒËNPNKQLNNPPKQLPKNPP‹QLM‹LNPPËQLMKNPQQLP‹NPQKQLLKNPQ‹QMÎB‚LNPŒQNPKNPŒKQNMËNPŒ‹QNPËNPŒËQNMKLNPQNM‹NPKQQ‹NP‹QŒ‹NPËQŒËB‚LNPŽQŒŽKNPŽKQŽNPKQŽKNP‹QÑ‹LNPËQÐËNP‘Q‘NP‘KQ‘LNP‘‹Q‘‘B‚LNPÌQ‘KNPÌKQ‘‘‹NPÌ‹Œ‹NPÌËŒMLNPÍŒ‘‹NPÍKŒÍKNPÍ‹ŒM‹NPÍËŒKB‚LNPÎŒMKNPÎKŒŒKNPÐKŒËNPÐ‹ŒŽKLNPÐËŒ‹NPÑŒP‹NPÑKŒŒM‹NPÑ‹ŒŒMKB‚LNQŒŒÑ‹NQKŒŒÑKNQ‹ŒNQËŒÑ‹LNQŒÎKNQKŒÐËNQ‹ŒÍNQËŒ‘‹B‚LNQŒÌ‹NQKŒŽKNQKŒ‘‹NQ‹Œ‘‹LNQËŒP‹NQŒ‘ËNQKŒ‘NQ‹ŒÐ‹B‚LNQLŒÎNQLKŒNNQL‹Œ‘NQLËŒËLNQMŒ‘NQMKŒ‘KNQM‹ŒÍËNQMËŒÑB‚LNQNŒKNQNKŒ‘KNQPKŒŒKNQP‹Œ‘LNQPËŒ‘‹NQQŒ‘ËNQQKŒÍ‹NQQ‹ŒPËB‚LNQŒŒÑKNQŒKLÑKNQŒ‹PMËNQŒËPËLNQQKNQKŒMNQ‹ŒLËNQËŒËB‚LNQŽŒ‹NQŽKŒ‹NQKŒKNQ‹ŒLNQËŒ‹NQ‘ŒMKNQ‘KŒKPMŒËB‚LPMKÌPM‹Ì‹PMËÍ‘PMÎ‹LPMKÎMKPM‹ÍÌKPMËÎPËPMÍÌËB‚LPMKÍÍËPMKÎËPM‹ÎQPMËÎMËLPMÍ‘‹PMKÍÌPM‹ÍÑ‹PMLÎKB‚LPMLKÍÑKPML‹ÎLPMLËÍÍKPMMÎPKLPMMKÎLËPMM‹ÍÐËPMMËÍKPMNÍÌ‹B‚LPMNKŒŒËPMPK‹PMP‹ËPMPËÑ‹LPMQÌLËPMQKÌP‹PMQ‹ÑLËPMŒÑNB‚LPMŒKÑŒËPMŒ‹ÐŒKPMŒËÐÐËPMÑMKLPMKÐŒËPM‹Ð‘PMËÐ‘KPMŽÐËB‚LPMŽKÑL‹PMKÐP‹PM‹ÑKPMËÑËLPM‘ÐŽPM‘KÐÍPM‘‹ÐŽKPMÌÐÌKB‚LPMÌKÐQKPMÌ‹ÑËPMÌËÐÍKPMÍÑŒKLPMÍKÐ‘‹PMÍ‹Ð‹PMÍËÑLKPMÎÑ‹B‚LPMÎKÐÐKPMÐKÐPËPMÐ‹ÑQ‹PMÐËÑËLPMÑÑ‹PMÑKÑLPPLKÌMKPPL‹ÌKB‚LPPLËÌL‹PPMÌKPPMKÌNKPPM‹ÌŒËLPPMËÌŒ‘PPNÌŒÎPPNKÌPPPKÌËB‚LPPP‹ÌŽKPPPËÌÌPPQÌÑKPPQKÌ‘KLPPQ‹Ì‘ËPPŒÌ‘PPŒKÌÐNKPPŒ‹ÌÐNB‚LPPŒËÌÎQ‹PPÌÐP‹PPKÌÐMKPP‹ÍLÑLPPËÍNQPPŽÍNNKPPŽKÍNPKPPKÍŽB‚LPP‹ÍÌ‹PPËÍ‘Œ‹PP‘Í‘PP‘KÍÑMKLPP‘‹ÍÑ‘PPÌÎLÑKPPÌKÎMPPÌ‹ÎMKB‚LPPÌËÎPÎKPPÍÎPÎPPÍKÐMÐKPPÍ‹ÐMÎKLPPÍËÐQKPPÎÐÑ‘KPPÎKÑMPPÐKÑŽËB‚LPPÐ‹ÑŽ‹PPÐËKPPÑKPPÑKMKLPPÑ‹L‹PQŒKPQKLKPQ‹P‹B‚LPQËNKPQPQKPKPQ‹Q‹LPQËQMKPQQ‘KPQKŒPQKŒËB‚LPQ‹ŽQPQËŽNKPQQPQK‘LPQ‹ŽQ‹PQLŽKPQLKŒKPQL‹PËB‚LPQLËMKPQMQ‹PQMKŽPQM‹LËLPQMËŒPQN‘KPQNKËPQPKKB‚LPQP‹ÌKPQPËLŒQPQQŽPQQKPÐ‹LPQQ‹ÑKPQŒ‘PQŒK‘KPQŒ‹LKB‚LPQŒËLŽPQLŒKPQKL‹PQ‹LPÍËLPQËLQKPQŽMMÍËPQŽKMNPQKMŒPËB‚LPQ‹MPQËMŒÑ‹PQ‘MŒÐ‹PQ‘KMLPM‹PKMŽKP‹M‘NPËMÍL‹B‚LPMÍQKPKNQ‹P‹PQPËPQKLP‘LKPKKPKQ‹P‹‘‹B‚LPË‘LP‘KPKÑ‹P‹‘LPLÌËPLK‹PL‹‘PLË‘‹B‚LPMÐKPMK‘ËPM‹QKPMË‘LPNÍPNKÌ‹PPK‘KPP‹ÑKB‚LPPË‘KPQËPQKLMMËPQ‹LNL‹LPŒLNLKPŒKLPLPŒ‹LKPŒËLËB‚LPLKPKLP‹LËPËL‹LPŽLËPŽKLÍËPKLÎKP‹LÌËB‚LPËLÌKP‘LÌP‘KLÍMËP‘‹LÍÐ‹LPÌLÎPKPÌKLÑ‹PÌ‹MPËPÌËMÌB‚LPÍMNPÍKMÑKPÍ‹MÎKPÍËMŽLPÎMM‹PÎKMŒËPÐKMÍËPÐ‹MÌ‹B‚LPÐËM‘PÑMPKPÑKMÌKPLKMÍLPL‹MÎPLËMQ‹PMMP‹PMKMŒKB‚LPM‹M‹PMËMNKPNMMËPNKM‘‹LPPKM‘‘‹PP‹MÎ‹PPËMÎ‹PQMÐLB‚LPQKMÐLËPQ‹MÐL‹PŒMÐÑKPŒKMÐQKLPŒ‹MÎLËPŒËNMMKPNMLKPKNM‹B‚LP‹NMKPËNMLPŽNQËPŽKNQLPKNQ‘‹P‹NQLËPËNQNP‘PLËB‚LP‘KNQMKP‘‹NQPKPÌNQKPÌKNQM‹LPÌ‹PLKPÌËNQ‹PÍPŽKPÍKPLËB‚LPÍ‹PM‹PÍËPMPÎPL‹PÎKPMKLPÐKPÌKPÐ‹PÍKPÐËPÍ‹PÑPÍB‚LPÑKPÍ‹PÑ‹PÑKP‘PÑ‹P‘KQËLP‘‹QLQP‘ËQLKP‘QLQ‹P‘KQMÑB‚LP‘‹QPLP‘ËQPM‹P‘QQKP‘KQŒLP‘KQŒ‘P‘‹QKP‘ËQŽP‘QŽKB‚LP‘KQŽKP‘‹QŽ‹P‘LQŽËP‘LKQŽËLP‘L‹QŽKP‘LËŒL‹P‘MŒQP‘MKŒŒB‚LP‘M‹ŒKP‘MËŒKP‘NŒŽP‘NKŒLP‘PKŒÌP‘P‹ŒŽP‘PËŒŒ‹P‘QŒ‹B‚LP‘QKŒËP‘Q‹ŒËP‘ŒŒ‹P‘ŒKŒKLP‘Œ‹ŒP‘ŒËŒKP‘Œ‘ËP‘KŒÌM‹B‚LP‘‹ŒÌKP‘ËŒ‘ËP‘ŽŒ‘QP‘ŽKŒÌKLP‘KŒ‘QKP‘‹Œ‘‘P‘ËŒÌËP‘‘Œ‘ŒKB‚LP‘‘KŒ‘ËPÍŒ‘Q‹PÍKŒ‘PËPÍ‹Œ‘‘KLPÍËŒ‘PÍŒÌLKPÍKŒÌ‹PÍ‹LÑ‹B‚LPÍËMKPÍPP‹PÍKP‘PÍKQL‹LPÍ‹ŒKPÍËŒ‘PÍŒŒPÍKŒËB‚LPÍ‹Œ‘‹PÍLŒQ‹PÍLKŒŽPÍL‹ŒÌKLPÍLËŒPÍM‘ËPÍMKÑ‘‹PÍM‹ÑËB‚LPÍMËÑŒKPÍNÑPÍNKÑPÍPKÑPËLPÍP‹Ð‹PÍPËÐQ‹PÍQÑKPÍQKÑNKB‚LPÍQ‹ÑQ‹PÍŒÐÍPÍŒKÑKPÍŒ‹ÐLPÍŒËÑKPÍÑMKPÍKÐŽPÍ‹ÐÑ‹B‚LPÍËÑKPÍŽÑŒËPÍŽKÐŒPÍKÑKLPÍ‹ÑL‹PÍËÑPÍ‘Ñ‹PÍ‘KKB‚LPÍ‘‹ŽËPÍÌŽ‹PÍÌKKPÍÌ‹‘‹LPÍÌË‘ËPÍÍÌQ‹PÍÍKÐÎKPÍÍ‹‘‹B‚LPÍÍË‘Ì‹PÍÎ‘KPÍÎK‘KPÍÐK‘KLPÍÐ‹‘ËPÍÐË‘ÌKPÍÑ‘QKPÍÑK‘MËB‚LPÐLK‘Ð‹PÐL‹‘ÑPÐLË‘ÑKPÐM‘Í‹LPÐMK‘P‹PÐM‹ÑKPÐMË‘ÎKPÐN‘ËB‚LPÐNK‘ÎPÐPK‘ŽKPÐP‹‘‘KPÐPË‘ÍKLPÐQ‘KPÐQK‘‹PÐQ‹ÌP‹PÐŒÌKB‚LPÐŒKÌŒËPÐŒ‹ÌPËPÐŒËÌQ‹PÐÌQLPÐKÌŽPÐ‹ÌQKPÐËÌMPÐŽÌŒÌB‚LPÐŽKÌÌ‹PÐKÌ‘‹PÐ‹ÌÍPÐËÌ‘NKLPÐ‘Ì‘LPÐ‘KÌ‘LKPÐ‘‹ÌÐËPÐÌÌÐÐKB‚LPÐÌKÌÐ‹PÐÌ‹ÌÐŒ‹PÐÌËÌÐÑPÐÍÌÐÌLPÐÍKÌÐŒËPÐÍ‹ÍLPKPÐÍËÍL‘PÐÎÍM‹B‚LPÐÎKÍMËPÐÐKÍMKPÐÐ‹ÍM‹PÐÐËÍPP‹LPÐÑÍPMPÐÑKÍPMKPÐÑ‹ÍPL‹PÑÍPLËB‚LPÑKÍÎPÑ‹ÍŽ‹PÑËÍŽËPÑÍŽLPÑKÍÎPÑ‹ÍÍ‹PÑËÍÌËPÑÍÍKB‚LPÑKÍÌKPÑKÍ‘ŽKPÑ‹Í‘ŽPÑËÍÌKLPÑÍÌ‹PÑKÍ‘‘KPÑ‹Í‘ËPÑLÍÌËB‚LPÑLKÍÑËPÑL‹Î‹PÑLËÎMPÑMÎËLPÑMKÎPÑM‹ÎM‹PÑMËÎMKPÑNÎMB‚LPÑNKÎMËPÑPKÎPŽKPÑP‹ÎPKPÑPËÎQKLPÑQÎQ‹PÑQKÎPÐ‹PÑQ‹ÐMÑ‹PÑŒÐNKB‚LPÑŒKÐQ‘‹PÑŒ‹ÐQ‘PÑŒËÐÍÑPÑÑ‹LPÑKÑKPÑ‹ÑPÑËÑKPÑŽÑËB‚LPÑŽKÑPÑKÑ‹PÑ‹ÑŒÎPÑËÑŽKLPÑ‘Ñ‘‹PÑ‘KQLQKB‚LQ‹LKQËÍ‹Q‹QKMKLQ‹KQËÌËQÍQKÐËB‚LQKLKQ‹‹QËÑKQKLQKMQ‹QLQQLKŒŒ‹B‚LQL‹‘MËQLËÌËQMÌKQMK‘LËLQM‹‘‹QMË‘M‹QNÌQNK‘MKB‚LQPKÌ‹QP‹ÌKQPË‘‹QQ‘ËLQQK‘ŒKQQ‹ÌKQŒ‘ËQŒK‘B‚LQŒ‹‘KQŒË‘KQ‘ËQK‘‹LQ‹‘Q‹QËÌ‹QŽLQŽKÎKB‚LQKÐ‹Q‹ÐKQËQ‘‹LQ‘KNKQ‘‹QQÌLQÌKL‹B‚LQÌ‹LËQÌËÎQKQÍÐLQÍKÍLQÍ‹ÌËQÍËQÎPÑQÎKPÐËB‚LQÐK‘ŒQÐ‹‘M‹QÐË‘L‹QÑ‘PKLQÑK‘MKQLK‘QQL‹‘P‹QLË‘MB‚LQM‘NQMKLÐKQM‹LÑKQMËLÌKLQNLÌËQNKLM‹QPKLMKQP‹LPÑB‚LQPËMN‹QQMLQQKM‹QQ‹MËLQŒMQŒKMÍŒ‹QŒ‹MÍŽKQŒËMÐÐ‹B‚LQMÑQQKMÑŒËQ‹NKQËNNLQŽN‹QŽKN‹QKNNM‹Q‹NNNKB‚LQËMNQ‘PŒËQ‘KLËQ‘‹LLQÌLŒËQÌK‘Q‹QÌ‹L‹QÌËLKB‚LQÍ‘ŽQÍKLŽKQÍ‹LM‹QÍËL‹LQÎLÐËQÎKLQ‹QÐKLPKQÐ‹LL‹B‚LQÐËLLKQÑ‘KQÑKLQÑ‹LMLQLŽQK‘ŒKQ‹LŒKQËL‹B‚LQLNKQKLNQ‹‘ŒËQË‘QKLQL‘QKLKQK‘‘KQ‹L‹B‚LQËLKQLMÐËQKLPMQ‹LPMKLQLLPL‹QLKLPÑQL‹LPÐËQLËLPÍ‹B‚LQMLPÐ‹QMKLM‹QM‹LPËQMËLMLQNLP‹QNKLQQPKLÌKQP‹LÍÑ‹B‚LQPËLÎQ‹QQLÎQQQKLÑ‹QQ‹MNLQŒMLLQŒKMLKQŒ‹MLÍËQŒËMËB‚LQMMKQKMŒ‹Q‹ML‹QËMKLQŽMLMQŽKMNKQKMQQ‹MLKB‚LQËMLKQ‘MQKQ‘KMPKQMMM‹LQMKMLËQM‹MLËQMËM‘QMML‹B‚LQMKMÌËQM‹MÌQMËMÐÌ‹QMMÑLQMKMÐÐ‹QMKMÐÌËQM‹NKQMËNL‹B‚LQMNMMËQMKNMNQM‹NMPKQMLPLLKLQMLKPLNQML‹PLPËQMLËPLQ‹QMMPLP‹B‚LQMMKPLLËQMM‹NQPËQMMËPLŒQMNPLŒËLQMNKPLŽKQMPKPLKQMP‹PLËQMPËPLKB‚LQMQP‹QMQKPÍNQMQ‹PŒQMŒPŒËLQMŒKP‹QMŒ‹PQMŒËPQKQMPKB‚LQMKPŽKQM‹PŽQMËPÌQMŽPÍLKLQMŽKPÍMKQMKPÍLQM‹PÑQQMËPÑ‘B‚LQM‘PÑ‹QM‘KPÑPKQM‘‹PÑNQMÌPÑŒLQMÌKPÑ‹QMÌ‹QKQMÌËPÑQMÍQQKB‚LQMÍKQL‘QMÍ‹QL‹QMÍËQPP‹QMÎQPQLQMÎKQPMËQMÐKQŒÌKQMÐ‹QŽL‹QMÐËQŽLKB‚LQMÑQŽLQMÑKŒNKQPLKŒŒËQPL‹ŒKLQPLËŒLQPMŒMKQPMKŒ‘QPM‹ŒŽKB‚LQPMËŒ‘‹QPNŒQPNKŒQ‹QPPKŒPKLQPP‹ŒQPPËŒMQPQŒËQPQKŒKB‚LQPQ‹ŒM‹QPŒŒËQPŒKŒ‘ŒËQPŒ‹ŒÌLQPŒËŒ‘‘‹QPŒÍKQPKŒÌÑKQP‹ŒÌ‘‹B‚LQPËŒÍMKQPŽŒÍ‹QPŽKŒÍ‹QPKŒÍ‹LQP‹ŒÍKQPËŒÌÐKQP‘ŒÍLQP‘KŒÌÑB‚LQP‘‹ŒÌKQPÌŒÌ‹QPÌKŒÌŽQPÌ‹ŒÍLQPÌËŒÍËQPÍMQPÍKMKQPÍ‹NNKB‚LQPÍËPÌKQPÎPÍKQPÎK‹QPÐKKLQPÐ‹‹QPÐËËQPÑL‹QPÑKËB‚LQPÑ‹KQQKQQK‘ŽQQ‹ÌMLQQËÌMKQQÌMËQQKŽŒKQQ‹ŽÎB‚LQQËŽQQŽ‹QQKŽLËQQKŽÎKLQQ‹Ž‹QQËŽMQQŽŽKQQKŽŒËB‚LQQ‹ŽMËQQLŽËQQLKŽLKQQL‹ŽÑLQQLËÑQQMŽLQQMKŽQQM‹ŽÐËB‚LQQMËŽËQQNŽKQQNKŽKQQPKŽLËLQQP‹ŽNQQPËŽKQQQŽKQQQKŽKB‚LQQQ‹ËQQŒÌŒËQQŒKÌËQQŒ‹ÌŽLQQŒËÌ‹QQÌQQKÑŒQQ‹‘KB‚LQQË‘MKQQŽ‘QQŽK‘ËQQK‘‹LQQ‹‘ÎQQË‘ÍËQQ‘‘NKQQ‘K‘LËB‚LQ‘ËQK‘KQ‹‘‘KQË‘PKLQ‘ÍQK‘ŽKQ‹‘ËQË‘KB‚LQ‘ÎKQK‘KQK‘KQ‹‘MLQËÌÐKQÌQKÌMQ‹ÌKB‚LQLÌÎQLKÌÑ‹QL‹ÌŒÎKQLËÌÎKLQMÌ‘ËQMKÌ‘ŽKQM‹Ì‘‘QMËÌ‘ŽB‚LQNÌ‘ËQNKÌÎ‹QPKÌÑQQP‹ÍKLQPËÌÑQKQQÌÑLQQKÌÑPKQQ‹ÌÑKB‚LQŒÍMMQŒKÍMQQŒ‹ÍMPËQŒËÍMPKLQÍMNKQKÍP‘KQ‹ÍPÍKQËÍPÍËB‚LQŽÍPŒ‹QŽKÍPŒËQKÍP‘Q‹ÍPËLQËÍPŽKQ‘ÍPÌ‹Q‘KÍPŽQ‘‹ÍŽ‹B‚LQÌÍŒQÌKÍÐKQÌ‹ÍÑQÌËÍÑKLQÍÍÌŽKQÍKÍÌQ‹QÍ‹ÍÌŒQÍËÍÌŽB‚LQÎÍÑNKQÎKÎÌQÐKÎËQÐ‹ÎÎLQÐËÎQQÑÎÍQÑKÎÍËQLKÎKB‚LQL‹Î‘QLËÎŒQMÎQ‹QMKÎÌ‹LQM‹ÎMMKQMËÎMLQNÎMŒQNKÎMQ‹B‚LQPKÎMM‹QP‹ÎMQKQPËÎMQQQÎMMËLQQKÎMPKQQ‹ÎQMQŒÎQLËQŒKÎQMËB‚LQŒ‹ÎQ‹QŒËÎQM‹QÎQNKQKÎQLQ‹ÐNQËÐNQŽÐQKQŽKÐŒ‹B‚LQKÐŒLKQ‹ÐÎKQËÑŒKQ‘ÑMËLQ‘KÑ‹Q‘‹ÑKQÌÑŒQÌKÑŒ‹B‚LQÌ‹ÑMQÌËÑLQÍÑMKQÍKÑPKLQÍ‹ÑPËQÍËÑQÎÑNKQÎKÑP‹B‚LQÐKÑŒÐKQÐ‹ÑQ‹QÐËÑŽMQÑÑÍKLQÑKÑÌKQÑ‹‹Q‘NQ‘KMKB‚LQ‘‹NKQ‘ËMËQ‘ÑQ‘KÑ‹LQ‘‹ŒKQ‘ËL‹Q‘ŒQ‘KLKB‚LQ‘KQQ‘‹Q‘ËL‹Q‘ŽLQ‘KŒËQ‘‹LQ‘L‘Q‘LKLKB‚LQ‘L‹ËQ‘LËQ‹Q‘MQQQ‘MKQPËLQ‘M‹ŒQ‘MËŒLQ‘NŒKQ‘NKŒ‹B‚LQ‘PKŒŽQ‘P‹ŒËQ‘PË‹Q‘QÌ‹LQ‘QKÍL‹Q‘Q‹ÍMQ‘ŒÍKQ‘ŒKÌÎB‚LQ‘Œ‹ÍLQ‘ŒËÍKQ‘ÌÍKQ‘KÌÍLQ‘‹Í‹Q‘ËÌÌ‹Q‘ŽÌÎKQ‘ŽKÌÍ‹B‚LQ‘KÌMËQ‘‹ÍQ‘ËÌÌKQ‘‘ÌŽLQ‘‘KÍËŒMŒKŽKŒ‹PKB‚LŒËŽLËŒMŒKNKŒ‹ŽËLŒËLËŒŽPËŒKÌŒKÍËB‚LŒ‹KŒË‹ŒÑŒKÎKLŒ‹LNŒLLLŒLKLKŒL‹LËB‚LŒLËLMKŒMLKŒMKLMËŒM‹LLËLŒMËLM‹ŒNL‹ŒNKLLKŒPKÍB‚LŒP‹ÍÐKŒPËÍÎKŒQÐLKŒQKÐL‹LŒQ‹ÍËŒŒPPËŒŒKQ‹ŒŒ‹QB‚LŒŒËPÑ‹ŒŒKŒKLKŒ‹L‹LŒË‘ËŒŽLŒŽK‘KŒK‘B‚LŒ‹LËŒË‘‘Œ‘LKŒ‘K‘ŽLŒ‘‹LMKŒÌLLKŒÌKLŒÌ‹LL‹B‚LŒÌËLML‹ŒÍLMŒÍKLMËŒÍ‹LQLŒÍËLQŒÎLQËŒÎKLQËŒÐKLQKB‚LŒÐ‹MNËŒÐËMŒ‹ŒÑMŒËŒÑKMŒKLŒLKMP‹ŒL‹MQŒLËMŒMMNB‚LŒMKMQKŒM‹M‹ŒMËNL‹ŒNNPPËLŒNKPPNŒPKPQŒP‹PŒKŒPËPŒÌ‹B‚LŒQPŒÐËŒQKMÑKŒQ‹LÐKŒŒLÑLŒŒKLPËŒŒ‹LËŒŒËLËŒLËB‚LŒKLPKŒ‹LKŒËLKŒŽLÍ‹LŒŽKLKŒKLMKŒ‹LÍKŒËLÍB‚LŒ‘LÍËŒ‘KL‹Œ‘‹L‹ŒÌL‘‹LŒÌKL‘ŒÌ‹LMPËŒÌËLNMKŒÍLQŒB‚LŒÍKLKŒÍ‹L‘‹ŒÍËL‘‹ŒÎL‘KLŒÎKL‘ŒÐKL‘KŒÐ‹LÌLŒÐËLÌ‹B‚LŒÑLÌNKŒÑKLÌÑ‹ŒÑ‹LÍŒLÌÑKLŒKLÐÌËŒ‹‘ËŒËMM‹ŒMMKB‚LŒKMM‹Œ‹MMŒËMMQKŒMMŒKLŒKMMËŒKMMKŒ‹MLÌKŒËMMM‹B‚LŒMM‹ŒKMMMKŒ‹ML‘‹ŒLMMLŒLKMLÎŒL‹ML‘KŒLËMMPËŒMMLËB‚LŒMKMMŒËŒM‹MLÌËŒMËMMKŒNMMMËLŒNKMÌŒPKMÌ‹ŒP‹MÌKŒPËMÑ‹B‚LŒQNKŒQKNKŒQ‹N‹ŒŒMÑLLŒŒKMÑMŒŒ‹MÑKŒŒËN‹ŒNÍKB‚LŒKMÑËŒ‹MÑŽKŒËNLŒŒŽNMŒ‹LŒŽKPLÍ‹ŒKPMKŒ‹PMKŒËPM‹B‚LŒ‘PMKŒ‘KPMŒMPLÐËŒMKPMŒ‹LŒM‹PMPKŒMËPM‹ŒMPMKŒMKPÌB‚LŒM‹PÍËŒMËPÍKŒMPÍŒMKPÌ‹LŒMKP‘‹ŒM‹PÍ‹ŒMËPÌKŒMPÌB‚LŒMKPÌËŒM‹PÍŒŒMLPÍPËŒMLKPÍQLŒML‹QËŒMLËQ‹ŒMMQKŒMMKQP‹B‚LŒMM‹QM‹ŒMMËQŒ‹ŒMNQLKŒMNKQŽKLŒMPKQMŒMP‹QNKŒMPËQŒMQQËB‚LŒMQKQMËŒMQ‹QL‹ŒMŒQLÎŒMŒKQLÍ‹LŒMŒ‹QLÌËŒMŒËQLÍËŒMQPËŒMKQPŽB‚LŒM‹QP‹ŒMËQPKŒMŽQP‘KŒMŽKQŒÍKLŒMKQŒÍËŒM‹QMËŒMËQËŒM‘QŽKB‚LŒM‘KQ‹ŒM‘‹QŽMËŒMÌQŽNKŒMÌKQŽQKLŒMÌ‹QŽNŒMÌËQLKŒMÍQLŒMÍKQŽPËB‚LŒMÍ‹ŒÑ‹ŒMÍËŒLËŒMÎŒKŒMÎKŒLLŒMÐKŒNŒMÐ‹ŒÐ‹ŒMÐËŒŒMÑŒM‹B‚LŒMÑKŒ‘ŒPLKŒÍKŒPL‹Œ‹ŒPLËŒKLŒPMŒËŒPMKŒËŒPM‹ŒŒPMËŒKB‚LŒPNŒÍ‹ŒPNKŒ‹ŒPPKŒŽŒPP‹ŒKLŒPPËŒÍËŒPQŒŒPKŒPQKŒŒP‹ŒPQ‹ŒB‚LŒPŒŒÐLŒPŒKŒÐMËŒPŒ‹ŒÍÌ‹ŒPŒËŒÎM‹LŒPŒÐL‹ŒPKŒÐMKŒP‹ŒÍÍËŒPËŒÍËB‚LŒPŽŒÎNŒPŽKŒÐPKŒPKŒÍÌKŒP‹ŒÐNKLŒPËŒÎKŒP‘ŒÎËŒP‘KŒÎP‹ŒP‘‹ŒÍ‹B‚LŒPÌŒÐNŒPÌKŒÎŒPÌ‹ŒÎŒPÌËŒÎNKLŒPÍŒÐLKŒPÍKŒÐPËŒPÍ‹ŒÎL‹ŒPÍËŒÎ‹B‚LŒPÎŒÎŒPÎKŒÍÐ‹ŒPÐKŒÍŽKŒPÐ‹ŒÍŽLŒPÐËŒÍÐKŒPÑMQŒPÑKMM‹ŒPÑ‹MLKB‚LŒQMNKŒQKMMËŒQ‹MMQ‹ŒQËM‹LŒQMNŒQKMMKŒQ‹MMŒQËNPËB‚LŒQNP‹ŒQKPPËŒQKPÑ‹ŒQ‹PÐ‹LŒQËPÐËŒQPÑKŒQKQŒQ‹PKB‚LŒQLŒQLKŽŒQL‹‹ŒQLËQKLŒQM‘ŽKŒQMKL‘ËŒQM‹ÌP‹ŒQMËŽKB‚LŒQNŽQ‹ŒQNKŽL‹ŒQPKŽLËŒQP‹ŽKLŒQPËŽÑ‹ŒQQŽÍ‹ŒQQKŽŒKŒQQ‹ŽMËB‚LŒQŒŽMËŒQŒKŽŒŒQŒ‹ŽËŒQŒËŽÍLŒQŽQŒQKŽ‹ŒQ‹ŽKŒQËŽMB‚LŒQŽŽQŒQŽKŽNŒQKŽQ‹ŒQ‹ŽLKLŒQËŽ‹ŒQ‘ŒÌ‹ŒQ‘KKŒ‘P‹B‚LŒK‘PËŒ‹Ì‹ŒË‘KŒ‘ËLŒK‘ŒËŒ‹‘KŒË‘Œ‹Œ‘LKB‚LŒK‘ÐËŒK‘MŒ‹‘‹ŒË‘KLŒ‘LKŒK‘ÍËŒ‹‘Ð‹ŒL‘Q‹B‚LŒLK‘KŒL‹‘QKŒLË‘KŒM‘ŽKLŒMK‘ŽŒM‹‘ËŒMË‘KŒN‘ÍKB‚LŒNK‘‹ŒPK‘LPKŒP‹‘KŒPË‘KLŒQ‘P‹ŒQK‘ŒQ‹‘PKŒŒ‘ŒKB‚LŒŒK‘QKŒŒ‹‘NŒŒË‘Í‹Œ‘ÍLŒK‘PKŒ‹‘PËŒË‘‘‹ŒŽ‘M‹B‚LŒŽKÌŽKŒKÌLKŒ‹ÌLKŒËÌ‘LŒ‘ÌQ‹Œ‘KÌŒÑŒ‘‹ÌÑŒÌÌŽKB‚LŒÌKÌÌPËŒÌ‹ÌÌP‹ŒÌËÌÌM‹ŒÍÌÌLËLŒÍKÌÌNKŒÍ‹ÌÎËŒÍËÍKŒÎÍKB‚LŒÎKÍËŒÐKÍ‹ŒÐ‹ÌÑ‘KŒÐËÍLŒÑÍLŒÑKÍ‹ŒLKÍËŒL‹ÍLPËB‚LŒLËÍLŒ‹ŒMÍMKŒMKÍM‹ŒM‹ÍMŒ‹LŒMËÍMÌŒNÍN‹ŒNKÍQŒPKÍQKB‚LŒP‹ÍPKŒPËÍPÐKŒQÍPÑŒQKÍŽKLŒQ‹Í‘ŒŒÍ‘‹ŒŒKÍ‘‹ŒŒ‹ÍÌÍËB‚LŒŒËÍÌÑKŒÍÌÐËŒKÍÌÍ‹Œ‹ÍÌÎLŒËÍÌÐKŒŽÎ‹ŒŽKÎËŒKÎKB‚LŒ‹ÎMKŒËÎMŽŒ‘ÎM‘Œ‘KÎQ‹LŒ‘‹ÐNL‹ŒÌÐNMKŒÌKÐŒŒŒÌ‹ÐŒŽB‚LŒÌËÐŒP‹ŒÍÐŒËŒÍKÐŒ‹ŒÍ‹ÐŒNKLŒÍËÐŒQKŒÎÐŒ‘KŒÎKÐÎL‹ŒÐKÐÎMËB‚LŒÐ‹ÐÎMKŒÐËÑ‹ŒÑÑËŒÑKÑÌKLŒÑ‹Ñ‘KŒ‘ÑÎKŒ‘KÑÐËŒ‘‹ÑB‚LŒ‘ËÑÌŒ‘ÑÌËŒ‘KÑŒ‘‹Ñ‘‹LŒ‘ËÑ‹Œ‘ÑÌ‹Œ‘KÑÌKŒ‘KÑŒÑB‚LŒ‘‹ÑŽQKŒ‘ËÑŽPKŒ‘ÑÐËŒ‘KÑÑKLŒ‘‹Ñ‘‹Œ‘LPËŒ‘LKKŒ‘L‹‹B‚LŒ‘LËL‘‹Œ‘MLM‹Œ‘MKLŒËŒ‘M‹L‹LŒ‘MËLŽKŒ‘NLÌŒ‘NKLŒ‘PKŒ‹B‚LŒ‘P‹ŒÍKŒ‘PËŒÍËŒ‘QŒÍ‹Œ‘QKŒÎKLŒ‘Q‹ÎKŒ‘ŒÎQKŒ‘ŒKÎNŒ‘Œ‹ÍÎB‚LŒ‘ŒËÐL‹Œ‘ÎM‹Œ‘KÐ‘Œ‘‹ÐP‹LŒ‘ËÎL‹Œ‘ŽÎKŒ‘ŽKÎLËŒ‘KÎKB‚LŒ‘‹ÐLŒ‘ËÍÍËŒ‘‘ÍÐ‹Œ‘‘KÍÐËLŒÍÎ‹ŒÍKÐMËŒÍ‹MKŒÍËQKB‚LŒÍÍËŒÍKÌŒÍ‹‹ŒÍËÍLŒÍKŒÍKÍ‹ŒÍKÐ‹ŒÍ‹ŒKB‚LŒÍËQ‹ŒÍÎKŒÍKLËŒÍ‹QKLŒÍLŒÍLKP‹ŒÍL‹L‹ŒÍLËM‹B‚LŒÍMŒÍMK‹ŒÍM‹NLËŒÍMËN‹LŒÍNLKŒÍNKLQŒÍPKLŒËŒÍP‹LKB‚LŒÍPËLÌKŒÍQL‘ŒÍQKLQ‹ŒÍQ‹LP‹LŒÍŒLŒ‹ŒÍŒKÍKŒÍŒ‹ÍPKŒÍŒËÐNKB‚LŒÍÐPËŒÍKÐP‹ŒÍ‹ÐNŒÍËÐPKLŒÍŽÐMËŒÍŽKËŒÍK‹ŒÍ‹‘KB‚LŒÍËKŒÍ‘Q‹ŒÍ‘KQ‹ŒÍ‘‹LNKLŒÍÌLŒÍÌKLPKŒÍÌ‹LMËŒÍÌËLŒËB‚LŒÍÍLQ‹ŒÍÍKLQŒÍÍ‹LLŒÍÍËLMKLŒÍÎLQKŒÍÎKLŒŒÍÐKL‹ŒÍÐ‹LŒ‹B‚LŒÍÐËLM‹ŒÍÑLP‹ŒÍÑKLMŒÐLKLNLŒÐL‹LQŒÐLËL‘ŒÐMLMMËŒÐMKLPÑKB‚LŒÐM‹LQKŒÐMËLQM‹ŒÐNLQLËŒÐNKLQMËLŒÐPKLQQŒÐP‹LQNKŒÐPËMNKŒÐQMKB‚LŒÐQKMÍKŒÐQ‹MÌËŒÐŒMÎŒÐŒKMÌLŒÐŒ‹MÍŒÐŒËMÍ‹ŒÐMÍËŒÐKMËB‚LŒÐ‹MÌŒÐËM‘PKŒÐŽM‘NKŒÐŽKÐQLLŒÐKÐQ‹ŒÐ‹N‹ŒÐËNËŒÐ‘PPKB‚LŒÐ‘KPÑMKŒÐ‘‹QMÍKŒÐÌQMÑ‹ŒÐÌKQPMKLŒÐÌ‹QP‹ŒÐÌËLL‹ŒÐÍLŒÐÍKLKB‚LŒÐÍ‹LNKŒÐÍËLLKŒÐÎLŒÐÎKLM‹LŒÐÐKLNŒÐÐ‹LPKŒÐÐËÌŒÐÑLQŒKB‚LŒÐÑKLÌ‹ŒÐÑ‹LÍŒÑLÍKŒÑKLŽKLŒÑ‹L‘KŒÑËL‘ŒÑL‘‹ŒÑKLÍPKB‚LŒÑ‹LÐMKŒÑËMMÐ‹ŒÑMNŒÑKMPMËLŒÑKMMÐËŒÑ‹MNKŒÑËMNQŒÑMNNB‚LŒÑKMN‹ŒÑ‹MNPËŒÑLMPPKŒÑLKMNMLŒÑL‹MNËŒÑLËMN‹ŒÑMMNËŒÑMKMPŒËB‚LŒÑM‹MPQKŒÑMËMNQ‹ŒÑNMLÑKŒÑNKMPŒ‹LŒÑPKMNPKŒÑP‹MP‹ŒÑPËMPPËŒÑQMPŒKB‚LŒÑQKMMÑKŒÑQ‹MNKŒÑŒMPP‹ŒÑŒKMNNKLŒÑŒ‹MÌŒÑŒËN‘‹ŒÑNKŒÑKNÍB‚LŒÑ‹NŒÑËNÌŒÑŽNÌKŒÑŽKNŒKLŒÑKNQŒÑ‹NŒŒÑËNŽKŒÑ‘NKB‚LŒÑ‘KNMŒPMÍËKPNPK‹PMÑ‹LËPNL‹PNP‹KPPMË‹PÌËB‚LËPÌKP‘‹KPÐËKP‘ËL‹P‘ËPÌKPÌ‹KPÌÌKB‚L‹QËLQLLKQÍL‹QËLLËQ‘MQMKMKQLÑM‹QMB‚LMËQMËNQMÑKNKQPÐKPKQPÌKLP‹QPÌ‹PËQPÍQQŒÐËQKQ‘B‚LQ‹QNKŒQPKŒKQNŒ‹ŒKLŒËŒLKŒŒ‹KŒ‹‹ŒLB‚LËŒLPËŽŒLŒËŽKŒKKŒLMKL‹ŒŒËŒ‹‘Œ‘KŒMŽB‚L‘‹ŒŒKÌŒLKÌKŒ‹Ì‹ŒLKLÌËŒLÍŒLL‹ÍKŒŒQ‹Í‹ŒKB‚LÍËŒÐLËÎŒÎËÎKŒÐÑ‹ÐKŒÐÌLÐ‹ŒÑNKÐËŒÐÎKÑŒÐÍ‹ÑKŒÐÑB‚LLKŒÑ‹L‹ŒÑLËLËŒÑMŒÑLKLMKŒÑ‹M‹ŒÑQMËŒÑQKNŒÍÍ‹B‚LNKŒÑPKŒÑPKP‹ŒÑ‹PËL‹LQŒÑKQKŒÑŽKQ‹MQKŒM‹B‚LŒKMŒ‹Œ‹MŒËŒËNLKNLLKPQ‹‹‘KËÌŽÍB‚LŽKÍ‹K‘‹‹ŽLKËÐKL‘ÑK‘KÍË‘‹‘‘KÌ‘‘‹B‚LÌKÌQ‹Ì‹ÌQÌËŽKÍŽKLÍKŽLÍ‹ŽÍËŽËÎŽLKB‚LÎKŽ‹ÐKŽKÐ‹ŽQKÐËŽMËLÑŽŽKÑKŽ‹Ñ‹ŽŒ‹ŽLËB‚LKŽÐ‹‹ŽÑËŽLŽLL‹LKŽLK‹ŽÎKËŽKŽM‘KB‚LKŽ‹KŒÑK‹ŒÐKËŒÑLŽNKŽM‹‹ËL‘Q‹B‚LLKÌ‘KL‹Ì‘‹LËÌËM‘L‘‹LMK‘LÎM‹‘MMMË‘LŒKN‘LÌ‹B‚LNK‘MËPK‘MKP‹‘LŒPË‘LKLQ‘LŒËQK‘LP‹Q‹‘MP‹Œ‘MNB‚LŒK‘LŒ‹‘MM‹ŒË‘M‘K‘L‘LK‘L‹‹‘M‘‹Ë‘LÍŽ‘MB‚LŽK‘LÐKK‘LË‹‘MËË‘LQL‘‘LÑK‘K‘PÐ‹M‘NKMK‘LNKB‚LM‹‘MKMË‘MŒËM‘MMK‘MÌ‹LM‹‘MŽKMË‘MQ‹MÌLNKMKÌLPKB‚LMKÌL‹M‹ÌLÌMËÌLŒKMÌLÍ‹LMKÌM‘KM‹ÌLPËMLÌËMLKÌŽB‚LML‹ÌŽMLËÌÌÍ‹MMÌÌKMMKÌÌÍLMM‹ÌÌŽKMMËÍÐKMNÍKMNKÍÌËB‚LMPKÍŒ‹MP‹ÍKMPËÍÍKMQÍÍ‹LMQKÍÍMQ‹Í‘‹MŒÍP‹MŒKÍ‹B‚LMŒ‹ÍŽMŒËÍLKMÍL‹MKÍM‹LM‹ÍMKMËÍQL‹MŽÍQ‹MŽKÍQLËB‚LMKÍQKM‹ÍQMËÍQKM‘ÍQLLM‘KÍÐ‹M‘‹ÍÐËMÌÍŽM‹MÌKÍŽLËB‚LMÌ‹ÍMÌËÍ‘ËMÍÍÍ‹MÍKÍÑQLMÍ‹ÎQMÍËÎËMÎÎ‘‹MÎKÐLB‚LMÐKÐLMÐ‹ÐL‹MÐËÐLKMÑÐLLMÑKÐNNPLKÐNMËPL‹ÐNM‹PLËÐQMKB‚LPMÐQLËPMKÐKPM‹ÐM‹PMËÐ‹LPNÐLPNKÐL‹PPKÐMPP‹ÐB‚LPPËÐ‹PQÐ‹PQKÐLKPQ‹ÐÎQ‹LPŒÐÐMKPŒKÑQKPŒ‹ÑLPŒËÑŽB‚LPÑMKPKÑ‹P‹Ñ‘KPËÑÌ‹LPŽÑŒKPŽKÑ‹PKÑŒ‹P‹ÑÌB‚LPËÑÌËP‘MNP‘KÑ‘P‘‹Ñ‘KLPÌ‹PÌKL‹PÌ‹KPÌËMMKB‚LPÍMMPÍKM‹PÍ‹MLKPÍËMKLPÎLÎKPÎKM‹PÐKLÑKPÐ‹MËB‚LPÐËMLËPÑMÍPÑKŒL‹PÑ‹ŒPËLQÑNKQKËQ‹ÑŽQËB‚LQÑLQKÐÍKQ‹‹QËÐÌKLQÑQ‹QKÑŒKQKÑQ‹MËB‚LQËKQÑŒQKËQ‹ÐÐËLQLÑ‘QLKÑŒ‹QL‹ÐÐKQLËÎB‚LQMKQMKQM‹ÑËQMËËLQNÑQNKÑ‹QPKP‹QP‹‘‹B‚LQPË‘KQQ‘QQQK‘QQ‹‘‹LQŒ‘MQŒK‘QŒ‹‘KQŒËMËB‚LQÌKQKÌ‹Q‹ŒKQËNËLQŽNM‹QŽKLÐ‹QKMŒQ‹MMKB‚LQËMQKQ‘LÐËQ‘KMKMMLKMP‹‹MLËM‹LÍB‚LKLÐK‹LÍ‹ËMM‹ÍŒKLKÎ‹KÐQ‹‹ÐËËÐŒËB‚LÐ‘KÐÌK‹Ð‹LÐÌLLKÐL‹ÐËLËÐ‹MÐ‘‹B‚LMKÐŽM‹KMËKNKLNKÑKPKP‹Ð‹PËKB‚LQKQKÐËQ‹‹ŒÍ‹LŒKQ‹Œ‹QŽŒËQËŽPËB‚LKL‘K‹LÍKËLÌKŽLÎLŽKLÌ‹KLÍ‹‹LL‹ËLKB‚L‘LLK‘KL‘K‘‹LMŒËÌLMKLÌKLPÑ‹Ì‹LŒMÌËLŒMKÍLŒŒËB‚LÍKLŒKÍ‹LŒQKÍËLŒÎLŒLLÎKLŒËÐKLŒLKÐ‹MNMÐËMN‹B‚LÑMN‹ÑKMNLKLKMNLËL‹MNL‹LLËMNKMMŽKMKMŽKM‹MŽ‹B‚LMËMÑNMŽKNKMŽ‹PKMŽLP‹MÌ‹PËMŽQMÌKQKMÍKB‚LQ‹MÍŒMÍ‹ŒKMÍËŒ‹M‘Q‹LŒËM‘Œ‹MÐÐËKNK‹N‹B‚LËNŽNMËŽKNPKKNQ‹L‹NNKËNŒ‹‘NQ‘KNPQKB‚L‘‹NPQÌQPÌËÌKQPÑÌ‹QQKLÌËN‹ÍLQÍKLKÍ‹LŒ‹B‚LÍËLŒËÎLÍKÎKL‘KÐKLPËLÐ‹LËÐËL‹ÑLQ‹ÑKLÍËB‚LÑ‹LÑ‹‘LÍË‘KLÑ‘‹L‘‹L‘ËL‘M‹‘L‘M‘KL‘L‹‘‹L‘LËB‚L‘ËLÌ‘‹‘MQ‹‘KMQN‘KMQËL‘‹MQM‹‘ËMPÑK‘MQË‘KMPÍËB‚L‘‹MQK‘LMQLË‘LKMQM‘L‹MQQ‹L‘LËMQK‘MMQLK‘MKMPÍK‘M‹MPÍ‹B‚L‘MËMQMK‘NMPÎK‘NKMÌL‹‘PKMÌLËL‘P‹NQK‘PËNLK‘QNN‘QKNMËB‚L‘Q‹NPK‘ŒNM‘ŒKN‹‘Œ‹NËL‘ŒËN‘‘NK‘KNŒ‹‘‹NL‹B‚L‘ËN‹‘ŽNMË‘ŽKPPÌK‘KPPÎKL‘‹PPÐË‘ËPP‘K‘‘PP‘‘‘KPPËB‚LÍPPŒËÍKPPÌ‹Í‹PPŒ‹ÍËQŽKLÍQ‘‹ÍKQMËÍ‹QMÎKÍËQPÎKB‚LÍQPÎÍKQŒL‹ÍKQNKÍ‹QPËLÍËQQKÍŒLPKÍKŒL‹Í‹ŒMB‚LÍLŒLQ‹ÍLKŒŒËÍL‹ŒLP‹ÍLËŒŽKLÍMŒLKÍMKŒLÍM‹ŒMKÍMËŒMËB‚LÍNŒMÍNKŒMÍPKŒLÑKÍP‹ŒLÍLÍPËŒLËÍQŒLÍQKŒL‹ÍQ‹ŒLÍËB‚LÍŒŒŒŒKÍŒKŒŒŒ‹ÍŒ‹LËÍŒËÑKLÍQKÍKKÍ‹‘ÍËÑB‚LÍŽËÍŽK‹ÍKPËÍ‹MLÍËÍ‘Í‹Í‘KM‹Í‘‹MËB‚LÍÌ‹ÍÌKMËÍÌ‹NQ‹ÍÌËPŒLÍÍŽMËÍÍKŽKÍÍ‹ŽËÍÍËŽB‚LÍÎŽM‹ÍÎKŽÍÐKŽNÍÐ‹ŽLÍÐËÌËÍÑŽNMÍÑKŽM‘ÐLKŽMPKB‚LÐL‹ŽMÍËÐLËŽMŒÐMŽMMÐMKŽMÍKLÐM‹ŽLÌÐMËŽN‹ÐNŽMKÐNKŽMŽB‚LÐPKŽM‹ÐP‹ŽMQKÐPËŽMLËÐQŽMÎKLÐQKŽN‹ÐQ‹ŽMQÐŒŽMŒËÐŒKŽMP‹B‚LÐŒ‹ËÐŒËÌ‹ÐÌÐK‘‹LÐ‹‘ËÐË‘‘ÐŽ‘PL‹ÐŽK‘PQ‹B‚LÐK‘QËÐ‹‘P‹ÐË‘PÌ‹Ð‘‘NLLÐ‘K‘NQÐ‘‹‘PÍËÐÌ‘PÍKÐÌK‘PMKB‚LÐÌ‹‘NNÐÌË‘PËÐÍ‘PKÐÍK‘PP‹LÐÍ‹‘QKÐÍË‘NM‹ÐÎ‘NPËÐÎK‘PÍB‚LÐÐK‘QÐÐ‹‘PPKÐÐË‘PMËÐÑ‘PLÐÑKÌMKÐÑ‹ÌMNKÑÌMŽKÑKÌMB‚LÑ‹ÌMKÑËÌMËÑÌMPËÑKÌMËLÑ‹ÌM‹ÑËÌMËÑÌMKÑKÌMQKB‚LÑKÌM‹Ñ‹ÌMŽÑËÌMM‹ÑÌŒÐKLÑKÌL‹Ñ‹ÌÌÍËÑLÌÍKÑLKÌÌÑ‹B‚LÑL‹ÌÌÑKÑLËÍ‘‹ÑMÍPKÑMKÍMKLÑM‹ÍQ‹ÑMËÍQKÑNÍKÑNKÍÑ‹B‚LÑPKÍNKÑP‹ÍP‹ÑPËÍPËÑQÍMÍ‹LÑQKÍMÎÑQ‹ÍŒÑŒÍQŒÑŒKÍŒKB‚LÑŒ‹ÍQŒ‹ÑŒËÍQŒKÑÍQKÑKÍQ‘‹LÑ‹ÍQÑËÍQŒËÑŽÍ‘KÑŽKÍ‘‹B‚LÑKÍÍP‹Ñ‹ÍÍ‹ÑËÍÍ‹Ñ‘ÍÍQKLÑ‘KÍÍŒËŽÍÍÎKŽKÍÍKŽ‹ÍÍËB‚LŽËÍÍPËŽÍÍKŽKÍÍŽŽ‹ÍÍŒ‹LŽËÍÑQKŽÎKŽKÎŒŽKÎMËB‚LŽ‹ÎNŽËÎËŽÎKŽKÎÐËLŽ‹ÎLKŽLÎLËŽLKÎÑ‹ŽL‹ÎMÐKB‚LŽLËÎMÑ‹ŽMÎNKŽMKËŽM‹ÎP‘LŽMËÐLPËŽNÐLPKŽNKÐLŒŽPKÐLMB‚LŽP‹ÐLQ‹ŽPËÐLQKŽQÐNQ‹ŽQKÐPLLŽQ‹ÐÍËŽŒÐÌŽŒKÐŒŽŒ‹Ð‘KB‚LŽŒËÐËŽÐÐŒKŽKÐÐŒËŽ‹ÐÐKLŽËÑLËŽŽÑÎKŽŽKÑLKŽKÑKB‚LŽ‹Ñ‹ŽËÑP‹Ž‘Ñ‘KŽ‘KÑŽKLŽ‘‹ÑKŽÌÑÌ‹ŽÌKÑNKŽÌ‹ÑNB‚LŽÌËÑMŽÍM‹ŽÍKNŽÍ‹‹LŽÍËŽÎMÌKŽÎKMÌŽÐKMÎB‚LŽÐ‹MKŽÐËM‘KŽÑMÌËŽÑKM‹LŽLKMÎKŽL‹MÐKŽLËM‹ŽMŒKB‚LŽMKËŽM‹‹ŽMËÍËŽNÑLŽNKÌKŽPKÍKŽP‹‹ŽPË‹B‚LŽQKŽQKËŽQ‹P‹ŽŒÐËLŽŒKÍKŽŒ‹ŒKŽŒËŒËŽŽKB‚LŽK‘Ž‹‹ŽËQKŽŽPËLŽŽKQ‹ŽK‘ŽKŽ‹ÌLËŽËÌB‚LŽ‘ÌËŽ‘KÌŽ‘‹‘‘KŽÌ‘‹LŽÌKÌ‹ŽÌ‹ÌËŽÌËÌ‹ŽÍÌKB‚LŽÍKNKŽÍ‹‹ŽÍËŽÎKLŽÎKËŽÐKŽÐ‹ŽÐËLKB‚LŽÑÐKŽÑKKŽÑ‹‹ŽNPËLŽKQLËŽ‹M‹ŽËMÌ‹ŽMÌËB‚LŽKM‹Ž‹MŽKŽËMÌŽNËLŽKMÐËŽKMŒËŽ‹PLŽËMÌKB‚LŽNKŽKM‘Ž‹MŒ‹ŽLM‘KLŽLKMËŽL‹MÎKŽLËMÐ‹ŽMLÑKB‚LŽMKMŽŽM‹ÍŒ‹ŽMËÎKŽNÎKLŽNKÐÐKŽPKÐÍËŽP‹ÐÎŽPËÐÍB‚LŽQÐŒ‹ŽQKÐÌËŽQ‹ÐÌ‹ŽŒÐÍKLŽŒKLKŽŒ‹‹ŽŒËNŽQ‹B‚LŽKŒËŽ‹KŽËPKŽŽMLŽŽKM‹ŽKPŒ‹Ž‹ŒËŽËŒKB‚LŽ‘Q‘KŽ‘KŒKŽMŽQ‹ŽMKŒ‹LŽM‹L‹ŽMËLKŽMLLËŽMKL‹B‚LŽM‹LMŽMËLÐËŽMLMKŽMKLLLŽMKLËŽM‹L‹ŽMËLKŽMLB‚LŽMKLLKŽM‹LÑKŽMLLKŽMLKLLL‹LŽML‹LLMËŽMLËLMËŽMMLMKŽMMKLMŽKB‚LŽMM‹LPÎKŽMMËLŒÍËŽMNLMËŽMNKLŒÎLŽMPKLŒÑŽMP‹LŽMPËLŒÑKŽMQLP‹B‚LŽMQKL‹ŽMQ‹LŽMŒLLKŽMŒKLŒÍLŽMŒ‹LKŽMŒËLŽMLKŽMKLŒÎKB‚LŽM‹LŒÑ‹ŽMËLPKŽMŽMNNŽMŽKMŽNLŽMKMŽMŽM‹MŽMKŽMËMÑŽM‘MÐ‹B‚LŽM‘KMÎKŽM‘‹MÐKŽMÌM‘ËŽMÌKM‘‹LŽMÌ‹M‘ŽKŽMÌËM‘‹ŽMÍMÍM‹ŽMÍKMÍÍB‚LŽMÍ‹MÍÍ‹ŽMÍËNLŽMÎNLKŽMÎKNLËLŽMÐKNKŽMÐ‹NL‹ŽMÐËNËŽMÑNËB‚LŽMÑKNŽPLKN‘ŽPL‹N‘KŽPLËNPŒËLŽPMNPŒKŽPMKNPŽPM‹PQLKŽPMËPÑNKB‚LŽPNQN‹ŽPNKQŒKŽPPKQŒLËŽPP‹QŒŒLŽPPËLMËŽPQLQKŽPQKLMKŽPQ‹L‹B‚LŽPŒLQŽPŒKLKŽPŒ‹LKŽPŒËLÑ‹LŽPLKŽPKLŒKŽP‹LÑKŽPËLNKB‚LŽPŽLMŒ‹ŽPŽKLQŒËŽPKLŽËŽP‹LŽ‹LŽPËLÌÌKŽP‘LÐQŽP‘KMQ‘KŽP‘‹MŒB‚LŽPÌMŒP‹ŽPÌKMŒMËŽPÌ‹MQ‘ŽPÌËMŒMLŽPÍMŒ‹ŽPÍKMŒKŽPÍ‹MŒŽPÍËMŒKB‚LŽPÎMQËŽPÎKMŒM‹ŽPÐKMŒQ‹ŽPÐ‹MŒLŽPÐËMŒLŽPÑMQ‹ŽPÑKMÌNŽPÑ‹MÌM‹B‚LŽQNÍKŽQKNÑKŽQ‹NËŽQËNLËLŽQNKŽQKNÎKŽQ‹NKŽQËNÑB‚LŽQN‘ŽQKNLKŽQKNLŒ‹ŽQ‹NLLŽQËNMKŽQNMŽKŽQKPQLKŽQ‹PQM‹B‚LŽQLPQNKŽQLKPQËŽQL‹PQ‹ŽQLËPQLŽQMPQLËŽQMKPÍKŽQM‹P‘KŽQMËP‘MËB‚LŽQNP‘LKŽQNKP‘MKŽQPKP‘M‹ŽQP‹P‘NLŽQPËP‘L‹ŽQQP‘MŽQQKP‘‹ŽQQ‹PÌB‚LŽQŒPÍŒ‹ŽQŒKQŽQŒ‹QËŽQŒËQMP‹LŽQQMŒËŽQKQMMKŽQ‹QMMËŽQËQMMB‚LŽQŽQQËŽQŽKQQ‹ŽQKQŒKŽQ‹Q‹LŽQËQÌŽQ‘QŽKŽQ‘KŒMËMŒLÑ‹B‚LMKŒM‹M‹ŒMÍËMËŒMŒ‹MŒMŒËLMKŒMQ‹M‹ŒMPKMËŒMNMŒMÍKB‚LMKŒŒKMKËM‹NMËMLMMMKÎM‹Q‹MLÐKB‚LMLKLKML‹ËMLËÍMM‘LMMKÐ‹MM‹MÌ‹MMËPLKMNQËB‚LMNKQ‹MPKL‹MP‹NMPËŽQLMQŽNPËMQKŽPNMQ‹ŽNMKMŒŽPÌKB‚LMŒKŽPQKMŒ‹ŽQËMŒËŽPÐ‹MŽNP‹LMKŽPËM‹ŽP‹MËŽPP‹MŽŽPB‚LMŽKŽQMKŽPÑM‹ŽPQMËŽPÐËLM‘ŽPM‹M‘KŽPÌËM‘‹ŽPLËMÌKB‚LMÌKËMÌ‹ÌÌËMÌË‘ŒÌËMÍ‘ŒMLMÍK‘Q‘KMÍ‹‘ŒLËMÍË‘QMÎ‘ŒŽKB‚LMÎK‘ŒÑKMÐK‘ŒŒMÐ‹‘ŒËMÐË‘Œ‹LMÑ‘Œ‹MÑK‘ŒŒ‹PLK‘Q‘‹PL‹‘QQ‹B‚LPLË‘Œ‹PM‘ŒÌKPMK‘ŒÎPM‹‘ŒÌ‹LPMË‘ŒŒËPN‘ŒMKPNK‘Œ‹PPK‘Œ‘‹B‚LPP‹‘ŽPPË‘ŒKPQ‘QPËPQK‘ŒKLPQ‹‘QŒ‹PŒ‘PÐËPŒK‘QËPŒ‹ÌNMB‚LPŒËÌNNKPÌMÑPKÌNKP‹ÌNLPËÌNL‹PŽÌŒÑKPŽKÌŽL‹PKÌŽM‹B‚LP‹ÌÍPËÌÍLP‘ÍP‘KÍŒËLP‘‹ÍKPÌÍÌPÌKÍ‘PÌ‹ÍLB‚LPÌËÍNLKPÍÍŒËPÍKÍŒPÍ‹ÍŒ‹LPÍËÍŒKPÎÍŒLËPÎKÍ‘LKPÐKÍ‘LËB‚LPÐ‹ÍÎPÐËÍÍÑPÑÍÍÑ‹PÑKÍÍŒKLPÑ‹ÎÌKQÎQ‹QKÎMËQ‹ÎŒËB‚LQËÎNKQÎLËQKÎNKQ‹ÎN‹LQËÎNQÐL‘KQKÐLÌKQKÐPPKB‚LQ‹ÐPNKQËÐQQQÐQQ‹QKÐLKLQ‹ÐŽMKQLÐŽ‹QLKÐÍKQL‹ÐŽMËB‚LQLËÐŽQQMÐŽMQMKÐŽ‹QM‹ÐŽLQMËÐŽËQNÐŽQNKÐÐŽKQPKÐÐ‘B‚LQP‹ÐÐ‘KQPËÑ‹QQÑŒQQKÑPËLQQ‹Ñ‘QŒÑ‘KQŒKÑLQŒ‹ÑÐKB‚LQŒËÑQÑŒ‹QKÑŒKQ‹ÑKLQËÑL‹QŽÑ‘‹QŽKÑKQKÑŽB‚LQ‹ÑQQËÑ‹Q‘ÑÍËQ‘KÑPËLÑÌKÑ‘L‹Ñ‘LKËÑ‘‹B‚LQKKPK‹ËËMLLNKN‹KN‹NKB‚LËMÑ‹N‹KQMË‹QKLLŒËLKŒML‹ŒQKLË‹B‚LMÎKMK‘‹M‹Í‹MËÍLNNKNKQKPKŒ‹P‹PËB‚LPËÐ‹QŽQKÌQ‹ËLŒLŒKËŒ‹KŒËÐKB‚LÌÑ‹KÌPË‹ÌÐ‹ËÌŒ‹LŽÌKŽKÌÍKÌN‹ÍMKB‚LËÌÍË‘ÌŽK‘KŒË‘‹L‹LÌÌKŽKÌ‹ŽÌË‘B‚LÍNÍKLPKÍ‹Q‹ÍËPM‹LÎNËÎKNQKÐKPLËÐ‹NB‚LÐËPLKÑNLËÑKPMLKPPKLL‹PMKLËPNMNNMKNLKB‚LM‹NPKMËPMËNÍKNKÎLPKÎËP‹ÑËPËÑKQÑ‹B‚LQK‹Q‹NKŒMKŒKËLŒ‹ŒMŒËŒL‹ŒMKKŒLËB‚L‹LËËLŒŽLNŽKLPËLKLŒË‹LNKËLQK‘LŒ‹B‚L‘KLQ‘‹LP‹ÌLLNKÌKLLNLÌ‹LLQKÌËLMÍKÍLMÎÍKLMÍËB‚LÍ‹LMÍÍËLÎÎLŽÎKLŽKLÐKLŽNÐ‹LŽM‹ÐËLÐ‹ÑLŽLËB‚LÑKLŽPËÑ‹LN‘LÐË‘KLŽLKL‘‹MPLK‘ËMPN‘MPNK‘KMPLËB‚L‘‹MPMK‘ËMPM‘MŽNK‘KMŽPËL‘KMŽP‹‘‹MÐË‘ËM‘‹‘MÌB‚L‘KMÍÐË‘‹MÎK‘LMÑ‹‘LKNMËL‘L‹NN‘LËNQ‹‘MNŒK‘MKNLËB‚L‘M‹NLK‘MËNLË‘NNLK‘NKNPÌKL‘PKPPQ‹‘P‹PPŒ‘PËPQM‹‘QPKB‚L‘QKP‹‘Q‹PÑ‘ŒPÑ‹‘ŒKPÑŒËL‘Œ‹QPË‘ŒËQŒÐ‹‘QK‘KLLB‚L‘‹LL‘ËL‹‘ŽLK‘ŽKLŽKL‘KLL‹‘‹LL‘ËLLK‘‘LLKB‚L‘‘KLQËÍLŽËÍKLŽÍ‹LŽKLÍËLŽÍLŽKÍKL‘ŒÍ‹LÐŒ‹B‚LÍËMŒ‘KÍMŒÐ‹ÍKMŒÎKÍKMŒÌ‹LÍ‹MŒÑ‹ÍËMŒÍÍMŒŽKÍKMLËB‚LÍ‹MKÍLMMËÍLKMÍÍL‹MŒÍ‹LÍLËMŒ‘‹ÍMMŒÌÍMKNÍM‹NQ‹B‚LÍMËNQKÍNNŒËÍNKNPËÍPKNQKLÍP‹NNKÍPËNM‹ÍQNM‘ÍQKPŒKB‚LÍQ‹PQ‹ÍŒPŒ‹ÍŒKPQKÍŒ‹PŒËLÍŒËPŒÍP‘QKÍKP‘PËÍ‹P‘NKB‚LÍËP‘P‹ÍŽPÍÍŽKPÍKÍKQQLÍ‹QMÍËQMŒ‹Í‘QMQ‹Í‘KQMŒKB‚LÍ‘‹QQL‹ÍÌQQKÍÌKQQ‹ÍÌ‹QQLÍÌËQQLËÍÍQQLÍÍKQÍÍ‹QÌKB‚LÍÍËQËÍÎQKÍÎKŒMÍ‹ÍÐKŒMËLÍÐ‹ŒM‘KÍÐËŒMQÍÑŒMMKÍÑKŒN‹B‚LÐLKŒMÐËÐL‹ŒMÌÐLËŒM‹ÐMŒMÑKLÐMKŒPMËÐM‹ŒNLÐMËŒPP‹ÐNŒNKB‚LÐNKŒPPËÐPKŒNPKÐP‹ŒPMÐPËŒNMLÐQŒPQKÐQKŒŒ‘KÐQ‹ŽKÐŒ‘‹B‚LÐŒKÎKÐŒ‹QKÐŒËŒ‹ÐLÐKLÐ‹ŒÐËMKÐŽLËB‚LÐŽKMKÐKNKÐ‹L‹ÐËQKLÐ‘QÐ‘KP‹Ð‘‹PKÐÌPËB‚LÐÌKNKÐÌ‹L‹ÐÌËŒËÐÍMÍKLÐÍKMÍËÐÍ‹MÎÐÍËQKÐÎP‹B‚LÐÎKÐÐKŒKÐÐ‹LŒËÐÐËLQ‹LÐÑŽQNÐÑKLKÐÑ‹LQKÑLNKB‚LÑKŽQ‘Ñ‹LŒKÑËLLËÑLKLÑKŽQŒËÑ‹L‹ÑËLKÑŽQQB‚LÑKLLKÑKLÑ‹KÑËMLÑÍKÑKÍ‹Ñ‹‘ŒÑ‹ÑL‘ÐËB‚LÑLK‘ŽÑL‹‘LKÑLË‘‹ÑM‘MLÑMK‘Ž‹ÑM‹‘‘ÑMË‘P‹ÑN‘ÎB‚LÑNK‘‘KÑPK‘ŽKÑP‹‘ÐKÑPË‘ÌLÑQ‘ÑQK‘ŽMËÑQ‹‘NÑŒ‘QKB‚LÑŒK‘‘‹ÑŒ‹‘ŒÑŒË‘Q‹ÑÌNQ‹LÑKÌPPËÑ‹ÌPŒKÑËÌPNÑŽÌM‹B‚LÑŽKÌŽP‹ÑKÌÍKÑ‹ÌÍMËÑËÍŽKLÑ‘Í‹Ñ‘KÍË‘ÍÑK‘KÍB‚L‘‹ÍMÑ‹‘ËÍŒŒ‘ÍŒŽK‘KÍŒQ‹L‘‹ÍŒ‘ËÍŒ‹‘ÍŒŒK‘KÍŒŒ‹B‚L‘KÍŽPK‘‹ÍK‘ËÍ‘M‘ÍÎKL‘KÍÎË‘‹ÍÎË‘LÍÎLK‘LKÍÎ‹B‚L‘L‹ÎÐ‹‘LËÎÍK‘MÎK‘MKÎÐKL‘M‹Î‘K‘MËÎK‘NÎË‘NKÎB‚L‘PKÐLÑ‹‘P‹ÐLÐË‘PËÐM‘QÐLÑL‘QKÐLÍË‘Q‹ÐLÐ‹‘ŒÐPQ‹‘ŒKÐPQKB‚L‘Œ‹ÐQ‘ŒËÐŒK‘ÐÍ‘KÐL‘‹ÐÍ‹‘ËÐÍË‘ŽÐÌK‘ŽKÐLB‚L‘KÐÐË‘‹ÐÐÐK‘ËÑL‘‘ÑL‘‘KÑQ‹‘‘‹Ñ‹‘ÌÑ‘ÌKÑPËB‚L‘Ì‹Ñ‘ÌËÑN‘ÍÑLË‘ÍKÑKL‘Í‹ÑK‘ÍËÑNK‘ÎÑQK‘ÎKÑKB‚L‘ÐKÑŒ‹‘Ð‹ÑŽK‘ÐËÑÍK‘ÑÑÍËL‘ÑKÑQ‹‘LKÑ‘NK‘L‹‹‘LËNP‹B‚L‘MNPË‘MKNQ‘M‹PL‘MËNPKL‘NNN‘NKLMË‘PKLÑ‘P‹LPKB‚L‘PËQK‘QLË‘QKL‘‘Q‹LLËL‘ŒLLK‘ŒKLŒË‘Œ‹LŒK‘ŒËLMB‚L‘PË‘KLK‘‹‘‹‘ËL‹L‘ŽÎ‹‘ŽKÍÍ‘KÍÍ‹‘‹ÍŒB‚L‘ËÍ‹‘‘ÍÎ‘‘KÍŽ‘‘‹ÍNKL‘ÌÍMË‘ÌKÍË‘Ì‹ÍLË‘ÌËP‹B‚L‘ÍQ‘ÍKLL‘Í‹LË‘ÍËLL‹L‘ÎLLË‘ÎKLMK‘ÐKLK‘Ð‹PËB‚L‘ÐËQ‹‘ÑPÍË‘ÑKPÍ‘Ñ‹NMKL‘PÐ‹‘KQŽ‘‹PŒ‹‘ËPÎKB‚L‘PÌ‹‘KP‘‹‘‹PŒ‘ËQ‹L‘PÑ‘KP‹‘KPŽK‘‹Q‹B‚L‘ËÍË‘ÍK‘KÍË‘‹ÑLL‘LÑK‘LKÑM‹‘L‹ÑM‘LËÑPËB‚L‘MÑQ‘MKÑL‹‘M‹ÑLË‘MËÑËL‘NÑPK‘NKÑLK‘PK‘‘P‹Q‹B‚L‘PËLË‘QL‹‘QKLL‘Q‹LQL‘ŒLŒ‹‘ŒKL‹‘Œ‹LŽK‘ŒËLQ‹B‚L‘LŒK‘KLQK‘‹PK‘ËŒQL‘ŽŒP‹‘ŽKŒQ‹‘KŒŽK‘‹Œ‹B‚L‘ËŒK‘‘ŒPË‘‘KŒQK‘MŒKL‘MKLŽK‘M‹L‘K‘MËLŽ‘ML‘B‚L‘MKLÍË‘M‹LLÌ‘MËLL‘‘MLLËL‘MKLLÌK‘MKLNË‘M‹LNK‘MËLN‹B‚L‘MLNË‘MKLÍK‘M‹L‹‘MLLËL‘MLKL‘PK‘ML‹LPË‘MLËL‘M‘MMLÌKB‚L‘MMKLŒË‘MM‹LË‘MMËL‘‹‘MNLÍËL‘MNKL‘Œ‘MPKLŒ‹‘MP‹MPQ‘MPËMPŒKB‚L‘MQMÌ‘MQKMÌ‹‘MQ‹MÌË‘MŒMÌKL‘MŒKMÍŒ‘MŒ‹MÎ‘MŒËMÎ‹‘MMÎ‹B‚L‘MKNŒK‘M‹N‹‘MËNPË‘MŽNŒËL‘MŽKNLK‘MKNLLË‘M‹NLL‹‘MËNLNB‚L‘M‘NQ‘M‘KNQ‘M‘‹NQ‹‘MÌNQ‹L‘MÌKNQK‘MÌ‹NQK‘MÌËNQ‹‘MÍNQKB‚L‘MÍKPPË‘MÍ‹PQQK‘MÍËPQQ‹‘MÎPŒËL‘MÎKPK‘MÐKP‘MÐ‹PÍË‘MÐËP‘‹B‚L‘MÑQ‹‘MÑKQK‘PLKQË‘PL‹QPNKL‘PLËQP‘K‘PMQPÑK‘PMKNN‘PM‹QL‹B‚L‘PMËLLL‹‘PNLLN‘PNKLLM‘PPKLLLL‘PP‹LLMK‘PPËLN‘PQLPPK‘PQKLQB‚L‘PQ‹LŽLK‘PŒLŽLË‘PŒKL‘ŒË‘PŒ‹MNKL‘PŒËM‹‘PMÎK‘PKMŽK‘P‹MB‚L‘PËMÎ‘PŽMK‘PŽKMŽ‘PKMKL‘P‹MÌK‘PËM‘‹‘P‘MË‘P‘KMŒ‹B‚L‘P‘‹MÍ‹‘PÌNÌK‘PÌKN‘K‘PÌ‹NÍËL‘PÌËNÍK‘PÍNM‘K‘PÍKPŒQ‘PÍ‹PŒÍB‚L‘PÍËPÎ‘PÎP‘Œ‘PÎKPÌK‘PÐKQKL‘PÐ‹ŒPŒ‹‘PÐËŒNLK‘PÑŒPNK‘PÑKŒNKB‚L‘PÑ‹ŒPÑ‘QŒP‹‘QKŒP‘K‘Q‹ŒPÐKL‘QËŒPÎ‘QŒŒÌ‘QKÍK‘Q‹ÌKB‚L‘QËÐ‹‘Q‹‘QKË‘QKKL‘Q‹Í‘QËÍË‘QÌ‹‘QKÑB‚L‘Q‹‘‹‘QL‹‘QLK‘QL‹‘KL‘QLËMÍ‘QMÍ‹‘QMKÎK‘QM‹ŽKB‚L‘QMËÍ‘QNÍË‘QNKŽ‘QPKLÑL‘QP‹LÎ‘QPËLÐK‘QQMNK‘QQKM‹B‚L‘QQ‹MN‘QŒLÎK‘QŒKM‘QŒ‹MŒ‹L‘QŒËMŒK‘QM‹‘QKMË‘Q‹LÍKB‚L‘QËMQ‹‘QŽM‘QŽKNK‘QKÍËL‘Q‹ÌK‘QË‘Ì‹‘Q‘‘ŒK‘Q‘K‘LKB‚L‘‘ÌË‘K‘M‘‹‘ÌK‘Ë‘MËL‘‘ŒË‘K‘Ì‘‹‘ŽK‘Ë‘‹B‚L‘‘M‹‘K‘L‘K‘‘‹ÌP‘KL‘ËÌPÎK‘ÌQ‘KÌQ‹‘‹ÌPÎB‚L‘LÌQK‘LKÌPŽK‘L‹ÌPÑK‘LËÌQKL‘MÌQË‘MKÌPÌË‘M‹ÌPÍ‘MËÌÍŽB‚L‘NÍPË‘NKÍLË‘PKÍN‘P‹ÍQ‹L‘PËÍQK‘QÍL‹‘QKÍLË‘Q‹ÍLB‚L‘ŒÍŒÍ‘ŒKÍŒÎ‘Œ‹ÍŒÐK‘ŒËÍ‘MËL‘Í‘MK‘KÍÐL‘‹ÍÎQK‘ËÍÎQ‹B‚L‘ŽÍÐMK‘ŽKÎN‘KÎK‘‹ÎPËL‘ËÎMË‘‘ÎPM‹‘‘KÐM‘‘‹ÐMKB‚L‘ÌÐM‹‘ÌKÐMË‘Ì‹ÐM‹‘ÌËÐPKL‘ÍÐ‘K‘ÍKÐÌLK‘Í‹ÐÎK‘ÍËÐ‘MB‚L‘ÎÐ‘‹‘ÎKÐ‘LK‘ÐKÐ‘NK‘Ð‹Ð‘M‹L‘ÐËÐÑK‘ÑÐÑ‹‘ÑKÑLK‘LKÑLLKB‚L‘L‹ÑL‘LËÑLP‹‘MÑLŒË‘MKÑLQKL‘M‹ÑLQ‘MËÑLK‘NÑLL‘NKÑÎKB‚L‘PKÑŒ‹‘P‹Ñ‘Œ‘PËÑ‘ŒK‘QÑ‘QKL‘QKŽ‘Q‹PŒË‘ŒPNK‘ŒKPNB‚L‘Œ‹Q‹‘ŒËŒ‘N‘KNKL‘‹MK‘ËMNK‘ŽM‘ŽKMŽB‚L‘KMŽK‘‹MË‘ËMK‘‘M‘L‘‘KMK‘‘‹MQK‘ÌÎË‘ÌKÎQ‹B‚L‘Ì‹ÎQK‘ÌËÐL‹‘ÍÎ‘ÍKŒKL‘Í‹LK‘ÍËLÌ‹‘ÎLK‘ÎKL‹B‚L‘ÐKLŒK‘Ð‹PPK‘ÐËPM‹‘ÑQM‹L‘ÑKQK‘Ñ‹QP‹‘‘QŒK‘‘KŒB‚L‘‘‹QË‘‘ËQMË‘‘QQK‘‘KQ‘KL‘‘‹ŒK‘‘ËŒ‹‘‘QË‘‘KQQB‚L‘‘KQŒË‘‘‹Q‹‘‘ËQË‘‘Í‹L‘‘KÍ‘‘‘‹ÎLË‘‘LÑ‘‘LKMB‚L‘‘L‹LÌK‘‘LËLÍ‘‘MM‹‘‘MKLÎKL‘‘M‹LÍK‘‘MËŒÐ‹‘‘NŒ‘‹‘‘NKŒÎB‚L‘‘PKŒÌË‘‘P‹N‘‘PËM‹‘‘QLÍKL‘‘QKLÍ‘‘Q‹LÎ‘‘ŒLÌ‹‘‘ŒKLÐËB‚L‘‘Œ‹LÐK‘‘ŒËLLÍ‘‘LNL‹‘‘KLÌŒL‘‘‹LÌÍ‹‘‘ËL‘Ž‘‘ŽLÌÌË‘‘ŽKLÌ‘‹B‚L‘‘KLÌŒ‹‘‘‹L‘Ë‘‘ËLÌ‹‘‘‘LÌL‘‘‘KLÌPKÌLÌLÌKLÌ‹Ì‹LÌŒKB‚LÌËLÌMKÌLÌ‘KÌKLÌNKÌ‹MP‹LÌËMMËÌMNÌKMPKÌKM‘KB‚LÌ‹MÌKÌËMÌLKÌMÌM‹ÌKMÌLÌ‹MÌLËÌLMÌ‹ÌLKMÍP‹ÌL‹MÍPËB‚LÌLËMÍ‹ÌMMÎNÌMKNÌÌM‹NÎLÌMËNÐ‹ÌNNÍËÌNKN‘ÌPKNÎKB‚LÌP‹NÌPËNLLÌQNLŽÌQKNLQKLÌQ‹NLP‹ÌŒNLŒKÌŒKNLPKÌŒ‹NQQB‚LÌŒËNQL‹ÌNQŒKÌKPPŽÌ‹PPËLÌËPQ‹ÌŽPQQÌŽKPŒŽÌKPŽLKB‚LÌ‹QMKÌËQŒËÌ‘Q‹Ì‘KQŽLÌ‘‹QL‹ÌÌQP‹ÌÌKQQÌÌ‹QQB‚LÌÌËQŽÌÍQŽPËÌÍKLLKÌÍ‹LLQ‹LÌÍËLLŒKÌÎLLÌ‹ÌÎKL‘KÌÐKMŽKB‚LÌÐ‹MŽÌÐËMŽLÌÑMŽKÌÑKMŽËLÌLKMŽ‹ÌL‹NKÌLËNËÌMNKB‚LÌMKNÑKÌM‹PŒÌÌMËPŒKÌNPŒLÌNKPÐKÌPKPÌÍËÌP‹PÍŽÌPËQËB‚LÌQQKÌQKQ‘ÌQ‹QŽÌŒQM‹LÌŒKQËÌŒ‹Q‘ÌŒËŒPÎKÌŒPÌ‹B‚LÌKŒPÍËÌ‹ŒQM‹ÌËŒPÐ‹ÌŽŒŒÌ‹LÌŽKŒŒÍÌKÑKÌ‹ÐKÌËB‚LÌ‘LÌ‘KŒÌ‘‹M‹ÌÌPËLÌÌKŒKÌÌ‹L‹ÌÌËQÌÍN‹B‚LÌÍKNËÌÍ‹‘KÌÍË‘‹ÌÎNLÌÎKNMÌÐKNÌÐ‹PL‹ÌÐËNPËB‚LÌÑQ‹ÌÑKPLËÌÑ‹MÑKÌNMËLÌKNLÌ‹PLÌËPËÌQKB‚LÌK‘KÌ‹ÌÌË‘‘Ì‘‘ŒKLÌK‘‘‹ÌK‘‘LÌ‹‘‘‹ÌË‘‘MB‚LÌ‘‘P‹ÌK‘‘Q‹Ì‹‘ŽÌL‘‘PËLÌLK‘‘LKÌL‹‘‘NKÌLË‘‘KÌM‘‘QKB‚LÌMK‘‘ŒÌM‹ÌQMËÌMËÌQ‹ÌNÌQQKLÌNKÌQM‹ÌPKÌQMKÌP‹ÌQQÌPËÌQPËB‚LÌQÌQÌQKÌQLÌQ‹ÌŒÍKÌŒÌ‹LÌŒKÌÍÌÌŒ‹ÌÍÌ‹ÌŒËÍNKÌÍŒB‚LÌKÍM‹Ì‹ÍNÌËÍ‹ÌŽÍ‹LÌŽKÍËÌKÍ‘PKÌ‹ÍÐŒËÌËÍÐPKB‚LÌ‘ÍÐŒÌ‘KÍÐPËÌMÍÐMËÌMKÍÐQLÌM‹ÍÑQ‹ÌMËÎËÌMÎKÌMKÎB‚LÌM‹ÎQ‹ÌMËÎLKÌMÎPMËÌMKÎPPKLÌMKÐMMËÌM‹ÐP‘‹ÌMËÐÌËÌMÐÌB‚LÌMKÐ‘‘KÌM‹Ð‘ËÌMLÐÌËÌMLKÐ‘LLÌML‹ÐÑLÌMLËÐÑËÌMMÐÑKÌMMKÐÑL‹B‚LÌMM‹ÐÑ‹ÌMMËÐÑKÌMNÐÑÌMNKÑL‘KLÌMPKÑLÑKÌMP‹ÑM‹ÌMPËÑLÍËÌMQÑLÌ‹B‚LÌMQKÑMËÌMQ‹ÑL‹ÌMŒÑLÑÌMŒKÑLÌKLÌMŒ‹ÑMKÌMŒËÑMKÌMÑLÍÌMKÑLÎKB‚LÌM‹ÑMÌMËÑLÍKÌMŽÑLÑ‹ÌMŽKÑL‘‹LÌMKÑÌM‹Ñ‘ŒËÌMËÑ‘ËÌM‘ÌKB‚LÌM‘KÌ‹ÌM‘‹ÌÌMÌ‘‹ÌMÌKÌËLÌMÌ‹PÍ‹ÌMÌËPÌËÌMÍPKÌMÍKPÌ‹B‚LÌMÍ‹PÌÌMÍËP‘‹ÌMÎP‘ÌMÎKPÎKLÌMÐKP‘KÌMÐ‹QNÌMÐËŒKÌMÑÌKB‚LÌMÑKPPKÌPLKNÌPL‹MÑKÌPLËNPËLÌPMNLKÌPMKNMÌPM‹PQ‹ÌPMËNP‹B‚LÌPNNËÌPNKPNÌPPKNKÌPP‹ËLÌPPËÐÌÌPQÑKÌPQKÐŒËÌPQ‹Ñ‹B‚LÌPŒÐÍ‹ÌPŒKÐP‹ÌPŒ‹Ð‹ÌPŒËÐKLÌPÐÎÌPKÐÐ‹ÌP‹LÐ‹ÌPËLÍ‹B‚LÌPŽMÌPŽKLÎÌPKLÑÌP‹PPËLÌPËŒKÌP‘ŒMËÌP‘KŒNKÌP‘‹ŒP‹B‚LÌPÌŒKÌPÌKŒŒÌPÌ‹ŒQÌPÌËŒLÌPÍŒLÌPÍKÍKÌPÍ‹ÌÑ‹ÌPÍËÍÌËB‚LÌPÎÑKÌPÎKÑ‘ÌPÐKÑËÌPÐ‹ÑŽLÌPÐËÑ‹ÌPÑNÌPÑKMKÌPÑ‹M‹B‚LÌQMÌQKMKÌQ‹ÌQËŒÑKLÌQ‹ÌQKKÌQ‹ŒÑ‹ÌQËLÑ‹B‚LÌQLÑÌQKLÌQKLKÌQ‹L‹LÌQËLÌQLLÎKÌQKLPLËÌQ‹LNQKB‚LÌQLLNPËÌQLKLÍÌQL‹LÎ‹ÌQLËLÌŽLÌQMLÍÍKÌQMKLÍKÌQM‹LÍKÌQMËLÍ‹B‚LÌQNLÌNÌQNKLÍÑKÌQPKLÍËÌQP‹LÍP‹LÌQPËLÍÌÌQQLÍPKÌQQKLÍMÌQQ‹MPÐKB‚LÌQŒMPÐ‹ÌQŒKMPÐËÌQŒ‹MPÎÌQŒËMPÍ‹LÌQMŒKÌQKMŽÌQ‹M‘‹ÌQËMÌPËB‚LÌQŽMÌQKÌQŽKMÐLÌQKMÑËÌQ‹N‹LÌQËN‹ÌQ‘NLÍKÌQ‘KPLKÌNQ‘‹B‚LÌKPQKÌ‹PP‹ÌËPPKÌPQLÌKQÐ‹Ì‹QÑ‹ÌËQN‹ÌQPÑ‹B‚LÌKQQKÌKQQËÌ‹QQÌËQQ‹LÌQŒÑKÌKQ‹Ì‹LÑL‹ÌLMŽMKB‚LÌLKMQKÌL‹NKÌLËNÌMPŒÎLÌMKQQÌM‹ŒQLËÌMËŒŒÌËÌNB‚LÌNKŒ‹ÌPK‘KÌP‹L‹ÌPËKLÌQ‹ÌQKËÌQ‹PËÌŒ‘ËB‚LÌŒKÌ‹ÌŒ‹PŒËÌŒËPPËÌPÌËLÌKP‹Ì‹PŽÌËPÌ‹ÌŽPQKB‚LÌŽKPQ‹ÌKQ‹Ì‹ÎÌËQ‹LÌ‘ÌKÌ‘KÌ‹Ì‘‹‘‘‘KÌÌÌ‹B‚LÌÌK‘‘KÌÌ‹ÌLKÌÌËÌ‹ÌÍÌQ‹LÌÍKÌQËÌÍ‹ÌQ‘KÌÍËÌQŽÌÎÌÍÍËB‚LÌÎKÌÍÍKÌÐKÍMËÌÐ‹Í‘‹ÌÐËÍLMKLÌÑÍM‹ÌÑKÍNÌLKÍL‹ÌL‹ÍÐ‘B‚LÌLËÍÐ‘‹ÌMÍÐ‹ÌMKÍÐËÌM‹ÎLKLÌMËÎPQKÌNÐMŒKÌNKÐMŒ‹ÌPKÐMŒB‚LÌP‹ÐPÍÌPËÐPÍKÌQÐÌ‹ÌQKÐÌËLÌQ‹ÐÌKÌŒÐÌQKÌŒKÐÌŒËÌŒ‹ÐÌŒKB‚LÌŒËÐÑMËÌÑMMÌKÑMMKÌ‹ÑMQKLÌËÑMPKÌŽÑMŒKÌŽKÑML‹ÌKÑMNKB‚LÌ‹ÑÌËÑ‘ŽKÌ‘Ñ‘‹Ì‘KÍËLÌ‘‹Í‹ÌÌPÑÌÌKPÑ‹ÌÌ‹ŒKB‚LÌÌËPÑ‹ÌÍPNKÌÍKPÑÌÍ‹QLÌÍËPÎKÌÎPŒÌÎKPKÌÐKPŽKB‚LÌÐ‹PM‹ÌÐËÑQ‹ÌÑÑPËÌÑKÑŒ‹LÌÑ‹ÑLÌ‘N‹Ì‘KPŒ‹Ì‘‹QB‚LÌ‘ËŒŽÌ‘ŒÎKÌ‘KŒËÌ‘‹Œ‹LÌ‘ËÍLÌ‘KÌ‘KMNKÌ‘KMŒËB‚LÌ‘‹M‹Ì‘ËMÌ‘MQ‹Ì‘KMMKLÌ‘‹PÌÌ‘LKÌ‘LKÌ‘L‹LËB‚LÌ‘LËLËÌ‘MLÌ‘MKLPP‹Ì‘M‹LPPËLÌ‘MËLQÌ‘NLÎMÌ‘NKLÎKÌ‘PKLÎM‹B‚LÌ‘P‹LÐL‹Ì‘PËLÐŒËÌ‘QLÐQKÌ‘QKLÐPËLÌ‘Q‹LÐŒÌ‘ŒLÎNÌ‘ŒKLÎPKÌ‘Œ‹LÎMËB‚LÌ‘ŒËMQÌ‘MQ‹Ì‘KMQÌ‘‹MQKLÌ‘ËM‘L‹Ì‘ŽM‘ËÌ‘ŽKM‘KÌ‘KM‘‹B‚LÌ‘‹M‘KÌ‘ËMÌÌ‘‘MÐLËÌ‘‘KMÐM‹LÌÍMÐQÌÍKMÑŽKÌÍ‹NÌÍËN‹B‚LÌÍNËÌÍKNKÌÍ‹NLËÌÍËNKLÌÍNLÑKÌÍKNLÑ‹ÌÍKNLÑÌÍ‹NL‘KB‚LÌÍËNPMKÌÍPLKÌÍKPPÌKÌÍ‹PŒËLÌÍLPŒ‹ÌÍLKP‹ÌÍL‹PKÌÍLËPB‚LÌÍMPÐKÌÍMKPÎKÌÍM‹P‘‘ÌÍMËPÎLÌÍNPÌÌÍNKQLKÌÍPKQQÌÍP‹QŒB‚LÌÍPËQQLÌÍQQŒMKÌÍQKQŒËÌÍQ‹LLÌËLÌÍŒMMKÌÍŒKNKÌÍŒ‹N‹ÌÍŒËNL‹B‚LÌÍP‘KÌÍKQŽLÌÍ‹QQPËÌÍËŒQŒ‹LÌÍŽŒQËÌÍŽKŒQ‹ÌÍKŒQKÌÍ‹LB‚LÌÍËL‹ÌÍ‘‘LÌÍ‘K‘ÌÍ‘‹QMKLÌÍÌQÌÍÌKQKÌÍÌ‹QËÌÍÌËÌP‹B‚LÌÍÍÌQ‹ÌÍÍKÌŽÌÍÍ‹ÌPKÌÍÍËÌQLÌÍÎÌMKÌÍÎKÌNÌÍÐKÌŒ‹ÌÍÐ‹ÌŒB‚LÌÍÐËÌNÌÍÑÌL‹ÌÍÑKÌÍÎÌÐLKÌÍÐKLÌÐL‹Í‘ÌÐLËÍÐKÌÐMÍLËÌÐMKÍNËB‚LÌÐM‹ÍN‹ÌÐMËÍQ‹ÌÐNÍŒKÌÐNKÍÐÍËLÌÐPKÎLNKÌÐP‹ÎPŒKÌÐPËÐM‹ÌÐQÐMŽKB‚LÌÐQKÐÌÑKÌÐQ‹ÐÌÑ‹ÌÐŒÐÌÎÌÐŒKÐÌÑLÌÐŒ‹ÐÌÍËÌÐŒËÐÍÌÐÑM‹ÌÐKÑM‘B‚LÌÐ‹ÑMÎKÌÐËÑMŽKÌÐŽÑMKÌÐŽKÑŽKLÌÐKÑMÌËÌÐ‹Ñ‹ÌÐËÑŽKÌÐ‘ÑŽB‚LÌÐ‘KQÌÐ‘‹QNKÌÐÌQÌÐÌKQPKLÌÐÌ‹QKÌÐÌËQMÌÐÍQMKÌÐÍKQËB‚LÌÐÍ‹Ñ‹ÌÐÍËKÌÐÎÌÐÎKÑŽKLÌÐÐKÑ‘KÌÐÐ‹MŒÌÐÐËMQ‹ÌÐÑMM‹B‚LÌÐÑKMQKÌÐÑ‹KÌÑPËÌÑKNLÌÑ‹KÌÑËPKÌÑKÌÑK‹B‚LÌÑ‹‹ÌÑËNKÌÑÌÑKKLÌÑKMÐËÌÑ‹MÌ‹ÌÑËNËÌÑMÍ‹B‚LÌÑKMËÌÑ‹MÐKÌÑLMÍÌÑLKMLÌÑL‹KÌÑLËQÌÑMLKÌÑMKL‹B‚LÌÑM‹LPŒKÌÑMËLPQKÌÑNLÑLKÌÑNKLÑKLÌÑPKLÑ‹ÌÑP‹LÐÌËÌÑPËLÐÎÌÑQLÑËB‚LÌÑQKLÑÌÑQ‹LÑ‹ÌÑŒLÑL‹ÌÑŒKLÐÑLÌÑŒ‹LÑÌÑŒËLÑMÌÑLÑËÌÑKLÑNB‚LÌÑ‹MQËÌÑËMÌÑŽM‘LËÌÑŽKMÌKLÌÑKMÌËÌÑ‹MÍŒKÌÑËMÑËÌÑ‘MÑ‹B‚LÌÑ‘KNQKÍNNÍKNP‹Í‹NËLÍËNMKÍNMKÍKPLM‹Í‹PLNKB‚LÍËPŒÍP‘NÍKP‘MËÍKP‘‹LÍ‹P‘‹ÍËQKÍQŒKÍKQÌ‹B‚LÍ‹QKÍLQËÍLKQNL‹ÍL‹QNMËLÍLËQNLËÍMQPÍMKL‘ŽÍM‹MNB‚LÍMËMËÍNM‹ÍNKMÍPKMËLÍP‹NMÍPËPÍQPËÍQKPÑB‚LÍQ‹P‘‹ÍŒQÎKÍŒKŒQŽÍŒ‹ŒQKLÍŒËLNÍLMÍKLNKÍ‹‘M‹B‚LÍËÌËÍŽQPËÍŽKÌÑKÍKÌÌLÍ‹ÌÌ‹ÍËÌŒLÍ‘ÌÍÐ‹Í‘KÍÑ‹B‚LÍ‘‹ÍŒ‹ÍÌÍKÍÌKÎL‹ÍÌ‹ÎLKLÍÌËÎLËÍÍÎL‹ÍÍKÐPÍËÍÍ‹ÐQ‹B‚LÍÍËÐÍËÍÎÐÍËÍÎKÐÍÍÐKÐÑQ‹LÍÐ‹ÐÑŒÍÐËQKÍÑÑMÑÍÑKÑMÐËB‚LÍLKÑN‹ÍL‹ÑËÍLËÍMQKLÍMK‹ÍM‹Q‹ÍMËQŽKÍNŒLKB‚LÍNKQKÍPKŒ‹ÍP‹Œ‹ÍPËŒËLÍQŒKÍQKMÍQ‹MKÍŒMB‚LÍŒKPKÍŒ‹QŽÍŒËÌÍËLÍK‹Í‹‘‹ÍËQ‹ÍŽ‹B‚LÍŽK‹ÍKÍ‹NKÍËNKLÍ‘NKÍ‘KN‹Í‘‹LPÍÌLPÐ‹B‚LÍÌKMNÍÌ‹MËÍÌËLÑ‘ÍÍMQLKLÍÍKMÌÌÍÍ‹NÍÍÍËNML‹ÍÎNMLKB‚LÍÎKNPNÍÐKPL‹ÍÐ‹PLÌÍÐËPLÍËLÍÑPLÍKÍÑKPÌLËÍÑ‹PÌÍQMÎKB‚LÍKQPKÍ‹QQNÍËQŒ‘‹ÍQQ‹LÍKQŒËÍ‹QŒKÍËLLÍËÍLLÎB‚LÍKMÌKÍKMÌÍ‹MÌ‹ÍËNLMLÍPÍËÍKQÑÍ‹ŒQËÍLŒQ‘KB‚LÍLKLQÍL‹LPËÍLËNMKÍM‘NKLÍMKQ‹ÍM‹ŒÍMËQKÍNŒ‹B‚LÍNKÌËÍPKÌŒP‹ÍP‹ÌMËÍPËÍ‹LÍQÍÍQKÍŽKÍQ‹ÍÑËÍŒÐÍLB‚LÍŒKÑN‹ÍŒ‹ÑNËÍŒËÑËÍŒMËLÍKŒ‘Í‹ŒPKÍËŒËÍŽŒ‹B‚LÍŽKŒKÍKQ‹Í‹MKÍËMËLÍ‘P‘Í‘KÍÍMÍËÍMKÑB‚LÍM‹LËÍMËNKÍMNÍMKN‹LÍM‹Q‹ÍMËQ‹ÍMLPKÍMKM‘KB‚LÍMKMÌËÍM‹MÍKÍMËMÐKÍMMÎLÍMKMÌ‹ÍM‹M‹ÍMLMQL‹ÍMLKMÌÎB‚LÍML‹MÌÎKÍMLËMÌÌ‹ÍMMMÑ‘‹ÍMMKNËLÍMM‹NKÍMMËNMMËÍMNPMKÍMNKPMËB‚LÍMPKPMÍMP‹PLÑKÍMPËPPÑ‹ÍMQPMLÍMQKPLKÍMQ‹PÌ‘ÍMŒPÌKÍMŒKQQ‹B‚LÍMŒ‹QÍMŒËQÌ‹ÍMQŽÍMKQNQLÍM‹QQQ‹ÍMËQŒNKÍMŽQPËÍMŽKQ‹B‚LÍMKQËÍM‹LLÐËÍMËLLÐ‹ÍM‘MÎLÍM‘KMÐKÍM‘‹MÎKÍMÌPÑ‹ÍMÌKQB‚LÍMÌ‹Q‹ÍMÌËQKÍMÍŒQ‘‹ÍMÍKLLÍMÍ‹ŒKÍMÍËŒKÍMÎÌLKÍMÎKÌNB‚LÍMÐKÌÎÍMÐ‹ÍMÍMÐËÍNKÍMÑÍ‘KLÍMÑKÍËÍPLKÎPŒËÍPL‹ÐÍŒÍPLËÐÍQ‹B‚LÍPMÑKÍPMKÑÍPM‹Q‹ÍPMËMÌ‹LÍPNM‘‹ÍPNKQËÍPPKŽÍPP‹M‹B‚LÍPPËMËÍPQNLKÍPQKNLËÍPQ‹ŒKLÍPŒLMÍPŒKMÍPŒ‹MLKÍPŒËML‹B‚LÍPMÌÑÍPKMÌÑKÍP‹MÐÌËÍPËMÐÌKLÍPŽN‹ÍPŽKNMMKÍPKPMMKÍP‹PMB‚LÍPËPQ‹ÍP‘PŒPKÍP‘KPÍKÍP‘‹PÌÌKLÍPÌPÌÑKÍPÌKPÌÐ‹ÍPÌ‹QËÍPÌËQËB‚LÍPÍQŒÍÍPÍKQËÍPÍ‹QKÍPÍËQŽMLÍPÎMÐËÍPÎKQ‹ÍPÐKŒŒÍPÐ‹LŒËB‚LÍPÐËL‹ÍPÑLKÍPÑK‘PËÍPÑ‹ŒLLÍQÍKÍQKÐPÐKÍQ‹ÐÍÍQËÐÍŒËB‚LÍQÐÍKÍQKÑNLËÍQ‹ÑNM‹ÍQËÑNMLÍQQL‹ÍQKŒÎÍQKŒÑ‹ÍQ‹ÌKB‚LÍQËŽKÍQLLÍQKL‹ÍQ‹MŒËLÍQLMŒÍQLKMÍQL‹MÍŽÍQLËN‘‹B‚LÍQMNMPËÍQMKPMPKÍQM‹PMP‹ÍQMËPMMËLÍQNPQËÍQNKPQÍQPKPQKÍQP‹PÍMB‚LÍQPËPÍMËÍQQPÍM‹ÍQQKQMKÍQQ‹QNQ‹LÍQŒQQÍQŒKM‘KÍQŒ‹NNKÍQŒËLËB‚LÍQÌQKÍQKÍÌKÍQ‹ÍÌ‹ÍQËÍÑËLÍQŽÑLÍQŽKÑŽÍQKÍ‹ÍQ‹ÎKB‚LÍQËŒ‹ÍQ‘ŽLËÍQ‘KŽL‹ÍŽM‹LÍKÍËÍ‹P‹ÍËLPÌÍMKB‚LÍKMÍ‹Í‹MÍÍËMÍÍMÐÍ‹LÍKNÌÍKPMQ‹Í‹PŒŒ‹ÍËPNB‚LÍPÍQ‹ÍKQŽKÍ‹QKÍLQMÐËLÍLKQMÑÍL‹QŒËÍLËQÍËÍMQÌ‹B‚LÍMKQQŒËÍM‹ŒM‹ÍMËÌŒËÍNÐÍËLÍNKÐÍ‘KÍPKÐ‹ÍP‹PÌÍPËPLKB‚LÍQLPÌKÍQKMÌ‹ÍQ‹MÌÍŒNÌKLÍŒKNMQKÍŒ‹PQ‹ÍŒËPŒŒËÍQPÐËB‚LÍKÌÍ‹ÍÑKÍËŽPKÍŽMÍËLÍŽKMÐÎKÍKPMŒ‹Í‹PMKÍËÑNPËB‚LÍ‘ŽPËÍ‘KPPKÍ‘‹LPÍKÍÌMÑLÍÌKMÑKÍÌ‹MÐËÍÌËPÍÍËÍÍPÍÎB‚LÍÍKQQËÍÍ‹ÍMÍÍËMÑ‹ÍÎQLPKLÍÎKÌŒŽÍÐKPMKÍÐ‹PŒÌKÍÐËQLP‹B‚LÍÑQLQKÍÑKÐÍÌ‹ÎMM‹ÎMKMPËLÎM‹LQKÎMËLÌPKÎMLÎ‹ÎMKLËB‚LÎM‹LËÎMËMËÎMNÎMKM‘ËLÎMKLËÎM‹PÍ‘KÎMËQÌËÎML‹B‚LÎMKLNËÎM‹LKÎMLL‘KÎMLKNLËLÎML‹PÌ‹ÎMLËPÎKÎMMPÎÎMMKLNNB‚LÎMM‹L‘ËÎMMËLÍËÎMNLÐŽKÎMNKMÌŒLÎMPKNLËÎMP‹NLËÎMPËPÌLÎMQQ‘‹B‚LÎMQKQLKÎMQ‹ŒËÎMŒÐËÎMŒKÌMLÎMŒ‹ÌŒÑ‹ÎMŒËLÌKÎMLÐËÎMKQNB‚LÎM‹QËÎMËQNKÎMŽQLKÎMŽKQLÎMKQKÎM‹LŒËÎMËLÌPËÎM‘LÍËB‚LÎM‘KMÌŒ‹ÎM‘‹MÌŒËÎMÌNLMËÎMÌKNL‘‹LÎMÌ‹PŽKÎMÌËPŽÎMÍPÌL‹ÎMÍKPÌÐ‹B‚LÎMÍ‹PÍÍÎMÍËPÍÌËÎMÎQLÎMÎKQNLÎMÐKQN‹ÎMÐ‹QÎKÎMÐËŒŒKÎMÑŒLB‚LÎMÑKÌMKÎPLKÌÍ‹ÎPL‹ÍËÎPLËÌÑ‹LÎPMÌÐ‹ÎPMKÌQKÎPM‹ÌŒÎPMËÌÎKB‚LÎPNÎPŽÎPNKKÎPPKMŒQKÎPP‹ŒKLÎPPËŒNÎPQŒËÎPQKQKÎPQ‹ŒMB‚LÎPŒQŒKÎPŒKŒÎPŒ‹QËÎPŒËŒLÎPŒQÎPKŒ‹ÎP‹ŒKÎPËŒŒ‹B‚LÎPŽŒLËÎPŽKŒÎPKQÎP‹ŒL‹LÎPËLPŒKÎP‘LŒLËÎP‘KLŒKÎP‘‹LŒLB‚LÎPÌLM‹ÎPÌKLÌŒ‹ÎPÌ‹LÌQ‹ÎPÌËLÍLÎPÍLÎKÎPÍKMËÎPÍ‹M‘LKÎPÍËM‘‹B‚LÎPÎMÌ‘KÎPÎKMÌKÎPÐKMÌÍÎPÐ‹NLÐËLÎPÐËNNÎPÑNMÐËÎPÑKNNKÎPÑ‹NMÐ‹B‚LÎQNMÑKÎQKNMÍËÎQ‹NMÑ‹ÎQËPM‹LÎQPÌMKÎQKPÌKÎQ‹PÍÐËÎQËPÍÐKB‚LÎQPÍÐ‹ÎQKPÍÑKÎQKQ‹ÎQ‹QMÍKLÎQËQNÎQQŒ‹ÎQKQŒPKÎQ‹QÍB‚LÎQLQ‘KÎQLKQ‘ÎQL‹QÑ‹ÎQLËŒPËLÎQMŒQKÎQMKŒÎQM‹ŒŒKÎQMËŒ‹B‚LÎQNŒŒ‹ÎQNKŒNKÎQPKŒŒÎQP‹ŒPKLÎQPËŒKÎQQQQ‹ÎQQKQQKÎQQ‹ÌÑKB‚LÎQŒÌÎKÎQŒKÌÎÎQŒ‹ÌÐ‹ÎQŒËÌÐKLÎQÌÑ‹ÎQKÌÐËÎQ‹ÌÌËÎQËÌNB‚LÎQŽÍ‹ÎQŽKÍL‹ÎQKÍPËÎQ‹Í‹LÎQËÍKÎQ‘ÍMÎQ‘KÍ‹ÐMÍËB‚LÐMKÌÌKÐM‹ÌQKÐMËÌÐMÌKLÐMKÌÎKÐM‹ÍLKÐMËÍÑ‹ÐMÐMÍKB‚LÐMKÑLKÐMKÎÐM‹ÐËÐMËŽLÐMÑÐMKÑ‹ÐM‹ÐMLMÑKB‚LÐMLKLNKÐML‹LMËÐMLËLNÐMMLP‹LÐMMKLMÐMM‹MŒŒ‹ÐMMËMŒÐMNMŒŒB‚LÐMNKMŒŒËÐMPKM‹ÐMP‹ŒÐ‹ÐMPËŒ‹LÐMQKÐMQKLËÐMQ‹ÐMŒŒÑKB‚LÐMŒKËÐMŒ‹L‹ÐMŒËQ‹ÐMKLÐMKNÐM‹Œ‘ÐMËŒÌËÐMŽŒÑ‹B‚LÐMŽKŒKÐMKLN‹ÐM‹LPŽKÐMËLŒPËLÐM‘LŒQKÐM‘KLŒŒKÐM‘‹LQÐMÌLQKB‚LÐMÌKLÌKÐMÌ‹LÍŒËÐMÌËLÍÌ‹ÐMÍLÎKLÐMÍKLÎ‹ÐMÍ‹MÌÐMÍËMÍËÐMÎMKB‚LÐMÎKMMÐMÐKMKÐMÐ‹MNKÐMÐËMPËLÐMÑMKÐMÑKMNÐPLKMÑÐPL‹M‹B‚LÐPLËMKÐPMMŽÐPMKMÐPM‹MËLÐPMËM‘QKÐPNM‘MËÐPNKM‘MKÐPPKMÍKB‚LÐPP‹MÍKÐPPËMÍËÐPQMÍKÐPQKMÍ‹LÐPQ‹MÍL‹ÐPŒNL‹ÐPŒKNMÐPŒ‹NPM‹B‚LÐPŒËNNNÐPNPLÐPKNNMËÐP‹NNKLÐPËNPL‹ÐPŽNNLÐPŽKNN‹ÐPKNPMËB‚LÐP‹NPLKÐPËPŽKÐP‘PŽL‹ÐP‘KPÌŽLÐP‘‹PÌKÐPÌPÎÐPÌKPÎ‹ÐPÌ‹PÎB‚LÐPÌËPÎ‹ÐPÍPÎKÐPÍKPÎL‹ÐPÍ‹PÎKLÐPÍËPÎ‹ÐPÎPÎLËÐPÎKPÎMKÐPÐKQLB‚LÐPÐ‹QLKÐPÐËQLKÐPÑQN‹ÐPÑKQNKLÐPÑ‹QNËÐQQNÐQKQNÐQ‹QŒKB‚LÐQËQŒQÐQQÎÐQKQÍ‹ÐQ‹Q‘‹LÐQËQ‘KÐQQ‘ÐQKQ‘QÐQKQ‘NB‚LÐQ‹Q‘QKÐQËQ‘ŒËÐQQ‘LKÐQKQ‘MLÐQ‹Q‘LËÐQLQ‘KÐQLKQ‘Q‹ÐQL‹Q‘ËB‚LÐQLËQ‘‹ÐQMŒÐQMKQ‘ÐQM‹ŒŒÐKLÐQMËŒŽËÐQNŒŽËÐQNKŒŽKÐQPKŒŽ‹B‚LÐQP‹ŒŽMÐQPËŒŽËÐQQŒÌKÐQQKŒÐ‹LÐQQ‹ŒÐKÐQŒŒÌÐQŒKŒŽKÐQŒ‹ŒŽB‚LÐQŒËŒÍËÐQŒÑÐQKŒÌ‹ÐQ‹ŒÍLÐQËLÍËÐQŽQŒÐQŽKQÐQKQŒËB‚LÐQ‹QŒ‹ÐQËQKÐQ‘ÍKÐQ‘KÍËLÐÍNKÐKÍMKÐ‹ÍËÐËÍB‚LÐÍQÐKÍÐ‹ÍPKÐËÍ‹LÐ‘ÐKÌNKÐKÌPKÐ‹ÍÎB‚LÐËÍËÐÍ‹ÐKÎÐ‹Î‹LÐLÎ‹ÐLKÍÌKÐL‹Í‘‹ÐLËÍŽKB‚LÐMÎPKÐMKÍ‘ÐM‹ÎËÐMËÎMKLÐNÎPËÐNKÍ‹ÐPKÍÌËÐP‹ÍKB‚LÐPËÍÐ‹ÐQÎKÐQKÌÍÐQ‹ÌÐKLÐŒÌŒËÐŒKÌ‘‹ÐŒ‹Ì‘ÐŒËÌÌËB‚LÐÌÍ‹ÐKÌÌKÐ‹ÌKÐËÌÍKLÐŽÌÎMKÐŽKÌÎMËÐKÌÎLËÐ‹ÌÎMB‚LÐËÌÎL‹Ð‘ÍLÐKÐ‘KÍLÎKÐ‘‹ÍNMLÐÌÍNMKÐÌKÍŽKÐÌ‹ÎLÑÐÌËÍB‚LÐÍMKÐÍKNKÐÍ‹LÐÍËL‹LÐÎPËÐÎKŽLÐÐKŽ‹ÐÐ‹ŽKB‚LÐÐËŽKÐÑŽLKÐÑKŽLËÐLKŽKLÐL‹ŽËÐLËŽÐMÍÎÐMKÎKB‚LÐM‹‘‹ÐMËLQ‹ÐNLLKÐNKLMKLÐPKLQKÐP‹LMËÐPËLLÐQMŒÌB‚LÐQKMŒŽÐQ‹MŒ‘‹ÐŒMŒ‘ÐŒKLÌËLÐŒ‹ŽNÐŒËÐËÐŽKÐKÑB‚LÐ‹ŽÐËŽËÐŽÍ‹ÐŽKÍLÐKŽKÐ‹ŽÐËÍËÐ‘ËB‚LÐ‘KŽMËÐ‘‹KÐÌŽPKÐÌKÎKLÐÌ‹ŽKÐÌËÎÐÍŽLÐÍKŽPËB‚LÐÍ‹ŽMÐÍËŽQKÐÎŽL‹ÐÎKŽ‹LÐÐKŽMKÐÐ‹‹ÐÐË‘KÐÑLNQKB‚LÐÑKLPËÐÑ‹LP‘KÐ‘LŒÍKÐ‘KLŒÌ‹LÐ‘‹LŒÌËÐ‘ËL‹Ð‘LŒÌKÐ‘KLËB‚LÐ‘‹LÌKÐ‘ËLÌ‹Ð‘LÌÐËÐ‘KLÎL‹LÐ‘KLÎMÐ‘‹MËÐ‘ËMÑ‹Ð‘MKB‚LÐ‘KMLKÐ‘‹M‹Ð‘LMÐ‘LKM‹LÐ‘L‹MÐKÐ‘LËMÑKÐ‘MMKÐ‘MKMËB‚LÐ‘M‹MÍÐ‘MËM‹Ð‘NMÐ‘NKM‘‹LÐ‘PKMŒKÐ‘P‹MŒÐ‘PËMNÐ‘QMŒËB‚LÐ‘QKMËÐ‘Q‹MÐ‘ŒM‘ËÐ‘ŒKM‘ŽKLÐ‘Œ‹MÍ‘‹Ð‘ŒËMÍÌ‹Ð‘MÍ‘Ð‘KMÍ‹B‚LÐ‘‹MÍÌKÐ‘ËMÍÌÐ‘ŽMÍÍ‹Ð‘ŽKMÎLÐ‘KMÍÍKÐ‘‹MÍÐ‹Ð‘ËMÍÌËÐ‘‘MÍÍB‚LÐ‘‘KMÍŒ‹ÐÍMÍŽÐÍKMÍÑÐÍ‹NLËLÐÍËNMKÐÍNPKÐÍKNPKÐÍ‹NPÑ‹B‚LÐÍËNPÑKÐÍNPŒ‹ÐÍKNPÐËÐÍKNPÌKLÐÍ‹NP‹ÐÍËNPËÐÍNPÌËÐÍKNQ‹B‚LÐÍ‹NPŒKÐÍLNP‘ÐÍLKNPÌÐÍL‹NPÎLÐÍLËNPÐÍMNPÍËÐÍMKPŒ‹ÐÍM‹PKB‚LÐÍMËPŽLËÐÍNPŽMKÐÍNKPÍÐÍPKPÍËLÐÍP‹PÐQKÐÍPËPÐMÐÍQPÐLÐÍQKPÐKB‚LÐÍQ‹PÐQ‹ÐÍŒPÐNÐÍŒKPÐPËÐÍŒ‹PÎQ‹LÐÍŒËPÐLËÐÍPÐQÐÍKPÐL‹ÐÍ‹PÐPKB‚LÐÍËPÐMËÐÍŽPÎQÐÍŽKPÐMKÐÍKPÐ‹LÐÍ‹PÐŒÐÍËPÐM‹ÐÍ‘QLMËÐÍ‘KQLMB‚LÐÍ‘‹QLNKÐÍÌQŒŽÐÍÌKQŒŒ‹ÐÍÌ‹QŒŒËLÐÍÌËQŒÐÍÍQMÐÍÍKQŽ‹ÐÍÍ‹QÑKB‚LÐÍÍËQÑÐÍÎQ‘KÐÍÎKQ‘MKÐÍÐKŒ‘LÐÍÐ‹Œ‹ÐÍÐËŒNKÐÍÑŒÌ‹ÐÍÑKŒ‹B‚LÐÐLKŒÍÐÐL‹ŒKÐÐLËŒMËÐÐMŒÌËLÐÐMKŒPKÐÐM‹ŒQKÐÐMËŒËÐÐNŒŒ‹B‚LÐÐNKŒÐÐPKŒLÐÐP‹Œ‘KÐÐPËŒLËLÐÐQŒLKÐÐQKŒËÐÐQ‹ŒKÐÐŒŒPËB‚LÐÐŒKŒŒMÐÐŒ‹ŒŒÑÐÐŒËŒQÐÐŒLÐÐKŒ‘KÐÐ‹Œ‘KÐÐËŒPKÐÐŽŒ‹B‚LÐÐŽKŒÐKÐÐKŒQKÐÐ‹ŒŒËÐÐËŒQ‹LÐÐ‘Œ‹ÐÐ‘KŒNKÐÐ‘‹ŒŒÐÐÌŒŽB‚LÐÐÌKLÑÐÐÌ‹PNÐÐÌËP‹ÐÐÍŒKLÐÐÍKQËÐÐÍ‹ŒÐÐÍËŒL‹ÐÐÎŒB‚LÐÐÎKQ‹ÐÐÐKŒËÐÐÐ‹Œ‹ÐÐÐËŒLÐÐÑŒKÐÐÑKQ‘ÐÐÑ‹ŒLKÐÑŒLB‚LÐÑK‘‹ÐÑ‹ÌKÐÑËÎKÐÑÍËLÐÑKÎKÐÑ‹ÎL‹ÐÑËÍÍ‹ÐÑÍÐ‹B‚LÐÑKÎNÐÑKÎ‹ÐÑ‹ÎÐÑËÍÍLÐÑÎÐÑKÎËÐÑ‹ÍÐKÐÑLÎQ‹B‚LÐÑLKÎLKÐÑL‹ÎNKÐÑLËÎËÐÑMÍÑLÐÑMKÎKÐÑM‹ÍÎÐÑMËÍÎKÐÑNÎMB‚LÐÑNKŒKÐÑPKŽÐÑP‹ÑKÐÑPË‘KLÐÑQÌQÐÑQKÎLËÐÑQ‹ÑPËÐÑŒÑP‹B‚LÐÑŒKÑQKÐÑŒ‹ÑKÐÑŒËÐ‹ÐÑÑLÐÑKÐQÐÑ‹ÑMËÐÑËÐËÐÑŽÑB‚LÐÑŽKÐÌ‹ÐÑKÐKÐÑ‹ÐÌËÐÑËÐÍ‹LÐÑ‘ÑQÐÑ‘KÑŒ‹ÑÑ‹ÑKÑB‚LÑ‹ÐÑËÎKÑÎQÑKÎLÑ‹ÑKÑËÐÌÑ‘ÌÑKÐÑB‚LÑKÐÍËÑ‹ÐŒÑËÑŽKÑÐÑ‹LÑKÑNKÑ‹ÑKÑLÌMÑLKÌNB‚LÑL‹ÌKÑLËÌLËÑMÌ‹ÑMKÌLÑM‹ÌLKÑMËÌM‹ÑNÌ‹ÑNKÌPKB‚LÑPKÌËÑP‹ÌKÑPËÌ‘‹ÑQÌÐ‹LÑQKÌ‘ÑQ‹ÌÎKÑŒÌ‘ËÑŒKÌ‘‹B‚LÑŒ‹Ì‘ÑŒËÌ‘KÑÌÐËÑKÌ‘KLÑ‹ÌÐMÑËÌÐLKÑŽÌÐQÑŽKÌÐM‹B‚LÑKÌÐL‹Ñ‹ÌÐLÑËÌÐPËÑ‘ÌÎQLÑ‘KÍÑ‘‹ÍNÑÌÍLÑ‹ÑÌKÍMB‚LÑÌ‹ÍLÑKÑÌËÍNËÑÍÍNNÑÍKÍQ‹LÑÍ‹Í‘ŒËÑÍËÍ‘ŒKÑÎÍ‘ŒÑÎKÍ‘KB‚LÑÐKÍÑŽÑÐ‹ÍÑËÑÐËÍÑŽKÑÑÍÑ‹LÑÑKÍÑKÑLKÍÑËÑL‹ÎM‹ÑLËÎLÑ‹B‚LÑMÎPÍKÑMKÐMÎÑM‹ÐMÐ‹ÑMËÐQ‹LÑNÐÍÍKÑNKÐÑ‘ÑPKÍKÑP‹‹B‚LÑPËQKÑQLËÑQKŽÑQ‹KLÑŒQÑŒKŒŒÑŒ‹LÑŒËÌB‚LÑP‹ÑKŽPKÑ‹ŽNÑËŽP‹LÑŽKÑŽKMËÑKQKÑ‹ËB‚LÑËŽQKÑ‘KÑ‘KÑ‘‹NLÑÌLKÑÌKNKÑÌ‹Ì‹ÑÌËMB‚LÑÍÌËÑÍK‹ÑÍ‹L‹ÑÍËÌLÑÎ‘‹ÑÎK‘ÑÐK‘KÑÐ‹ÍM‹B‚LÑÐË‘‹ÑÑÐ‹ÑÑK‘ËÑÑ‹ÑLÑ‘‹ÑK‘KÑ‹‘ËÑËLŒ‹B‚LÑLÑKLQ‹Ñ‹LŒËÑËLŒLÑMŒÎKÑKMŒÑÑKMŒÐËÑ‹MŒÐKB‚LÑËMËÑÑÑKÍKÑ‹‘ËLÑLŒ‹ÑLKÎKÑL‹Ð‹ÑLËÌKB‚LÑM‘ÑMK‘ËÑM‹‘KÑMË‹LÑNŒËÑNK‘‹ÑPKÍËÑP‹‘‹B‚LÑPËKÑQÌÑQKŽKÑQ‹‘PËLÑŒLÑŒKLKÑŒ‹LÌÑŒËLÌ‹B‚LÑLÌÑÑKLÍÐËÑ‹LÎMËÑËLÎM‹LÑŽLÎNKÑŽKLÎNÑKMKÑ‹MLKB‚LÑËMQÑ‘MMKÑ‘KMÑ‹ÑMMÌËLÑMKÌÑM‹MËÑMËMQKÑMM‹B‚LÑMKM‹ÑM‹MÍKÑMËMÍ‹ÑMMLLÑMKMÌÑMKMËÑM‹ML‹ÑMËM‘KB‚LÑMMÌ‹ÑMKMKÑM‹MŒÑMLMÐKLÑMLKMÎQKÑML‹MÎQ‹ÑMLËMÐMÑMMMÎËB‚LÑMMKMÎMËÑMM‹MÎQÑMMËMÎP‹ÑMNMÎMLÑMNKMÎNÑMPKMÎ‹ÑMP‹MÎNKÑMPËMÐMKB‚LÑMQMÎPKÑMQKMÎMKÑMQ‹NÑMŒNLLÑMŒKNMLËÑMŒ‹NQLKÑMŒËNQKÑMNQQKB‚LÑMKPLÑM‹NQŒKÑMËNQÑMŽNQKLÑMŽKNQ‘ÑMKNQËÑM‹NQ‹ÑMËNQMB‚LÑM‘NQŒ‹ÑM‘KNQËÑM‘‹NQ‹ÑMÌNQNKLÑMÌKNQŒËÑMÌ‹NQKÑMÌËNQLÑMÍNQ‘KB‚LÑMÍKNQÑMÍ‹NQQÑMÍËPNÑMÎPÍËLÑMÎKPÑÑMÐKPÑÑMÐ‹PÐÐËÑMÐËPÑËB‚LÑMÑPÐÐ‹ÑMÑKPÑ‹ÑPLKPÑKÑPL‹PÑKLÑPLËPÐÎKÑPMPÐÍËÑPMKPÐÐKÑPM‹PÑ‹B‚LÑPMËPÑËÑPNPÑÑPNKPÐÑ‹ÑPPKPÐÎLÑPP‹PÐÍ‹ÑPPËPÐÑKÑPQPÑ‹ÑPQKPÑŽB‚LÑPQ‹QŽKÑPŒQLŒKÑPŒKQLŒ‹ÑPŒ‹QLŒËLÑPŒËQLŒÑPQLÑPKQPŒÑP‹QPMB‚LÑPËQPL‹ÑPŽQNP‹ÑPŽKQPLËÑPKQPMKLÑP‹QŒËÑPËQŒ‘KÑP‘QM‹ÑP‘KQŽ‹B‚LÑP‘‹ŒÍËÑPÌŒÎKÑPÌKŒMÑPÌ‹ŒÌ‹LÑPÌËŒQKÑPÍŒKÑPÍKŒLËÑPÍ‹ŒËB‚LÑPÍËŒKÑPÎŒP‹ÑPÎKŒËÑPÐKŒLÑPÐ‹Œ‹ÑPÐËŒQ‹ÑPÑŒÑPÑKŒB‚LÑPÑ‹ŒNÑQŒ‹ÑQKŒ‘KÑQ‹Œ‹LÑQËŒËÑQŒÑ‹ÑQKŒÌÑQ‹ŒÌ‹B‚LÑQËŒ‘KÑQŒÌKÑQKŒÌËÑQKŒ‘P‹LÑQ‹Œ‘ŽKÑQËŒÌ‹ÑQŒÌËÑQKŒ‘ŽB‚LÑQ‹Œ‘‹ÑQLŒÌÑQLKŒÌLËÑQL‹ŒÌMLÑQLËŒ‘KÑQMŒÌMKÑQMKŒ‘‹ÑQM‹Œ‘ŒB‚LÑQMËMKÑQNMËÑQNKPPKÑQPKP‘‹LÑQP‹ŒÍ‹ÑQPËŒŒKÑQQŒÌ‹ÑQQKŒÍKB‚LÑQQ‹ŒPËÑQŒŒ‹ÑQŒKŒŒ‹ÑQŒ‹ŒÌËLÑQŒËŒ‹ÑQŒÐKÑQKŒQÑQ‹ŒÍB‚LÑQËŒÎKÑQŽŒ‘KÑQŽKÌ‹ÑQKÌLLÑQ‹ÐÌKÑQËÑŒ‹ÑQ‘ÐÎÑQ‘KÐKB‚LÑÑËÑKÐ‹Ñ‹ÑŽÑËÑLÑÐÌÑKÐËÑ‹ÐÍKÑËÑP‹B‚LÑÑMÑKÑ‹ÑKÐKÑ‹ÐÑLÑËÐŒËÑÑËÑKÑ‹Ñ‹ÑQKB‚LÑLÑLËÑLKÐÌ‹ÑL‹ÐŽKÑLËÐÑKLÑMÑMËÑMKÑŒÑM‹ÐŒ‹ÑMËÑËB‚LÑNÐÍ‹ÑNKÑQÑPKÐÐËÑP‹ÐQKLÑPËÑM‹ÑQÑ‹ÑQKÑKÑQ‹ÐÎKB‚LÑŒÐÐKÑŒKÐÌËÑŒ‹ÑPKÑŒËÐÐ‹LÑŒŽÑKŽ‹Ñ‹ŽÑË‹B‚LÑŽ‘‹ÑŽK‘ÑK‘LÑ‹ÌŒLÑËÌŒKÑ‘‘ŽÑ‘K‘ÍÑ‘‹‘‘B‚LÑÌ‘Q‹ÑÌK‘ÐËÑÌ‹‘Ñ‹ÑÌË‘L‹LÑÍ‘KÑÍKÑKÑÍ‹‘ÌËÑÍË‘B‚LÑÎ‘NKÑÎK‘ÐKÑÐK‘PKÑÐ‹‘LKLÑÐË‘ÑÑ‘QÑÑK‘‹ÑLK‘KB‚LÑL‹‘NÑLË‘ÍËÑM‘ËÑMK‘‹LÑM‹‘ÑMË‘ËÑN‘ŒÑNK‘ËB‚LÑPK‘ÑP‹‘Œ‹ÑPË‘KÑQ‘LLÑQKÌËÑQ‹ÌQ‹ÑŒÌ‘KÑŒKÌŒKB‚LÑŒ‹ÌŒÑŒËÌLKÑÌÑKÌKLÑ‹ÌNKÑËÌKÑŽÌKÑŽKÌKB‚LÑKÌËÑ‹ÌÌÑËÌÌËÑ‘Ì‘KLÑ‘KÌÐKÑ‘‹Ì‘MÑÌÌ‘NÑÌKÌ‘P‹B‚LÑÌ‹Ì‘‹ÑÌËÌ‘PKÑÍÌ‘M‹ÑÍKÌ‘LËLÑÍ‹ÌÎKÑÍËÌÐÐËÑÎÌÐÌ‹ÑÎKÌÐÎB‚LÑÐKÌÐÍKÑÐ‹ÌÐŽKÑÐËÌÐ‹ÑÑÌÐKLÑÑKÌÐÑÑ‹ÌÑP‹Ñ‘ÌÐ‘‹Ñ‘KÌÐÍËB‚LÑ‘‹ÌÐ‘KÑ‘ËÌÐÌËÑ‘ÌÐÍ‹Ñ‘KÌÐŽLÑ‘‹ÌÐÐ‹Ñ‘ËÍPËÑ‘ÍQKÑ‘KÍL‘KB‚LÑ‘KÍMËÑ‘‹ÍMÑ‘ËÍPMËÑ‘ÍPPKLÑ‘KÍÎKÑ‘‹ÍÍÑ‘LÍÌÑ‘LKÍÌËB‚LÑ‘L‹ÍÌÑ‘LËÍÌKÑ‘MÍÌKÑ‘MKÍ‘ËLÑ‘M‹Í‘‹Ñ‘MËÍ‘KÑ‘NÍÑMËÑ‘NKÍÑNB‚LÑ‘PKÎ‹Ñ‘P‹ÎLKÑ‘PËÎL‹Ñ‘QÎKLÑ‘QKÎLÑ‘Q‹Î‹Ñ‘ŒÎKÑ‘ŒKÎKB‚LÑ‘Œ‹ÎËÑ‘ŒËÎLËÑ‘ÎMKÑ‘KÎMËLÑ‘‹ÎM‹Ñ‘ËÎMKÑ‘ŽÎMÑ‘ŽKÎQKB‚LÑ‘KÎPÑÑ‘‹ÎPÑ‹Ñ‘ËÎQ‹Ñ‘‘ÎPÑKLÑ‘‘KÐNÐMÑKKÐQK‹ÐŒB‚LËÐŒKÐÍÐKKÐÍÎ‹ÐÍÎKLËÐÍÑ‹ÐÎKÐÎKKÑËB‚L‹ÑËÑKÑNKÑŽLKL‹ÑŽLÑ‘KLKËL‹KB‚LLË‹MMMKÍËM‹LMËÍËNLNKKPKÎB‚LP‹Ì‹PËQÍKQKLËLQ‹KŒËŒKÐKŒ‹KB‚LŒËÎKÑ‹KË‹M‹LËÑŽQ‘‹ŽKŒŒKKŽMB‚L‹‘KË‘‘K‘‘ŽK‘KÌËL‘‹‘NÌÌÌK‘KÌ‹ÌÐKB‚LÌË‘P‹Í‘‹ÍK‘Í‹‘PËLÍË‘LKÎ‘Œ‹ÎK‘KÐKÌËB‚LÐ‹‘‹ÐË‘‹Ñ‘ŒÑK‘PKLLK‘ML‹‘LLË‘KM‘ŒËB‚LMK‘QM‹ÍËMËÍNÐËLNKÌËPKKP‹KPËËB‚LQKQKŽKQ‹QËŒLLŒKLËŒ‹Ì‹ŒË‘LË‘LKB‚LK‘QK‹‘LËLŒKŽL‘LŽKL‘‹KLK‹LÍKËL‘KB‚L‘LÍË‘KLÐ‹‘‹LÎÌLQLÌKLQËÌ‹MMÌËM‹ÍMLKB‚LÍKMLËÍ‹MKÍËMKÎLQKLÎKLKÐKLËÐ‹LLËÐËLŒ‹B‚LÑLÌÑKLP‹Ñ‹‘K‘LKLÌË‹LÍËËLË‘‹B‚LK‘Ë‹LMËËLPËLŒLKLËKLÍK‹L‘‹ËLÌKB‚LLKKLMPK‹LNMLLNLËLLKLPÐKL‹LPÍLËLPÍKMLPÎB‚LMKLPÑKM‹LŒKMËLPKNLL‹LNKLQKPKLQ‹P‹LMKPËLŒ‹B‚LQLÑQKLÌKQ‹LÎQKŒML‹LŒKML‹Œ‹MLMËŒËMLL‹MMËB‚LKMŒË‹MMËMLPKŽM‘‹LŽKMLKML‹MP‹ËMLLKB‚L‘MLK‘KMŒKMMLKMKM‹LM‹MËMËMŽMMLMKMLKB‚LM‹MLËMËML‹MMÌKMKMÌ‹LMKMÐÐËM‹NÌ‹MËMÑKMMÑ‹B‚LMKMÐKM‹MÐÍ‹MLMÐ‘MLKMÐËLML‹MÐŽMLËMÐ‹MMMÐ‘‹MMKMÐÍËB‚LMM‹MÑMMËMÐŽKMNMÐÌKMNKNLKLMPKNMKMP‹PLNKMPËPLM‹MQPL‘B‚LMQKPL‘KMQ‹PLMKMŒPL‹MŒKPLMËLMŒ‹PLKMŒËPLQKMPLÌËMKPËB‚LM‹PMËMËPQMŽPPËMŽKPÌËLMKPÍM‹M‹PÍMMËPÑPËM‘PÑ‘‹B‚LM‘KPÑQKM‘‹PÑŒKMÌPÑËMÌKQLMÌ‹PÑŽKMÌËQLŽKMÍQLŽMÍKQPNB‚LMÍ‹QPQKMÍËQPPKMÎQPPËMÎKQŒÌËLMÐKQŒÌMÐ‹QËMÐËŒQMÑŒPKB‚LMÑKŒËPLKŒKPL‹ŒL‹PLËŒLPMŒPMKŒL‹PM‹ŒKPMËŒQB‚LPNŒËPNKŒMKPPKŒP‹PP‹ŒMËLPPËŒËPQŒPËPQKŒKPQ‹ŒŒNKB‚LPŒŒ‹PŒKŒ‘Œ‹PŒ‹ŒÌLPŒËŒÍM‹LPŒÌËPKŒÍP‹ŒÍKPËŒÌÍ‹B‚LPŽŒÍËPŽKŒÑMPKŒÌÎKP‹ŒÍ‹LPËŒÍKP‘ŒÌÐËP‘KŒÌŽKP‘‹ŒÍKB‚LPÌŒÌÍPÌKŒÍNPÌ‹ŒÍMPÌËŒÍNKLPÍŒÌ‘PÍKŒÍËPÍ‹ŒÌÌËPÍËŒÍPKB‚LPÎŒÍLKPÎKŒÌÎPÐKŒÍMËPÐ‹ŒÍLPÐËŒÍPÑMKPÑKM‹PÑ‹PÍ‹B‚LQPÌËQKPÍQ‹PÌ‹QËKLQQ‹QKËQ‹LKQËÌL‹B‚LQÌLËQKŽQ‹QKŽPKQ‹ŽKLQËŽÌ‹QŽÌËQKŽÐ‹Q‹Ž‹B‚LQLŽ‹QLKŽM‹QL‹ŽÌKQLËŽPËLQMŽÍKQMKŽ‹QM‹Ž‘QMËŽ‘‹B‚LQNŽKQNKŽQPKŽÍQP‹ŽQLQPËŽL‹QQŽMQQKŽ‹QQ‹ŽŽB‚LQŒŽ‘KQŒKŽQŒ‹ŽÐKQŒËŽKLQŽŒQKŒËQ‹Œ‘‹QËŒ‘B‚LQŽŒÌKQŽKŒÍQK‘Q‹‹LQËŽQ‘‘M‹Q‘K‘M‘NB‚LK‘LË‹‘L‹Ë‘MËÌKLK‘ÐK‹‘ŒËË‘‘Í‹B‚LK‘K‘ŒK‹‘L‹Ë‘NL‘Œ‹K‘‘‹‘‘‹L‘LKB‚LLK‘L‹‘Q‹LË‘Ñ‹M‘‹LMK‘QKM‹‘ËMË‘ŒN‘MËB‚LNK‘ÌPK‘ÐËP‹‘Q‹PË‘‹LQ‘NQK‘‘‹Q‹‘ŽŒ‘‹B‚LŒK‘ÑKŒ‹‘ŒË‘‘M‹LK‘Ë‹‘Ð‹Ë‘ÑŽ‘ÍKB‚LŽK‘LKÌË‹ÌËËÌKL‘Ì‘KÌÐ‹‘‹ÑŒÎKÌÌL‹B‚LÌKÌËÌ‹Ì‹ÌËÌKÍÌLLÍKÌÍ‹ÌÑÍËÌÍKÎÌÍ‹B‚LÎKÌÍËÐKÌKÐ‹ÌÑKÐËÌLKLÑÌ‹ÑKÌÎLKÌÍËL‹ÌÍ‹B‚LLËÌÌMÌ‘KMKÌ‘M‹Ì‘‘KLMËÌ‘‹NÌ‘ŒËNKÌ‘‹PKÌÌKB‚LP‹ÌÑËPËÌÑKQÌÑMKQKÌÑ‹LQ‹ÌÐËŒÌÑMËŒKÌÑLËŒ‹ÌÑNKB‚LŒËÌÑËÌÑ‹KÌÑ‹‹ÌÑLËÌÑŽÌÑKŽKÌÑËKÌÑB‚L‹ÌÑNËÍK‘Í‹‘KÍL‘‹ÍKÌÍLŒKÌKÍMP‹Ì‹ÍMQ‹B‚LÌËÍPŒÍÍPÌKÍKÍP‹Í‹ÍPÍLÍËÍPÌÎÍP‘‹ÎKÍP‹ÐKÍPKB‚LÐ‹ÍŽKÐËÍÎKÑÍÌQÑKÍÌP‹LÑ‹ÍÌL‘ÍÌLË‘KÍÌL‹‘‹ÍÌŒËB‚L‘ËÍÌLK‘ÍÌMK‘KÍÌNK‘‹ÍÌPKL‘ËÍÌŒ‹‘ÍÌË‘KÎŒË‘KÎËB‚L‘‹ÎŒ‹‘ËÎÍK‘Î‘‹‘KÎŽL‘‹Î‘K‘LÎ‹‘LKÎŒK‘L‹ÎŽKB‚L‘LËÎÌË‘MÎK‘MKÎÌK‘M‹ÎMML‘MËÎMP‹‘NÎM‹‘NKÎMPË‘PKÎMLËB‚L‘P‹ÎML‹‘PËÎMLK‘QÎQP‹‘QKÎQPËL‘Q‹ÎQL‘ŒÎQQK‘ŒKÎQQ‘Œ‹ÎQPKB‚L‘ŒËÎQË‘ÎQK‘KÎQ‘‹ÐN‹L‘ËÐNK‘ŽÐNK‘ŽKÐN‹‘KÐNËB‚L‘‹ÐNK‘ËÐNË‘‘ÐQ‘‘KÐŒLLÍÐŒÍKÐŒLËÍ‹ÐŒKÍËÐŒ‹B‚LÍÐŒÍKÐŒKÍ‹ÐŒKÍËÐŒKLÍÐŒL‹ÍKÐÎÍKÐÎLKÍ‹ÐÎKB‚LÍËÐÎËÍÐÎÍKÐÎÍ‹ÐÎKLÍLÑQKÍLKÑQÍL‹ÑLKÍLËÑKB‚LÍMÑNÍMKÑM‹ÍM‹ÑLËÍMËÑQ‹LÍNÑL‹ÍNKÑ‹ÍPKÑËÍP‹ÑPËB‚LÍPËÑŒKÍQÑQKÍQKÑŒÍQ‹ÑQLÍŒÑP‹ÍŒKÑŽM‹ÍŒ‹ÑŽL‹ÍŒËÑÌËB‚LÍÑÌ‹ÍKÑÌÍ‹M‹ÍËÑKLÍŽÎKÍŽKKÍKŒ‹Í‹ŽKB‚LÍËKÍ‘LKÍ‘K‹Í‘‹LLÍÌŒKÍÌKŒ‘‹ÍÌ‹ŒKÍÌËÌÌËB‚LÍÍÌ‘ÍÍKÍÍÍ‹ÌNKÍÍËÍLKLÍÎÌKÍÎKÍM‹ÍÐKÌÑ‹ÍÐ‹ÍKB‚LÍÐËÌ‹ÍÑÌPËÍÑKÌŒ‹ÐLKÍ‹LÐL‹ÍKÐLËÌP‹ÐMÌKÐMKÌB‚LÐM‹ÌÐËÐMËÍÐNÌM‹ÐNKÌLÐPKÌŒÐP‹ÌÍËÐPËÌ‘‹ÐQÌŽKB‚LÐQKÍËÐQ‹ÍKÐŒÍËÐŒKÍLËLÐŒ‹ÌQKÐŒËÌËÐÍ‹ÐKÌËB‚LÐ‹ÍÐËLËÐŽL‹ÐŽKL‹LÐKNÐ‹ŽM‹ÐËŽÐ‘ŽLKB‚LÐ‘KŽQKÐ‘‹ŽËÐÌŽMËÐÌKŽ‹LÐÌ‹Ž‹ÐÌËŽPKÐÍŽKÐÍKMKB‚LÐÍ‹ŽNKÐÍËLKÐÎMËÐÎKŽMKLÐÐKŽNÐÐ‹ŽKÐÐËŽQÐÑŽLB‚LÐÑKŽMÐÑ‹ËÑÑK‘LÑ‹ÍKÑËÍ‹ÑÌ‹ÑKB‚LÑ‹ÌKÑËÑ‹Ñ‘‹ÑKËLÑKÑKÑ‹ÍÑËÐËÑLL‹B‚LÑKÍËÑ‹ÍMËÑLÍÐ‹ÑLKÐMLÑL‹ÐLËÑLËÍ‹ÑMÎÑMKKB‚LÑM‹ËÑMË‹ÑNQKÑNKQËLÑPK‘‘KÑP‹‘KÑPËL‹ÑQ‘‘‹B‚LÑQK‘‹ÑQ‹LÑŒ‘ËÑŒK‘‹LÑŒ‹L‹ÑŒËLLÑLKÑKLKB‚LÑ‹LLËÑËL‹ÑŽLMKÑŽKLLÑKL‹Ñ‹LËÑËLËÑ‘LMB‚LÑ‘KLMLLMKKLM‹‹LQKLËLQL‹LQKKMPË‹MQ‹B‚LËMËNLËKPQ‹KPŒ‘‹L‹MÑ‹ËLÌLKKLŒKB‚L‹LQKLLŒLKLLËL‹L‹LLËLQMLÌ‹MKLM‹LB‚LMËLKNLP‹NKLKPKLŒ‹LP‹LMKPËLKQLQ‹QKLŽKB‚LQ‹L‹ŒLŒËŒKLŒ‹L‹LŒËLL‘KKLÌË‹LMËB‚LËLLKŽLQŽKL‹KL‘L‹LËËL‘K‘L‘‹‘KL‘ËB‚L‘‹LÌ‘ÌLÎPËÌKMMÍKÌ‹MMÍ‹LÌËMLÐËÍMMÍKMMLÍ‹MLÍB‚LÍËMLKÎMMLKÎKMMŒ‹ÐKMLÍ‹LÐ‹MLÍKÐËMLÌÑMML‹ÑKMMKB‚LLKMLËL‹MLÌ‹LËMMKMMMKLMKMLÎKM‹MMMËML‘NMLÐ‹B‚LNKMMPKMM‹P‹MÌKPËMÌËLQMÑ‹QKNMQ‹MÑL‹ŒMÑ‹B‚LŒKMÑËŒ‹MÑŒËNMÑQLKMÑ‘‹NËMÑŽŽN‹B‚LŽKMÑŒËKMÐÑ‹‹NËËMÑQKL‘MÑLË‘KMÑŒ‹‘‹MÑMKÌMÑPËB‚LÌKMÑLKÌ‹NKÌËMÑËÍNLLÍKMÑMËÍ‹NKÍËNËÎMÑŒKB‚LÎKMÑNKÐKMÑŒÐ‹NÐËNLÑNMPËÑKPMŒÑ‹PMNPMMKB‚LKPMË‹PMQKËPLÎPLÍKLKPM‘‹PMLËPMQ‹PMKB‚LKPMËKPMLË‹PMËPMMËLPMËKPMQ‹PML‹LPMB‚LLKPMP‹L‹PMLËPNKMPLÑKLMKPMM‹PLÎKMËPMËNPMÌB‚LNKPMŽKPKPMËP‹PMLKPËPMM‹LQPM‹QKPMPËQ‹PÌ‹ŒP‘KB‚LŒKPÌKŒ‹PÌŒËPÍNKQQKLKQ‹‹QQËQPKŽQŒB‚LŽKQËKQŽ‹QËQ‹L‘QK‘KQ‹MQÌMKQL‹B‚LM‹QŒËMËQQ‹MQ‘KMKQLÑKLM‹QLÍMËQPŒKMQPMKQPŽKB‚LMKQPŒ‹M‹QPŒËMËQŒÍ‹MQŒÎLMKQŽP‹M‹QŽM‹MLQŽQ‹MLKŒKB‚LML‹ŒLMLËŒ‹MMŒ‘KMMKŒŒLMM‹ŒKMMËŒËMNŒMNKŒÑ‹B‚LMPKŒMMP‹ŒKMPËŒMQŒÎLMQKŒŒKMQ‹Œ‹MŒŒËMŒKŒÐKB‚LMŒ‹Œ‘‹MŒËŒÌËMŒÑMKŒÌLM‹ŒÌÌ‹MËŒÍKMŽŒÎKMŽKŒÎ‹B‚LMKŒÍÑM‹ŒÐ‘MËŒÎQKM‘ŒÐQLM‘KŒÎQM‘‹ŒÎMËMÌŒÐP‹MÌKŒÎKB‚LMÌ‹ŒÍ‘‹MÌËŒÎËMÍŒÎLMÍKŒÍ‘KLMÍ‹ŒÐQ‹MÍËŒÍÍKMÎŒÎPËMÎKŒÍ‘B‚LMÐKŒÐQKMÐ‹ŒÍÐËMÐËŒÐMMÑŒÌÐ‹LMÑKŒÎQ‹PLKŒÍÎPL‹ŒÎKPLËŒÎKB‚LPMŒÎLKPMKŒÎPM‹ŒÍÌPMËMLËLPNPÑPNKKPPKŒKPP‹P‹B‚LPPËNKPQPËPQKŒ‹PQ‹ÌNLPŒŽÎKPŒKŽËPŒ‹ŽLPŒËŽPËB‚LPŽ‘PKŽ‘KP‹ŽQKPËŽP‹LPŽŽMM‹PŽKŽ‘‹PKŽLËP‹ŽPËB‚LPËŽNKP‘ŽÍKP‘KŽÍP‘‹ŽŒ‹LPÌŽ‹PÌKŽÍËPÌ‹ŽL‹PÌËŽÐËB‚LPÍŽ‹PÍKŽÌ‹PÍ‹ŽPKPÍËŽLPÎŽÌKPÎKŽÑKPÐKŽP‹PÐ‹ŽM‹B‚LPÐËŽ‹PÑŽLPÑKŽKPÑ‹ŽMLQŽÎQKŽÐ‹Q‹ŽLKQËŽËB‚LQŽKQKŽÑQ‹ŒÍ‹QËŒÌËLQŒÍËQKŒÎQKŽLKQ‹Ž‹B‚LQËŽQŽKQKŽËQ‹ÌKLQL‘ÌQLK‘P‹QL‹‘QLË‘ŒËB‚LQM‘MÍQMK‘PËQM‹‘NKQMË‘L‹LQN‘ËQNK‘‹QPK‘QP‹‘LB‚LQPË‘ÎQQ‘LQQK‘‹QQ‹‘‹LQŒ‘‘KQŒK‘MKQŒ‹‘ËQŒË‘B‚LQ‘‹QK‘Q‹‘ÐKQË‘‘LQŽ‘QQŽK‘ŒQK‘KQ‹‘KB‚LQË‘Ì‹Q‘‘Ñ‹Q‘K‘ÎK‘LK‘Œ‹‹‘ËË‘‘‘ËB‚LK‘Ñ‹‘LËË‘‹ÌKLKÌLKÌË‹ÌLMËËÌB‚LÌLËKÌŒ‹ÌLLÌŒËLLKÌLLL‹ÌËLËÌ‘‹MÌL‹B‚LMKÌLLËM‹ÌLMËÌŽNÌ‹LNKÌL‹PKÌL‹P‹ÌLKPËÌÑKB‚LQÌÐ‹QKÌÐËQ‹ÌÑ‹ŒÌÌQLŒKÌÌMËŒ‹ÌÌËŒËÌÌLKÌÌNB‚LKÌÌK‹ÌÌËÌ‘‘‹ŽÌÌ‹LŽKÌÌQKKÌÎ‹ÌÑ‹ËÌÑŽB‚L‘ÌÑK‘KÍ‘‹ÍKÌÌÑ‘LÌKÍËÌ‹ÍÌËÌÑKÍÌÑËB‚LÍKÌÑ‘‹Í‹ÍËÍËÍ‹ÎÌÑLÎKÍÐKÍMÐ‹ÍMŒËÐËÍPÑKB‚LÑÍQ‹ÑKÍPÑ‹LKÍPÐ‹L‹ÍPÐËLLËÍQKMÍQMKÍŽ‹M‹ÍŽKB‚LMËÍ‘ËNÍÌÎKNKÍÌ‘‹PKÍÌ‘LP‹ÍÌÌKPËÍÌÌ‹QÍÌÍQKÍÌÌËB‚LQ‹ÍÌÑŒÍÌKŒKÍÌÐ‹Œ‹ÍÌÍKLŒËÎÎL‹KÎK‹ÎB‚LËÎKŽÎËŽKÎ‹KÎKL‹ÎLËÎM‘ÎMË‘KÎMŽKB‚L‘‹ÎMKÌÎMŒËÌKÎM‹Ì‹ÎMŒKLÌËÎP‹ÍÎQKÍKÎQŽÍ‹ÎQ‹B‚LÍËÎQËÎÐN‹ÎKÐNMÐKÐNLLÐ‹ÐŒÍKÐËÐËÑÐŒÍÑKÐŒKB‚LÑ‹ÐŒÌ‘ÐŒŒ‹‘KÐŒ‘‹ÐŒÌËL‘ËÐŒN‘ÐŒK‘KÐŒQ‘‹ÐŒÌKB‚L‘ËÐŒ‹‘ÐŒ‘‘KÐŒ‘‹‘KÐŒÌ‹L‘‹ÐŒÎ‘ËÐŒPK‘ÐŒŒË‘KÐÎMB‚L‘‹ÐÎN‘LÐÎM‹‘LKÐÐLË‘L‹ÑÍKL‘LËÑÑ‘MÑÎ‘MKÑÍ‹‘M‹ÑÐKB‚L‘MËÑK‘NÑË‘NKÑŽK‘PKÑKL‘P‹ÑË‘PËÑÑK‘QÑÑ‹‘QKÑKB‚L‘Q‹ÑÐ‹‘ŒÑŽ‘ŒKÑŒË‘Œ‹ÑŽMKL‘ŒËÑŽPË‘ÑŽQ‘KÑŽP‹‘‹ÑÐKB‚L‘ËÑÐ‹‘ŽÑÑ‘ŽKÑ‘‘KÑ‘KL‘‹ÑÍË‘ËÑÑ‹‘‘ÑÎK‘‘KQ‹B‚LÍQKÍKP‹Í‹ËÍËËLÍÍKLNÍ‹LKÍËLNKB‚LÍLP‹ÍKL‘ÍKLQ‹Í‹LËLÍËLQKÍLŒKÍKLMKÍ‹LËB‚LÍLLQÍLKLŒ‹ÍL‹ŒLKÍLËŒÎLÍMŒÌËÍMKŒÐKÍM‹ŒÍÍMËŒÌ‹B‚LÍNÍÍNKÎLÍPKÐLËÍP‹ÐNLÍPËÎÍQÍÐKÍQKÍÌËÍQ‹ÐMB‚LÍŒÍÍÍŒKÎ‹ÍŒ‹ÎKÍŒËÎMKLÍÎNKÍKÍÍKÍ‹ÎMÍËÐNKB‚LÍŽÍÑÍŽKÎËÍKÎËÍ‹ÎQLÍËÎP‹Í‘ÐPKÍ‘KÎ‹Í‘‹ÍÑKB‚LÍÌÐMKÍÌKÐQ‹ÍÌ‹ÎÍÌËÎMËLÍÍÐŒÍÍKÍÑ‹ÍÍ‹ÐM‹ÍÍËÎËB‚LÍÎÐQKÍÎKÍÍ‹ÍÐKÎPKÍÐ‹NKLÍÐËM‹ÍÑ‘‹ÍÑKËÐLKÌ‹B‚LÐL‹ÌKÐLËÍKÐMKÐMKŒLÐM‹ÎÐMËŽKÐNŒËÐNKŽB‚LÐPKÐËÐP‹ÐPË‹ÐQËLÐQKÌËÐQ‹‘ÐŒ‘KÐŒKL‹B‚LÐŒ‹KÐŒËMKÐNÐKL‹LÐ‹PKÐËPKÐŽLKÐŽKLKB‚LÐKQ‹Ð‹NÐËMËÐ‘NKLÐ‘KP‹Ð‘‹MËÐÌMÐÌKPËB‚LÐÌ‹ËÐÌËLËÐÍKÐÍKN‹LÐÍ‹Q‹ÐÍËQKÐÎQKÐÎKLÌB‚LÐÐKLËÐÐ‹LËÐÐËLQKÐÑÌÎKLÐÑKÌÐ‹ÐÑ‹ÍPËÑÍQÑKÍÑB‚LÑ‹ÐMKÑËÑÑÐ‹ÑKÎKLÑ‹ËÑËÌ‹ÑŽKÑK‘‹B‚LÑKÌKÑ‹QÑËQKÑQLÑKQËÑ‹QËÑLQLÑLKQLKB‚LÑL‹LÑLËL‹ÑMLLKÑMKLPËLÑM‹LËÑMËLŒKÑNLQ‹ÑNKLPKB‚LÑPKLŒÑP‹LÑPËLŒ‹ÑQLŒËLÑQKLÑQ‹LP‹ÑŒLPËÑŒKLNKB‚LÑŒ‹LMM‹ÑŒËLMNÑLMPKÑKLMLËLÑ‹LMMKÑËLQPËÑŽLQÑŽKLQŒKB‚LÑKLQŒËÑ‹LQŽÑËLQMÑ‘LQŽKLÑ‘KLQPKLQP‹KLQË‹LQNB‚LËLQQKMMÐKKMN‹‹MNLËMÐËM‘KM‹KMÌKB‚L‹M‘‹ËM‘‹MÍKKNL‹NMKLNNMËLKLP‹L‹LMKB‚LLËLMMLQKMKL‹M‹LLËLMËLËNLËNKLKPKLQB‚LP‹LŽPËLPËQLL‹QKL‹LQ‹LËŒLMQ‹ŒKLQŒ‹LÌL‹B‚LŒËLÌLKLÐMKLÐMË‹MNLKLËMPNŽMPMKŽKMPQKMMÍËB‚L‹MKËMPL‹‘MNLË‘KMNL‘‹MN‹ÌMPKÌKMNKÌ‹MPLËB‚LÌËMNL‹ÍMPMÍKMMÑÍ‹MNËLÍËMPM‹ÎMMÑ‹ÎKMNMKÐKMPLKB‚LÐ‹MNKÐËMÌËÑNŽKÑKNÍËLLKNNKL‹NQKLËNËMNŒËB‚LMKNŽM‹MÑKMËNNNKLNKNPËPKNP‹P‹NÌËPËNÑ‹B‚LQNÍ‹QKN‘KQ‹NÎKŒNÎLŒKN‘Œ‹NËŒËNÐ‹NMŒKB‚LKPPQ‹‹PNMËPNQ‹ŽPMÐKLŽKPPL‹KPNQK‹PMÎËPPM‹B‚L‘PMÐË‘KPPMK‘‹PPPËÌPNMKLÌKPPQKÌ‹PLÍËÌËPNÍPNKB‚LÍKPNMËÍ‹PNËÍËPN‹ÎPPNKLÎKPMÐ‹ÐKPMÑÐ‹PNËÐËPNPËB‚LÑPN‹ÑKPNLËÑ‹PNQP‘PKLKPÑ‹PÐ‹ËP‘P‘KB‚LKPÐK‹PÑKËPÌËPÌÌLKQÍËKQË‹Q‹ËQKB‚LQ‹KQÑ‹‹QÍKLQLKLLKQKL‹QMKLËQÌËMQÐKB‚LMKQL‹M‹QÑMËQÌKNQNKLNKQ‹PKQÎKP‹QKPËQÎB‚LQQÐËQKQÌ‹Q‹QÍ‹ŒQLŒKQKŒ‹QMŒËQMKQNB‚LKQM‹‹QMKËQP‹ŽŒÎKLŽKŒŽKKŒÐË‹ŒL‹ËŒÑKB‚L‘ŒÍ‘KŒLMMŒŒ‹MKŒLKLM‹ŒLM‹MËŒLKMŒKMKŒLLËB‚LM‹ŒŽMËŒËMŒ‘KMKŒÌKLMKŒLËM‹ŒLNMËŒLQMŒLLB‚LMKŒ‘‹M‹ŒLMLŒL‹MLKŒKLML‹ŒÎMMLËŒÐŒKMMŒÐŒMMKŒÐÑKB‚LMM‹ŒÑMKMMËŒÑNMNŒÑQ‹MNKŒÐÌËLMPKQMP‹ŒÑŒËMPËŒÐÐKMQŒÑLB‚LMQKŒÑ‹MQ‹ŒÑKMŒŒÑŒ‹MŒKŒÑKLMŒ‹ŒKMŒËŒÑ‹MŒÐ‘KMKŒÑB‚LM‹ŒÑËMËŒÐÍMŽŒÑMŽKŒÑËLMKŒÐÌ‹M‹ŒÐÍËMËŒÐÐËM‘ŒÐÐ‹B‚LM‘KŒÐÎM‘‹ŒÑŒMÌŒÑËMÌKŒÑKLMÌ‹LÌ‹MÌËMËMÍMKMÍKMB‚LMÍ‹MPËMÍËMŽMÎMKMÎKNËLMÐKNQMÐ‹NQKMÐËPQKMÑQB‚LMÑKQ‹PLKÐËPL‹ËPLËÐ‹LPMŽPMKÌKPM‹ÎKPMËKB‚LPNÌ‹PNKÌKPPKŽLËPP‹ŽËLPPËŽLPQŽËPQKŽLKPQ‹ŽPËB‚LPŒŽPKPŒKŽŒKPŒ‹ŽL‹PŒËŽ‹LPŽËPKŽP‹P‹ŽMPËŽ‹B‚LPŽŽLLËPŽKŽLLPKŽŒËP‹ŽLKLPËŽLËP‘ŽÐËP‘KŽLP‘‹ŽMÌB‚LPÌŽPÌKŽLLKPÌ‹ŽQ‹PÌËŽÍ‹LPÍŽLMPÍKŽŽPÍ‹ŽPÍËŽ‘B‚LPÎŽËPÎKŽNPÐKŽL‹PÐ‹ŽLKLPÐËŽLMËPÑŽÑKPÑKŽÎPÑ‹ŽB‚LQŽKQKŽM‹Q‹ŽQËŽKLQŽL‹QKŽQ‹ŽNKQËŽLMKB‚LQŽLKQKŽÍËQKŒÎKQ‹ŒÐ‹LQËŒÑ‹QŒÐËQKŽMQ‹ŽMËB‚LQLŽNKQLKŽMKQL‹‘QLË‘ŒLQM‘Œ‹QMK‘ŒËQM‹ÌÌQMË‘ËB‚LQN‘M‹QNK‘MËQPK‘LQ‹QP‹‘MKLQPË‘NQQ‘LÐËQQK‘LÑQQ‹‘MKB‚LQŒ‘MŒ‹QŒK‘L‹QŒ‹‘LÑ‹QŒË‘MKLQ‘MQQK‘MÌËQ‹‘LPËQË‘LÌËB‚LQŽ‘M‹QŽK‘MQK‘MLKQ‹‘LÐ‹LQË‘LËQ‘‘L‘KQ‘K‘MQKM‘MŽB‚LMK‘MPËM‹‘MŒKMË‘LÌKM‘LŽLMK‘MŒM‹‘MÌKMË‘M‹M‘LÎKB‚LMK‘LŒ‹MK‘LÌM‹‘MLËMË‘MKLM‘LËMK‘MÎM‹‘MML‘MÍËB‚LMLK‘MMKML‹‘MÎKMLË‘ML‹MM‘M‹LMMK‘LÍKMM‹‘LÍ‹MMË‘MPKMNÌLŒB‚LMNKÌLQKMPKÌL‘‹MP‹Ì‹MPËÌL‘KLMQÌLÌKMQKÌLŒËMQ‹ÌLKMŒÌLŒ‹B‚LMŒKÌLÌ‹MŒ‹ÌLQ‹MŒËÌLŽMÌLÐKLMKÌLP‹M‹Ì‹MËÌPKMŽÌŽB‚LMŽKÌŽKMKÌŽ‹M‹ÌŽKMËÌŽ‹LM‘ÌÌL‹M‘KÌÌ‹M‘‹ÌÌÌMÌÌÌŒ‹B‚LMÌKÌÌÌKMÌ‹ÌÌÌËMÌËÌÌËMÍÌÌÌ‹LMÍKÌÌ‘MÍ‹ÌÌ‹MÍËÌÌŒËMÎÌÌÍKB‚LMÎKÌÌËMÐKÍ‘KMÐ‹ÍËMÐËÍÌLMÑÍ‹MÑKÍM‹PLKÍPKPL‹ÍŒKB‚LPLËÍ‘PMÍÌKPMKÍPM‹ÍŒËLPMËÍQPNÍŽKPNKÍŒPPKÍÌ‹B‚LPP‹Í‹PPËÍL‘‹PQÍM‘‹PQKÍMËLPQ‹ÍQMËPŒÍQKPŒKÍQLKPŒ‹ÍQM‹B‚LPŒËÍQPÍQ‹PKÍQMP‹ÍQËLPËÍŽMKPŽÍŽL‹PŽKÍ‘KPKÍÍ‹B‚LP‹ÍÍËPËÍÍP‘ÍÍP‘KÍÍKLP‘‹ÍÍKPÌÍÍKPÌKÍÍ‹PÌ‹ÍÍËB‚LPÌËÍÑKPÍÍÑPËPÍKÎŒPÍ‹ÎLPÍËÎKPÎÎPËPÎKÎ‘PÐKÎÌKB‚LPÐ‹ÎKPÐËÎ‘KPÑÎÌPÑKÎŽKLPÑ‹ÎŽQÎQKQKÎŒ‹Q‹ÎMÍB‚LQËÎMÌËQÎMÌ‹QKÎMÌQ‹ÐL‹LQËÐLKQÐLËQKÐLËQKÐLB‚LQ‹ÐNNKQËÐQM‹QÐQMQKÐKLQ‹ÐŒÐ‹QLÐQLKÐQL‹ÐËB‚LQLËÐKQMÐQMKÐNQM‹ÐKLQMËÐÐL‹QNÐÎQKQNKÐÐNQPKÐÐLKB‚LQP‹ÑNQPËÑ‘‹QQÑŒËQQKÑLËLQQ‹ÑM‹QŒÑËQŒKÑKQŒ‹Ñ‹B‚LQŒËÑ‘QÑPËQKÑ‹Q‹ÑL‹LQËÑMQŽÑŽKQŽKÑLKQKÑQ‹B‚LQ‹ÑKQËÑŒÑKQ‘ÑŒÑ‹Q‘KÑKLÑ‹KÑL‹‹ÑLËÑLKB‚LÑ‘ËKLK‹‹ËLL‘KKKMË‹MKB‚LËML‹M‹KMË‹LÑLLMLKLÐKL‹QM‹LËQQKB‚LMQËMKQŽM‹QŽKMËŒLNŒÐËNKŒÑPKŒÑ‹P‹ÍKB‚LPËÌÐ‹QÐÑ‹QKÑŽKQ‹ŒËLŒÐÌŒKÑNŒ‹L‹ŒËÑMËB‚LÑMKÑË‹Ñ‹ËLLŽÐÍ‹ŽKÐÎKÑP‹‹ÑLËB‚LËÐ‘‹‘K‘KÑ‘‹ÑMKLÌÑÌKÑ‘‹Ì‹ÑLKÌËÐÐ‹B‚LÍÐÑKÍKÑ‹Í‹ÑKÍËÐÎKLÎKÎK‹ÐKÑKÐ‹LKB‚LÐË‹ÑÐÌ‹ÑKÑŒËLKÑKLL‹ÑKLËÐÍËMÑKMKÑPKB‚LM‹LËMËÐÌËNÑPËNKÑQKLPKÐÍP‹Ñ‹PËÑËQÑL‹B‚LQKP‹Q‹Ñ‹ŒÑ‘KŒK‘LŒ‹‘L‹ŒË‘M‹‘ËK‘LËB‚L‹‘KË‘PKŽ‘ŽK‘P‹LK‘Ë‹‘PËË‘NK‘‘ËB‚L‘K‘N‘‹‘KÌÌKM‹LÌ‹MKÌËKÍËÍKŽKB‚LÍ‹ŽÍËÌÎ‘KÎK‹LÐKËÐ‹ËÐË‘ÑŒ‹B‚LÑKLKÑ‹ÎK‘NMK‘KNNL‘‹NMË‘ËQ‘QK‘KQ‹B‚L‘‹MK‘ËM‘LÎK‘KMNKL‘KM‘‹MMË‘ËMN‘MB‚L‘KMK‘‹ML‹‘LM‘LKMLKL‘L‹MK‘LËMË‘MM‹‘MKÍQ‹B‚L‘M‹ÎK‘MËÎ‘NÐK‘NKÐ‘KL‘PKÐŒ‘P‹ÐŽK‘PËÐK‘QB‚L‘QK‘Q‹K‘Œ‘ŒKËL‘Œ‹Ñ‘ŒËÍË‘‹‘KËB‚L‘‹Ñ‹‘ËK‘ŽK‘ŽKÎL‘KË‘‹ÍK‘ËQQ‹‘‘QËB‚L‘‘KQKÍQŽKÍKQM‹Í‹QQKLÍËQMKÍQKÍKQMËÍ‹QNB‚LÍËQ‹ÍQP‹ÍKQŒKÍKQPËLÍ‹QÍËQNKÍL‘ÍKLÍB‚LÍ‹L‘‹ÍLLL‹ÍLKLLËÍL‹LLLÍLËL‘‹ÍMLËÍMKLLÍM‹LŽKB‚LÍMËL‹ÍNLLKÍNKLLÍPKLLËLÍP‹LLKÍPËLLËÍQLMŒKÍQKLMB‚LÍQ‹LMQ‹ÍŒLMŒ‹ÍŒKLMŒÍŒ‹LŒKLÍŒËLŒKÍLŒKÍKLŒËÍ‹LŒPKB‚LÍËLŒ‹ÍŽLŒ‹ÍŽKLŒËÍKLŒLÍ‹LŒL‹ÍËLQ‘‹Í‘LQ‘Í‘KLŒ‹B‚LÍ‘‹LŒÍÌLŒËÍÌKLŒ‹ÍÌ‹LŒPËLÍÌËLŒÍÍLŒNKÍÍKLŒMËÍÍ‹LŒKB‚LÍÍËLŒM‹ÍÎMMÐ‹ÍÎKMNÍÐKMNËLÍÐ‹MNLÍÐËMŽËÍÑMÑKÍÑKMŽB‚LÐLKMŽKÐL‹MŽËÐLËMŽÐMMÌ‹LÐMKMÎÐM‹MÌËÐMËM‘ŒKÐNM‘ŒB‚LÐNKMÍËÐPKMÍÌÐP‹MÍ‘KÐPËNËLÐQNNKÐQKNP‹ÐQ‹PÑM‹ÐŒQQŽKB‚LÐŒKNËÐŒ‹NÐŒËP‹ÐL‘LÐKL‘‹Ð‹LÍ‹ÐËLQKÐŽLÍB‚LÐŽKLÐKÐKLÐ‹LÎÐËLÌ‹LÐ‘LŒÐ‘KLÌKÐ‘‹LKÐÌLŒKB‚LÐÌKLÐ‹ÐÌ‹LÎKÐÌËL‹ÐÍLŽLÐÍKLQËÐÍ‹LÐKÐÍËLÎÐÎLÐ‹B‚LÐÎKLÐËÐÐKMPÌËÐÐ‹MQ‹ÐÐËMPÐËLÐÑMQÐÑKMPÐ‹ÐÑ‹MPÐKÑMQB‚LÑKMPÌÑ‹MQÑËMPÍÑMQNKLÑKMP‘‹Ñ‹MQ‹ÑËMNÑMPÑ‹B‚LÑKMQKÑKMQL‹Ñ‹MQ‹ÑËMPÎLÑMQŒ‹ÑKMPÑÑ‹MQKÑLMPÌ‹B‚LÑLKMÌMÑL‹NLËÑLËNŽÑMNLÑMKN‹ÑM‹NÑMËNKÑNN‘‹B‚LÑNKNMKÑPKNKÑP‹NQÑPËNNKLÑQNKÑQKNP‹ÑQ‹NÑÑŒNŒËB‚LÑŒKNÌKÑŒ‹NËÑŒËPPÍËÑPPÍLÑKPPÐ‹Ñ‹PPKÑËPPŽÑŽPPŒKB‚LÑŽKPPKÑKPPŒÑ‹PP‘‹ÑËPPÎLÑ‘PP‹Ñ‘KPPÍ‹PPËKPPÌB‚L‹PPÐKËPPPP‹KPPÑL‹PPŽKËPNLP‘‹KP‘B‚LKP‘K‹PÌQ‹ËPÌÌËQÌKLKQŒË‹QKLQKLKQÌ‹B‚LL‹QËLËQQKMQŽMKQËLM‹QŒ‹MËQŒNQM‹NKQMKB‚LPKQMKP‹QMPËQM‹QQPÍKLQKQPÐËQ‹QPÍ‹ŒQPÐ‹ŒKQPÍËB‚LŒ‹QŒËQQ‹QQKŒËL‹ŒMKËŒMKŽŒL‹ŽKŒMKB‚LKŒLÍ‹‹ŒLÌ‹ËŒL‘K‘ŒM‹L‘KŒL‘‹‘‹ŒM‹ÌŒLŽKÌKŒMB‚LÌ‹ŒŒŒÌËLMŽÍŒŒŒËÍKŒŒKLÍ‹ŒŒÍËŒÐÍKÎŒÑŒKÎKŒÑP‹B‚LÐKLÐ‹L‹ÐËKÑŒLÑKLKÌËL‹ËLËQ‹B‚LMMKMKNM‹ÎKMËÍËLNŒ‹NKŒËPKËP‹‹B‚LPËÌQŽQKKQ‹ÍKLŒ‘‹ŒKKŒ‹PKŒËB‚LKKË‹‹ËŒÑMËLŽP‹ŽK‘KKŒK‹KB‚LËM‘‹‘NL‹‘KQË‘‹Ž‹LÌŽËÌKŽMKÌ‹ŽLÌËŽ‹B‚LÍŽKÍKŽNKÍ‹ŽMÍËÎLÎÌŒÎKŽM‹ÐKŽMQ‹Ð‹ŽLÎB‚LÐËŽMKÑŽMŒ‹ÑKŽMÌKÑ‹ŽLÑ‹LŽMKKŽMK‹ŽLÎKËŽM‹B‚LŽMMËKŽMNK‹ŽMÐKËŽMLŽMKKŽLÍKKŽMË‹ŽLÌËB‚LËŽLÑŽMKKŽŒ‹ŽMÎLLŽLÍLKŽMŽKL‹ŽMLËŽM‘‹B‚LMŽMMKŽMÍ‹M‹ŽMNMËŽMKLNŽMÍNKŽMËPKŽLÐ‹P‹ŽM‹B‚LPËŽLÍËQŽMPËQKŽM‹Q‹ŽMLKLŒŽLÌ‹ŒKŽML‹Œ‹ŽL‘‹ŒËŽMÐ‹B‚LŽLÐËK‹‹KËËLŽ‹ŽKKK‹ŽP‹B‚LËL‘‘‹‘K‘ËM‘ŽKLMK‘ËM‹‘ŽMË‘NP‹M‘Q‹B‚LMK‘PÎM‹‘N‹MË‘PÌM‘NQ‹LMK‘NLËMK‘NMM‹‘PLMË‘PŒKB‚LM‘PŽKMK‘PÍ‹M‹‘Q‹ML‘P‘LMLK‘PÌKML‹‘NQKMLË‘PÎKMM‘PËB‚LMMK‘PŒMM‹‘PÑMMË‘PM‹MN‘PÑ‹LMNK‘PŒ‹MPK‘P‘KMP‹‘PÌËMPË‘QËB‚LMQ‘QMQK‘NNKMQ‹‘NL‹MŒ‘NKLMŒK‘NMŒ‹‘PMMŒË‘PLKM‘P‘‹B‚LMK‘PŒËM‹‘QMË‘PÐKMŽ‘NMËLMŽK‘PQKMK‘PLËM‹ÌMËMËÌMMB‚LM‘ÌML‹M‘KÌMŒËM‘‹ÌMŒMÌÌMKLMÌKÌMQMÌ‹ÌMŒ‹MÌËÌMÌ‹MÍÌMÎB‚LMÍKÌMKMÍ‹ÌMŒKMÍËÌM‹MÎÌMNLMÎKÌMËMÐKÌM‹MÐ‹ÌMÌMÐËÌMQ‹B‚LMÑÌMLMÑKÌMLËPLKÌMPL‹ÌMLPLËÌMPKPMÌ‹PMKÌŽPM‹ÌŽËB‚LPMËÌŽLKPNÌŽLPNKÌŽKPPKÌÌÐËLPP‹ÌÍ‹PPËÌÌÐ‹PQÌÌÐKPQKÌÍB‚LPQ‹ÌÍKPŒÌÍKPŒKÍPŒ‹ÍKLPŒËÍ‹PÍL‹PKÍLKP‹ÍMËB‚LPËÍPŽÍ‹PŽKÍLPKÍKLP‹Í‹PËÍ‹P‘ÍP‘KÍMB‚LP‘‹ÍLKPÌÍ‘‹PÌKÍ‘KPÌ‹Í‘LPÌËÍLQPÍÍMÎKPÍKÍMÍËPÍ‹ŽNËB‚LPÍËÍQQ‹PÎÍŒ‹PÎKÍŒËPÐKÍQËLPÐ‹ÍQ‘KPÐËÍQËPÑÍQŽKPÑKÍQŽB‚LPÑ‹ÍŒLQÍQ‹QKÍQ‹Q‹ÍQQLQËÍQKQÍQ‘QKÍŽNKQ‹ÍKB‚LQËÍ‘QÍÍMKQKÍÍQ‹QKÍÍŒLQ‹ÍÍL‹QËÍÍM‹QÍÍPKQKÍÍŽKB‚LQ‹ÍÍËQLÍÍMQLKÍÍNKQL‹ÍÍ‘LQLËÍÑLQMÎËQMKÎPKQM‹ÎMB‚LQMËÎ‹QNÎQNKÎMKQPKÎKLQP‹Î‹QPËÎLKQQÎËQQKÎÎKB‚LQQ‹ÎNKQŒÎQŒKÎM‹QŒ‹ÎÐ‹LQŒËÎMÐËQÎN‹QKÎMÑQ‹ÎMÎKB‚LQËÐLLKQŽÐLNQŽKÐLNKQKÐLL‹LQ‹ÐLMËQËÐLMKQ‘ÐLŒ‹Q‘KÐLLËB‚LÐLP‹KÐLL‹ÐPLËËÐPL‹LÐNQKKÐQP‹‹Ð‹ËÐB‚LÐ‘KÐÍKÐŽK‹ÐÌ‹LËÐKÐÌËKÐÌK‹ÐÌB‚LLÐŒKLKÐÎL‹ÐÍ‹LËÐŒËLMÐÐŒ‹MKÐÐM‹ÐÐQ‹MËÑB‚LNÑ‹NKÑPKÑP‹ÑÑ‹LPËÑKQÑÐKQKÑKQ‹ÑÐ‹B‚LŒÑËŒKÑÐËŒ‹ÑËŒËÑMLÑKÑÑ‹ÑL‹ËÑ‘B‚LŽÑ‹ŽKÑËKÑŽ‹ÑËLËÑM‹‘ÑMK‘KÑMË‘‹Ñ‘‹B‚LÌÑ‘ËÌKŒKÌ‹MÌËMŒLÍMÍËÍKMPËÍ‹MŽKÍËMP‹B‚LÎMŒ‹ÎKMÌ‹ÐKÌŒKÐ‹MQKLÐËMÍ‹ÑMËÑKM‘‹LKMB‚LL‹MŒKLËŒQMKMKLM‹MË‹NKNKŒKB‚LPKÑ‹P‹M‹PËÍ‹QÎKLQK‹Q‹ŒKŒKLKB‚LŒ‹ŒË‹ËKÌL‹ËÑŽPKŽKNKB‚LKÍ‹ÌËËQ‘LËL‘KQK‘‹ÍËÌÐKÌKÍB‚LÌ‹ÐKÌËËÍÎÍKÌ‹LÍ‹KÍËŽKÎÑKÎK‹B‚LÐK‘‹Ð‹‹ÐË‘ÑQ‹LÑKÌÑ‹ÎK‘K‘KËB‚L‘‹L‹‘Ë‘‹‘ÍK‘KKL‘‹Ð‹‘ËË‘Í‹‘KÌËB‚L‘KŽ‘‹ÑK‘Ë‘‹L‘KŒ‘‹M‘L‘K‘LKLB‚L‘L‹Ì‹‘LËÌ‘M‘Ë‘MKÌËL‘M‹‘K‘MË‘‹‘N‘K‘NKÍB‚L‘PK‘Ž‘P‹ÌK‘PËÌK‘QÌKL‘QK‘‹‘Q‹Ì‘ŒÌK‘ŒK‹B‚L‘Œ‹Ð‹‘ŒËÑ‘ÑK‘KKL‘‹‹‘ËK‘ŽÐË‘ŽKB‚L‘KNK‘‹NP‹‘ËQ‹‘‘QMKL‘‘KQMLQLKLKQLL‹QL‹B‚LLËQËLQM‹LKMÍ‹L‹N‹LLËMÑ‹LMŒKLKLÑ‹LKMÍËB‚LL‹N‹LËNLMÍKLKNËLL‹NKLLMÍLLKMÐKLL‹ÌÐËB‚LLLËÍ‹LMÍKLMKÍKLM‹ÍLLMËÍ‹LNÎ‹LNKÎLPKÎKB‚LLP‹ÐÐËLPËŽLQŽKLQKLKLLQ‹ËLŒKLŒK‹LŒ‹B‚LLŒËLËLMLKLL‹L‹LLËŒLŽLLŽKPËLKŒKB‚LL‹QKLËL‘NKL‘KLËLL‘‹L‹LÌMËLÌKŒ‹LÌ‹P‹B‚LLÌËLÍŒ‹LÍKQ‘‹LÍ‹ŒKLLÍËŒLÎŒKLÎKŒËLÐKŒB‚LLÐ‹Œ‹LÐËŒ‹LÑLL‹LÑKLÑ‹LLLKLLL‹LKLLËLÑLMLLLB‚LLMKLLLM‹LL‹LMËLLLKLNLLM‹LLNKLLMLPKLL‹LP‹LLKLPËLM‘KB‚LLQLM‘‹LQKLLQ‹LL‹LŒLŒÌLLŒKLŒÐKLŒ‹L‹LŒËLŒÌËLLKB‚LLKLQKL‹LŽËLËLŒ‘KLŽLKLLŽKL‹LKL‘L‹LËLËL‹B‚LL‘LŒL‘KLËL‘‹L‘‹LÌLŒÍ‹LLÌKLŒKLÌ‹LÌLÌËLŒÌKLÍLMB‚LLÍKLŒËLÍ‹LLLÍËLÌ‹LÎLKLLÎKLLËLÐKLËLÐ‹LM‹LÐËLŒÌ‹B‚LLÑMNQ‹LÑKMNPËLÑ‹MNQKLMNP‹LLKMŽL‹L‹MŽLËLËMŽLKLMŽMËB‚LLKMÑKL‹M‘KLËM‘‘LM‘ŽLLKM‘KLKMÍÌËL‹MÍÍËLËMÍÎB‚LLMÍÌ‹LKN‹L‹NLLNKLLLKNPËLL‹N‹LLËNŽKLMNPQ‹B‚LLMKNPŒ‹LM‹NPŒLMËNPKLNPPQLLNKPPP‹LPKPP‹LP‹PÑPKLPËPÑQB‚LLQPÑMËLQKQNLQ‹QQ‘LŒLM‹LLŒKLLŒ‹LËLŒËLNLLŒËB‚LLKL‹L‹LPKLËLLŽLMLLŽKLËLKLPËL‹LŒLËLQ‹B‚LL‘LLËL‘KLLLMLQLMKLŽLLM‹LŽKLMËL‘NKLML‘P‹LMKLÌÌB‚LLM‹LÐPËLMËMŒËLMMŒMKLMKMŒËLLMKMŒL‹LM‹MQËLMËMŒ‹LMMŒPËB‚LLMKMŒKLM‹MŒLËLMLMŒ‹LMLKMQKLLML‹MŒQLMLËMŒLMMMQ‘‹LMMKMQŽKB‚LLMM‹NKLMMËNÐËLMNNLLMNKNNLLMPKN‹LMP‹NKLMPËNÑ‹LMQNÍB‚LLMQKN‹LMQ‹NÐKLMŒNËLMŒKNLKLLMŒ‹NKLMŒËNÍ‹LMN‹LMKNB‚LLM‹NÐ‹LMËNMLMŽN‹LMŽKN‘KLLMKNM‹LM‹PQËLMËPQQKLM‘PQMKB‚LLM‘KPQKLM‘‹PQPKLMÌPQKLMÌKPQQLLMÌ‹PQP‹LMÌËPQŒËLMÍPQL‹LMÍKPQLB‚LLMÍ‹PQ‹LMÍËPQPËLMÎPQKLMÎKPQLLMÐKPQKLMÐ‹PQNLMÐËPQ‹LMÑPÍËB‚LLMÑKP‘LLPLKP‘LËLPL‹PÍŒËLPLËQ‹LLPMQLPMKQÑLPM‹Q‹LPMËQÐKB‚LLPNQKLPNKQÍËLPPKQKLPP‹QKLLPPËQLPQQÑKLPQKQÐËLPQ‹QB‚LLPŒQÎKLPŒKQÑ‹LPŒ‹QMNLPŒËQMNKLLPQMLËLPKQQLP‹QQKLPËQQËB‚LLPŽQPÑKLPŽKQQËLPKQQKLP‹QQKLLPËQQ‹LP‘QQLP‘KQLP‘‹QËB‚LLPÌQ‘‹LPÌKQ‹LPÌ‹ŒLËLPÌËŒLŽLLPÍŒMKLPÍKŒMQKLPÍ‹ŒMÌKLPÍËŒMÌËB‚LLPÎŒML‹LPÎKŒMLËLPÐKŒMÌ‹LPÐ‹ŒMËLLPÐËŒNLPÑŒMÍLPÑKŒMMLPÑ‹ŒMÐKB‚LLQŒMP‹LQKŒMKLQ‹ŒLÐ‹LQËŒMKLLQŒMŒKLQKŒMM‹LQ‹ŒŒŽKLQËŒŒËB‚LLQŒŒ‹LQK‹LQKLQ‹P‹LLQËQLQÍLQKÍ‹LQ‹Ì‹B‚LLQLÌËLQLKÑLQL‹ÍKLQLË‹LLQMM‹LQMKKLQM‹‹LQMËQKB‚LLQNPËLQNK‹LQPKLËLQP‹ŒLLQPËLLQQÑ‹LQQKÑ‹LQQ‹ËB‚LLQŒ‹LQŒKNKLQŒ‹KLQŒËÍËLLQMÌËLQKPLLQ‹LKLQËLB‚LLQŽŽQ‹LQŽKÌKLQKÌLQ‹ÌŒ‹LLQËŽPŒKLQ‘ŽP‹LQ‘KŽPÎKLŽPLB‚LLKŽPÑKL‹ŽNM‹LËŽPŒLŽPPËLLKŽPËL‹ŽNLKLËŽNNKLŽNKB‚LLKŽPMËLKŽNL‹ŽPNKLËŽP‘KLLŽPQ‹LKŽP‘‹L‹ŽPÍLLŽP‘B‚LLLKŽPMLL‹ŽQLLËŽPŽKLMŽPÐKLLMKŽNPKLM‹ŽPÑ‹LMËŽPŒËLNŽNLËB‚LLNKŽPPKLPKŽPLKLP‹ŽNQKLPËŽQKLLQŽNMËLQKŽNLLQ‹ŽPÌ‹LŒŽPKB‚LLŒKŽPMKLŒ‹ŽPÍ‹LŒËKLLLK‹L‹ŽQKLËŽQ‹LŽLB‚LLŽKÌËLKÍL‹‘‘KLË‘PÑKLL‘‘QKL‘K‘QŒKL‘‹‘ŒËLÌ‘ŒKB‚LLÌK‘QŽLÌ‹‘ŒÍËLÌË‘Q‹LÍ‘Œ‘KLLÍK‘ŒKLÍ‹‘KLÍË‘ŒNKLÎ‘ŒPKB‚LLÎK‘ŒËLÐK‘ŒNLÐ‹‘ŒÐ‹LÐË‘ŒL‹LLÑ‘QQLÑK‘ŒKLLK‘ŒÍ‹LL‹‘ÌËB‚LLLË‘QŽKLM‘QQKLMK‘Œ‘LM‹‘LLMË‘ŒÌLN‘ŒÐËLNK‘ŒÍKLPK‘QP‹B‚LLP‹‘ŒËLPË‘ŒKLQ‘ËLQK‘ŒKLLQ‹‘Q‘LŒ‘Q‹LŒK‘ŒÎKLŒ‹‘ŒPËB‚LLŒË‘QËL‘ŒÐKLK‘ŒQ‹L‹‘ŒLLË‘ŒQKLŽ‘ŒLŽK‘ŒŒKLKÌNËB‚LL‹ÌNLLËÌNKL‘ÌNL‘KÌNKLL‘‹ÌN‹LÌÌN‹LÌKÌMÐ‹LÌ‹ÌN‹B‚LLÌËÌNKLÍÌNMËLÍKÌLÍ‹ÌLËLLÍËÌŽMËLÎÌŽMKLÎKÌŽLËLÐKÌÍËB‚LLÐ‹ÌÍLÐËÌÍLKLÑÌÍËLÑKÍŒ‹LLÑ‹ÍÌËL‘ÍÌKL‘KÍÍKL‘‹ÍÌ‹B‚LL‘ËÍËL‘Í‘KL‘KÍLL‘‹ÍL‹LL‘ËÍLËL‘ÍMÑL‘KÍNLL‘KÍŒM‹B‚LL‘‹ÍŒL‘ËÍŒËL‘ÍŒMKL‘KÍŒLKLL‘‹ÍŒKL‘LÍŒML‘LKÍŽL‘L‹ÍÎKB‚LL‘LËÍÍÐËL‘MÍÎKL‘MKÍÎ‹L‘M‹ÍÍ‘KLL‘MËÍÎL‘NÍÍ‘‹L‘NKÍÍÑKL‘PKÍÎËB‚LL‘P‹ÎŒ‹L‘PËÎPKL‘QÎL‘QKÎQLL‘Q‹ÎNL‘ŒÎÑKL‘ŒKÎP‹L‘Œ‹ÎQKB‚LL‘ŒËÎMKL‘ÎLL‘KÎPËL‘‹ÎL‹LL‘ËÎML‘ŽÎNNL‘ŽKÎNKL‘KÎN‹B‚LL‘‹ÎNM‹L‘ËÎNMKL‘‘ÎNML‘‘KÎNLËLLÍÎNMËLÍKÎNLÍ‹ÎNL‹LÍËÎNLB‚LLÍÐL‹LÍKÐMKLÍ‹ÐLÌLÍËÐL‘‹LLÍÐLŽLÍKÐL‹LÍKÐPNLÍ‹ÐPP‹B‚LLÍËÐPPËLÍÐQQKLÍKÐŽLÍ‹ÐŽPËLLÍLÐŽKLÍLKÐŽLKLÍL‹ÐŽLLÍLËÐŽM‹B‚LLÍMÐŽLÍMKÐŽËLÍM‹ÐŽP‹LÍMËÐŽKLLÍNÐŽKLÍNKÐŽNLÍPKLŽLÍP‹ÐŽNKB‚LLÍPËÐMLÍQÐŽ‹LÍQKÐÐ‹LÍQ‹ÐÐ‘‹LLÍŒÐÐËLÍŒKÐÐKLÍŒ‹ÑMËLÍŒËÑËB‚LLÍÑÌ‹LÍKÑLËLÍ‹ÑPKLÍËÑÌKLLÍŽÑÌLÍŽKÑÍKLÍKÑQLÍ‹ÑÑKB‚LLÍËÑÍLÍ‘ÑÍ‹LÍ‘KÑÐ‹LÍ‘‹ÑÐËLLÍÌÑQ‹LÍÌKÑŽKLÍÌ‹ÑM‹LÍÌËÑËB‚LLÍÍÑQ‹LÍÍKÑM‹LÍÍ‹ÑQKLÍÍËÑNKLLÍÎÑLKLÍÎKÑÎKLÍÐKÑÌËLÍÐ‹Ñ‘L‹B‚LLÍÐËÑ‘LËLÍÑÑ‘MKLÍÑKÑ‘KLÐLKLLÐL‹QLÐLËPËLÐMNKLÐMKN‹B‚LLÐM‹NËLÐMËNËLÐNNLÐNKNËLLÐPKN‹LÐP‹ŒMKLÐPËMËLÐQMB‚LLÐQKLKLÐQ‹Q‹LÐŒKLÐŒKÑKLLÐŒ‹Ì‹LÐŒËPËLÐQKLÐKP‹B‚LLÐ‹ŽKLÐËLÐŽÌKLÐŽKÑLLÐKPKLÐ‹PKLÐËŒKLÐ‘B‚LLÐ‘KQLÐ‘‹MËLÐÌ‹LÐÌKL‹LLÐÌ‹MLÐÌËÍËLÐÍÐËLÐÍKP‹B‚LLÐÍ‹NKLÐÍËQ‹LÐÎNLÐÎK‹LLÐÐKNLÐÐ‹‹LÐÐËÑ‹LÐÑLB‚LLÐÑKËLÐÑ‹LÑ‹LÑK‹LLÑ‹ŒLÑËLKLÑŒKLÑKÌÌËB‚LLÑ‹ÌŒËLÑËÌŽLÑÍ‹LÑKÍLLÑKÌ‘KLÑ‹ÌQKLÑËÌŒKLÑÌNKB‚LLÑKÌP‹LÑ‹ÍËLÑLÌËLÑLKÍKLLÑL‹ÌÑKLÑLËÍ‹LÑMÌŒLÑMKÌÌ‹B‚LLÑM‹ÌKLÑMËÌ‘LÑNÌÐËLÑNKÌL‹LLÑPKÌÐKLÑP‹ÌÌKLÑPËÌÍKLÑQÍ‹B‚LLÑQKÌ‹LÑQ‹ÌËLÑŒÌÎLÑŒKÌLLÑŒ‹ÌPKLÑŒËÌÌLÑÌLKLÑKËB‚LLÑ‹MËLÑËŒKLÑŽŒ‹LÑŽKKLLÑK‘KLÑ‹QKLÑËËLÑ‘‹B‚LLÑ‘K‹MŒMKPËM‹P‹LMËNQMPLKMKNQ‹M‹NQKB‚LMËQNKMQP‹MKQNMKPP‹LM‹NNKMËN‹MNL‹MKN‹B‚LM‹NM‹MLÌÑMLKÍŽML‹ÍŽKLMLËÑKMMÐÑ‹MMKÑËMM‹M‹B‚LMMËLKMNL‹MNK‘‹MPKLLMP‹‘MPËLKMQLËMQKLËB‚LMQ‹L‹MŒLKMŒK‘KMŒ‹LLMŒËLMŒLMKŒLKM‹ŒKB‚LMËŒMŽLLŒËMŽKLLPËMKLLŒLM‹LLŒ‹MËLLQ‹M‘LLQM‘KLLPKB‚LM‘‹LLMÌLLŒKMÌKLLP‹MÌ‹LMÐKLMÌËLMÌ‹MÍLMÎKMÍKLMÌËMÍ‹LMKB‚LMÍËLMMÎLÍ‹MÎKLŽP‹MÐKLÐKLMÐ‹LLMÐËLŽMMÑLPKMÑKLŽB‚LMLKLM‹ML‹LŽPKMLËLP‹MMLÎKLMMKLŽMËMM‹LÑ‹MMËLLËMNL‘QKB‚LMNKLŽKMPKLŽ‹MP‹LŽMKMPËLL‹LMQLÑMQKLŽMQ‹LLKMŒLŽKB‚LMŒKLŽ‹MŒ‹LŽËMŒËLŽNKMLMËLMKLÑKM‹LŽËMËLNKMŽLŽQB‚LMŽKLŽ‹MKLŒ‘M‹MŽQKMËMLKLM‘M‘‘‹M‘KMÍNM‘‹MÍÑMÌMÍÐKB‚LMÌKMÍÑKMÌ‹MÎËMÌËMÎMÍMÎ‹LMÍKMÍÐ‹MÍ‹MÎMÍËMÎKMÎMÍÑ‹B‚LMÎKMÐÑKMÐKMÐÑMÐ‹NM‹MÐËNQLMÑNQKMÑKNL‹MÑ‹NLMNLËB‚LMKNNQM‹NNPËMËNPÌËMNPŽKLMKNP‹M‹NPKMËNPÌ‹MNP‘B‚LMKNPÍËMKPPŒKM‹PQLËMËPQMËLMPŒÑKMKPŒÑ‹M‹PŒMLPŒKB‚LMLKPQ‹ML‹PÑŒKMLËPÑŒ‹MMPÑKLMMKQPMËMM‹L‘‹MMËLLËMNLLÌB‚LMNKLŽMPKLL‹MP‹LLËMPËL‹LMQL‘KMQKLL‹MQ‹LLËMŒL‘B‚LMŒKLLKMŒ‹LŽ‹MŒËLŽËML‘ŒKLMKL‘Q‹M‹MMËM‹MŽMËB‚LMŽKMŒÍKMKMKM‹MKMËMKLM‘M‹M‘KMNMMMPKMMKMB‚LMM‹MŒÌËMMËMŒÑMMMŒËMMKMŒÑKLMM‹MŒÎMMËMŒKMMMŒÐKMMKMÌPKB‚LMMKNP‹MM‹NQMMËNŒKMMNLLMMKNLËMM‹NQ‹MMLNPËMMLKNMKB‚LMML‹NLKMMLËN‘‹MMMPQ‘‹MMMKPQLMMM‹PQ‘MMMËPQËMMNPQ‹MMNKPŒËB‚LMMPKPQŽMMP‹PŒ‹MMPËPQŽKMMQPŒKLMMQKPŒËMMQ‹PŒKMMŒPŒ‹MMŒKPÍËB‚LMMŒ‹QNKMMŒËQMËMMQQ‹MMKQL‹LMM‹QL‹MMËQLËMMŽQMKMMŽKQLB‚LMMKQPËMM‹QLKMMËQPKMM‘QQKLMM‘KQMŽKMM‘‹QMQMMÌQMŒMMÌKQMPËB‚LMMÌ‹ÑŒËMMÌËQQ‹MMÍQQKMMÍKQQLKLMMÍ‹QKMMÍËQŒ‹MMÎŒN‹MMÎKŒNËB‚LMMÐKŒMÎKMMÐ‹ŒPŒKMMÐËŒPŒMMÑŒPL‹LMMÑKŒNKMPLKŒNP‹MPL‹ŒNLËMPLËŒPQ‹B‚LMPMŒPQMPMKŒNQ‹MPM‹ŒNL‹MPMËŒPPKLMPNŒPLKMPNKŒNMPPKŒM‹MPP‹ŒPŒËB‚LMPPËŒŒ‘MPQ‘KMPQKÌMPQ‹M‹LMPŒLMPŒKKMPŒ‹MËMPŒËPËB‚LMP‹MPK‹MP‹KMPËËLMPŽLËMPŽKQ‹MPKŽMP‹ŒKB‚LMPËNMP‘MÍ‹MP‘KMÐKMP‘‹MÎKLMPÌMÐ‹MPÌKPŒ‹MPÌ‹PŒËMPÌËKB‚LMPÍŒMPÍKNKMPÍ‹Œ‹MPÍËËLMPÎPKMPÎKQ‹MPÐKLMPÐ‹L‹B‚LMPÐËLMËMPÑŽQMKMPÑKŽQŽMPÑ‹LMKLMQŽQŒKMQKŽQMMQ‹LŒMQËŽQ‘‹B‚LMQŽQPËMQKŽQL‹MQ‹LP‹MQËLQLMQŽQ‘KMQKLËMQKŽQŒ‹MQ‹ŽQQKB‚LMQËLMMQŽQËMQKŽQMËMQ‹MLMQLLMQLKŽQM‹MQL‹ŽQ‹MQLËLB‚LMQMŽQËMQMKŽQP‹MQM‹LKMQMËLLMQNLNMQNKLKMQPKL‹MQP‹ŽQ‹B‚LMQPËL‹MQQLËMQQKŽQMQQ‹LM‹LMQŒLKMQŒKMKMQŒ‹LËMQŒËL‹B‚LMQM‹MQKÌKMQ‹ÌMQË‘‘‹LMQŽÌ‹MQŽK‘KMQK‘Œ‹MQ‹‘ÑKB‚LMQË‘ŽËMQ‘‘Í‹MQ‘K‘ŽL‹M‘ŽLMK‘ŽKM‹‘ŽËMË‘Œ‹M‘‹B‚LMK‘ŽKM‹‘PKMË‘ŽM‹M‘Í‹LMK‘ËMK‘Ž‹M‹‘MKMË‘Ì‹B‚LM‘L‹MK‘LM‹‘MËML‘ŽMLMLK‘ŽLËML‹‘QMLË‘ŒMM‘ŒKB‚LMMK‘‹MM‹‘ÑMMË‘ËMN‘ŽLLMNK‘LËMPK‘Ž‹MP‹‘ŽKMPË‘Ñ‹B‚LMQ‘ŽMKMQK‘ŒËMQ‹‘ÍËMŒ‘KLMŒK‘Ð‹MŒ‹ÌPŒ‹MŒËÌPQ‹MÌNP‹B‚LMKÌPŒM‹ÌPLMËÌNPKMŽÌPNKLMŽKÌPKMKÌNQM‹ÌPMKMËÌNQKB‚LM‘ÌPMM‘KÌPLKM‘‹ÌPPKMÌÌNPËLMÌKÌPMËMÌ‹ÌPŒËMÌËÌŽNMÍÌŽPKB‚LMÍKÌÍNMÍ‹ÌÍL‹MÍËÌÍQKMÎÌÍQ‹LMÎKÌÍŒMÐKÌÍQMÐ‹ÌÍP‹MÐËÌÍŒKB‚LMÑÌÍPKMÑKÌÍNKMLKÌÍŒ‹ML‹ÍËLMLËÍKMMÍKMMKÍ‹MM‹ÍKB‚LMMËÍÑMNÍKMNKÍMPKÍÐËLMP‹ÍÎKMPËÍLMQÍLËMQKÍMÑKB‚LMQ‹ÍŒKMŒÍŒQKMŒKÍŒNKMŒ‹ÍŒQLMŒËÍŒPËMÍŒŒËMKÍŒPKM‹ÍŒŽB‚LMËÍŒP‹MŽÍŽPËMŽKÍŽQMKÍŽQKLM‹ÍŽP‹MËÍÎM‘ÍÎ‹M‘KÍÎKB‚LM‘‹ÍÎMÌÎÑMÌKÎ‹MÌ‹ÎÑ‹LMÌËÎÐËMÍÎKMÍKÎÑKMÍ‹ÎB‚LMÍËÎÎMÎÎÌËMÎKÎÍMÐKÎÎKLMÐ‹ÎNPKMÐËÎPLKMÑÎPLMÑKÎNPËB‚LMÑ‹ÎPL‹M‘ÎNP‹M‘KÍ‹M‘‹ÐLÎKLM‘ËÐPŒ‹M‘ÐPM‘KÐPŒËM‘‹ÐËB‚LM‘ËÐÐ‹M‘Ð‘KM‘KÐPËM‘KÐÑKLM‘‹ÐQ‹M‘ËÐŽKM‘ÐÐKM‘KÐKB‚LM‘‹ÐÐÍKM‘LÐÐÎM‘LKÐÐÐËM‘L‹ÐÐÐ‹LM‘LËÑËM‘MÑ‹M‘MKÑPKM‘M‹ÑMËB‚LM‘MËÑËM‘NÑLKM‘NKÑLËM‘PKÑKLM‘P‹ÑM‹M‘PËÑ‹M‘QÑŒKM‘QKÑŒB‚LM‘Q‹ÑQKM‘ŒÑ‹M‘ŒKÑÍ‹M‘Œ‹ÑPËLM‘ŒËÑŒM‘ÑQM‘KÑ‘QM‘‹Ñ‘P‹B‚LM‘ËÑ‘PKM‘ŽÑ‘PËM‘ŽKÑ‘M‹M‘KÑ‘NLM‘‹M‘ËËM‘‘PLËM‘‘KNQ‹B‚LMÍNQKMÍKNMKMÍ‹PL‹MÍËNNKLMÍNMËMÍKŒM‹MÍ‹‹MÍËLËB‚LMÍL‹MÍKLMÍKKMÍ‹LKLMÍËLMÍLÐ‹MÍKL‹MÍ‹LB‚LMÍLLŽKMÍLKLKMÍL‹LKMÍLËLLMÍMLQ‹MÍMKLKMÍM‹LËMÍMËLPËB‚LMÍN‹MÍNKL‹MÍPKKMÍP‹LLMÍPËLËMÍQMÍQKLKMÍQ‹Œ‹B‚LMÍŒLMKMÍŒKËMÍŒ‹P‹MÍŒËŒËLMÍËMÍKLL‹MÍ‹PKMÍËNKB‚LMÍŽLM‹MÍŽK‘KMÍKLŽMÍ‹LQLMÍËL‘KMÍ‘L‹MÍ‘K‘MÍ‘‹LQKB‚LMÍÌ‹MÍÌKLÌKMÍÌ‹L‹MÍÌËMËLMÍÍNMÍÍKŒMÍÍ‹Q‹MÍÍËŽKB‚LMÍÎLNMÍÎKLŒMÍÐKLÌMÍÐ‹L‹LMÍÐËLNKMÍÑL‘‹MÍÑKŒ‹MÐLKÍM‹B‚LMÐL‹ÍŒËMÐLËÍMÐMÍÍËMÐMKÑLKLMÐM‹ÍÌËMÐMËÍNMÐNÍMMÐNKÍP‹B‚LMÐPKÍL‹MÐP‹ÍŒKMÐPËÍPKMÐQÍLKLMÐQKÍQKMÐQ‹Í‘MÐŒÍKMÐŒKÍLB‚LMÐŒ‹ÍKMÐŒËÍQ‹MÐÍQMÐKÍ‘‹LMÐ‹ÍËMÐËÍÐKMÐŽÍ‘KMÐŽKÍPËB‚LMÐKÍKMÐ‹Í‹MÐËÍÐ‹MÐ‘ÍÍKLMÐ‘KÍŒ‹MÐ‘‹ÍËMÐÌÍŽKMÐÌKPKB‚LMÐÌ‹LKMÐÌËLËMÐÍLMMÐÍKL‹LMÐÍ‹LMËMÐÍËLNMÐÎLNKMÐÎKL‹B‚LMÐÐKLM‹MÐÐ‹LLKMÐÐËLKMÐÑLKLMÐÑKPL‹MÐÑ‹PMMÑPLËMÑKQQB‚LMÑ‹QŒMÑËQPËMÑPÑ‹MÑKPÍ‹LMÑ‹PŽMÑËQËMÑQKMÑKQB‚LMÑKQKMÑ‹P‹MÑËQËMÑP‘KLMÑKPÌMÑ‹PÍKMÑLQMÑLKPÌËB‚LMÑL‹PKMÑLËP‘MÑMQKMÑMKÌÑKLMÑM‹ÍMÑMËÎ‹MÑNÑMKMÑNKÑ‹B‚LMÑPKÑKMÑP‹ÑNMÑPËÑKMÑQÑLMÑQKÑMËMÑQ‹LMÑŒPËMÑŒKLKB‚LMÑŒ‹P‹MÑŒËLŒMÑLŒËMÑKLKLMÑ‹LMÑËL‘KMÑŽLMKMÑŽKLP‹B‚LMÑKLM‹MÑ‹LLKMÑËLNKMÑ‘L‹LMÑ‘KLËNLMNKLL‹N‹LNB‚LNËLLËNLPËNKLMËN‹LPKLNËŒËNŒNKŒNNKŒPKB‚LN‹ŒŒNËŒŒËNŒM‹NKŒMËLN‹LÌËNLLÌNLKL‘‹NL‹LËB‚LNLËL‹NMLL‘‹NMKLL‹NM‹LLŽKLNMËLLKNNLLÌ‹NNKLL‹NPKLL‘KB‚LNP‹LNKNPËLN‹NQLNKNQKLNKLNQ‹LN‹NŒLNNŒKLNNŒ‹L‘B‚LNŒËLÌËNLÍNKLÌN‹L‘KLNËL‹NŽLÑ‹NŽKL‘ŒKNKL‘‹B‚LN‹L‘NËL‘NKN‘L‘ËN‘KL‘LN‘‹LÐËNÌL‘Q‹NÌKLÌ‹NÌ‹L‘NB‚LNÌËLÐKNÍLÎNÍKLÑKNÍ‹L‘M‹LNÍËLÑNÎL‘KNÎKLÎKNÐKL‘LB‚LNÐ‹L‘KNÐËL‘MËNÑL‘KNÑKL‘ËLNLKLKNL‹L‘LKNLËLÍ‹NMLB‚LNMKMMÐËNM‹MPPËNMËMPP‹NNMPQKLNNKMPŒNPKMMNP‹ML‹NPËM‘ËB‚LNQMÌKNQKMÌNQ‹MÌ‹NŒMÍPKLNŒKMÎKNŒ‹MÎKNŒËMÎNMÑB‚LNKMÐÑ‹N‹NQKNËNQNŽN‹LNŽKNŽKNKNŽN‹NŒNËNP‹B‚LN‘NËN‘KNŒ‹N‘‹NLNÌNKLNÌKNLLKNÌ‹NLMNÌËNLM‹NÍNLMËB‚LNÍKNLMKNÍ‹NQËNÍËNPÑNÎNPÑ‹LNÎKNQËNÐKNQNÐ‹NPÑKNÐËNPÎKB‚LNÑNQ‹NÑKNQNÑ‹NPÐ‹NNQËLNKNPÐËN‹PPŒËNËPQPËNPQP‹B‚LNKPQŒËN‹PQŒ‹NËPQŒKNP‹LNKPËNKPËN‹PÍNËPÌKB‚LNP‹NKPÍ‹N‹PÍKNLPÌLNLKPŽNL‹PNLËPËNMPÑËB‚LNMKPÑKNM‹PÑ‘NMËPÑ‘‹NNPÑËLNNKQËNPKQNP‹PÑŽKNPËPÑ‹B‚LNQQNQKQKNQ‹QNŒQNËLNŒKQQËNŒ‹QŒ‹NŒËQŒLNLLPËB‚LNKLLLËN‹LLMËNËLLPKNŽLLLKLNŽKLQKNKLÌÍN‹LÑLKNËMÌB‚LN‘MŒN‘KM‘KNMMÌËNMKM‹LNM‹MŒËNMËM‘NMMÌ‹NMKMQKB‚LNM‹MÍËNMËMÌPËNMMÌP‹NMKNÎLNMKN‘NM‹NÎKNMËN‘‹NMNKB‚LNMKNÌ‹NM‹NËNMLNÍ‹NMLKPŒMËLNML‹PŒNKNMLËPŒP‹NMMPŒŒKNMMKPŒMB‚LNMM‹PŒLËNMMËPŒLNMNPŒM‹NMNKPŒŽLNMPKPŒPKNMP‹PŒŒNMPËPŒQKNMQP‘Q‹B‚LNMQKQPËNMQ‹QŒKNMŒQNKNMŒKQMËLNMŒ‹QKNMŒËQŒNMQQKNMKQPKB‚LNM‹QNNMËQŒ‹NMŽQQNMŽKQQ‹LNMKQNM‹QMËNMËQMŽNM‘QM‹B‚LNM‘KQM‘‹NM‘‹QQNKNMÌQQMËNMÌKQQM‹LNMÌ‹QQNNMÌËQQMKNMÍQ‹NMÍKQËB‚LNMÍ‹ŒNQNMÍËŒPNNMÎŒNM‹NMÎKŒPÍKLNMÐKŒPNMÐ‹ŒPÍ‹NMÐËŒPÌKNMÑŒPÐËB‚LNMÑKŒPKNPLKŒP‘‹NPL‹ŒPŽNPLËŒNËLNPMËNPMK‹NPM‹NPMËÑ‹B‚LNPNÎKNPNK‘NPPKKNPP‹ÌËLNPPË‹NPQŒËNPQKKNPQ‹LÌËB‚LNPŒMÑ‹NPŒKMÐËNPŒ‹PL‹NPŒËÎLNP‘KNPKÌNP‹ÐKNPËÐ‹B‚LNPŽÑ‹NPŽK‘NPK‹NP‹KLNPËÐËNP‘ÌŒËNP‘KLÍNP‘‹M‹B‚LNPÌMKNPÌKMËNPÌ‹LÌ‹NPÌËMŽLNPÍLÑKNPÍKMQNPÍ‹M‘NPÍËMÍ‹B‚LNPÎMP‹NPÎKMLKNPÐKLŽNPÐ‹MPKLNPÐËLÐ‹NPÑLÑ‹NPÑKMKNPÑ‹MKB‚LNQMNQKMLNQ‹M‹NQËMMLNQM‘‹NQKMŽKNQ‹MŒNQËLÐËB‚LNQMQKNQKMM‹NQKMMKNQ‹MLNQËMKNQM‹NQKMKNQ‹MB‚LNQLM‹NQLKMËNQL‹PKNQLËP‹LNQMÎNQMKÍËNQM‹ÌNQMËÌËB‚LNQNÌ‹NQNK‘QNQPK‘Ð‹NQP‹‘LËLNQPË‘ÍËNQQ‘ËNQQK‘ÑKNQQ‹‘ÎB‚LNQŒ‘QKNQŒK‘ÍNQŒ‹‘‘NQŒË‘ŽQKLNQ‘ÐKNQK‘NNQ‹ÌNQË‘MKB‚LNQŽ‘QKNQŽK‘KNQK‘PËNQ‹‘PKLNQË‘Ñ‹NQ‘‘‘‹NQ‘K‘ŽPM‘L‹B‚LPMK‘ÎKPM‹‘P‹PMË‘ÑPM‘Q‹LPMK‘Œ‹PM‹‘ŒPMËÌPÍKPMÌPÌ‹B‚LPMKÌP‘‹PMKÌPŽPM‹ÌQ‹PMËÌPÌLPMÌPÌKPMKÌPÐ‹PM‹ÌQPMLÌPÐKB‚LPMLKÌPÍËPML‹ÌPÑ‹PMLËÌP‘PMMÌQLPMMKÌPËPMM‹ÌPÍ‹PMMËÌQKPMNÌQ‹B‚LPMNKÌŽQPMPKÌŽQKPMP‹ÌÍŽKPMPËÌÍ‹LPMQÌÍËPMQKÌÍËPMQ‹ÌÍKPMŒÌÍ‹B‚LPMŒKÌÍKPMŒ‹ÍÑ‹PMŒËÍPKPMÍLLPMKÍMPM‹ÍL‹PMËÍMKPMŽÍLKB‚LPMŽKÍL‹PMKÍNPM‹ÍŒ‘‹PMËÍŒ‘LPM‘ÍŒÌKPM‘KÍŒÑPM‘‹ÍŒÌËPMÌÍŒÐËB‚LPMÌKÍŒÍKPMÌ‹ÍŒÌ‹PMÌËÍŒÌPMÍÍ‹LPMÍKÍ‘M‹PMÍ‹ÍÎPKPMÍËÍÎQPMÎÍÐLKB‚LPMÎKÍÎPËPMÐKÍÎP‹PMÐ‹ÍÐL‹PMÐËÍÐLËLPMÑÍÎMKPMÑKÍÎNKPPLKÍÎMËPPL‹ÎB‚LPPLËÎNKPPMÎMKPPMKÎPKPPM‹ÎKLPPMËÎLËPPNÎ‹PPNKÎLKPPPKÎL‹B‚LPPP‹ÎQPPPËÎ‹PPQÎLPPQKÎPMLPPQ‹ÐMPPŒÐMPPŒKÐMËPPŒ‹ÐP‹B‚LPPŒËÐPŽPPÐPKPPKÐPŒKPP‹ÐPËLPPËÐ‘KPPŽÐ‘LËPPŽKÐ‘MËPPKÐ‘B‚LPP‹Ð‘KPPËÐ‘MKPP‘Ð‘KPP‘KÐ‘NLPP‘‹Ð‘ŽKPPÌÐ‘PPÌKÐ‘PKPPÌ‹Ð‘L‹B‚LPPÌËÐ‘ËPPÍÐ‘P‹PPÍKÐ‘PPÍ‹Ð‘‹LPPÍËÐÑ‹PPÎÐÑPPÎKÐÑËPPÐKÐÑB‚LPPÐ‹ÐÑKPPÐËÑLL‹PPÑÑLŒKPPÑKÑLMËLPPÑ‹ÑLËPQÑLQ‹PQKÑLŒPQ‹ÑLLËB‚LPQËÑLKPQÑLPËPQKÑLMKPQ‹ÑLPKLPQËÑLŒ‹PQÑL‹PQKÑL‹PQKÑLM‹B‚LPQ‹ÑLPQËÑLMPQÑLKPQKÑLLPQ‹ÑËPQLÑÐ‹PQLKÑÐËPQL‹ÑÐKB‚LPQLËÑŒKPQMÑ‘Q‹PQMKKPQM‹ŽKLPQMËËPQNPŒKPQNKPM‹PQPKPQKB‚LPQP‹PŽKPQPËPKPQQPP‹PQQKPŒLPQQ‹PPËPQŒPPQŒKPŒ‹PQŒ‹PËB‚LPQŒËPMËPQQŒ‹PQKMKPQ‹M‹LPQËMËPQŽMM‹PQŽKMKPQKM‹B‚LPQ‹MPQËMLËPQ‘MŒKPQ‘KMNLPMPKM‹P‹MPËMKB‚LPMŒ‹PKMP‹MLKPËMËLPMŒËPKLÑKPKMP‹P‹MÌKB‚LPËMKPM‘KPKMÍKP‹MMKLPLMËPLKMŒPL‹NËPLËM‹B‚LPMMQPMKMMPM‹MKPMËMËLPNŒËPNKKPPKPP‹ÎP‹B‚LPPËÎ‹PQÎMËPQKÎLËPQ‹ÎL‹LPŒÎPŒKÎKPŒ‹ÎM‹PŒËÎNB‚LPÍÎKPKÎËP‹ÐLËPËÎKLPŽÎLPŽKÎLKPKÎQP‹ÎB‚LPËÎMP‘ÎPËP‘KÎPKP‘‹ÎKLPÌLQKPÌKL‹PÌ‹LÌPÌËL‘B‚LPÍL‘KPÍKLËPÍ‹LÌKPÍËLŒ‹LPÎLŽKPÎKLŒËPÐKL‘‹PÐ‹LËB‚LPÐËLQ‹PÑQŒKPÑKQLPLKQL‹LPL‹QŒ‹PLËQPMQKPMKQB‚LPM‹ŒMPMËQMPNQ‹PNKQŒLPPKPÎPP‹QKPPËQLKPQQNB‚LPQKQ‘‹PQ‹QQ‹PŒQ‹PŒKÎLKLPŒ‹ÎL‹PŒËÎLPÑKPKÑQKB‚LP‹ÑŒKPËÑŒPŽÑŒËPŽKËLPK‘KP‹MKPËMËP‘LÌËB‚LP‘KLÑKP‘‹LÎPÌMPÌKMKLPÌ‹LÍ‹PÌËLÐËPÍLÑPÍKMKB‚LPÍ‹LÌPÍËLÑ‹PÎP‘PÎKŒÍ‹LPÐKŒ‘KPÐ‹ŒÍKPÐËŒÌ‹PÑŒÎKB‚LPÑKŒÍËPÑ‹ŒÍP‘LÍ‹P‘KLÎKLP‘‹LÐ‹P‘ËL‹P‘LKP‘KLLÌËB‚LP‘‹LLÍKP‘ËLLÍ‹P‘LNLËP‘KLNLLP‘KLNLKP‘‹LNP‘ËLN‹P‘LÌËB‚LP‘KLÌQKP‘‹LÌP‘LLÌQ‹P‘LKLÌ‹LP‘L‹LÌ‹P‘LËLÍÐKP‘MLÌÎP‘MKLÌÐËB‚LP‘M‹LÌP‹P‘MËLÌŒËP‘NLÌL‹P‘NKLÌKLP‘PKLÍ‹P‘P‹LÌ‘P‘PËLÌKP‘QLÌB‚LP‘QKLÐ‹P‘Q‹LÌQP‘ŒL‘KP‘ŒKLÌKLP‘Œ‹LÌLËP‘ŒËL‘ŽKP‘L‘ËP‘KLÌÍB‚LP‘‹LÌ‹P‘ËLÌP‘ŽL‘‘‹P‘ŽKLÌŽKLP‘KLÌÎKP‘‹LÌÍKP‘ËLÌKP‘‘LÌMB‚LP‘‘KLÌËPÍLÌ‹PÍKL‘‘KPÍ‹LÌKLPÍËLÌPÍL‘‹PÍKLÌM‹PÍ‹MPËB‚LPÍËMPÑPÍMP‘KPÍKMPŽKPÍKMPKLPÍ‹MP‹PÍËMP‘‹PÍMPKPÍKMP‘B‚LPÍ‹MNKPÍLM‘PÍLKMÌ‹PÍL‹MÌL‹LPÍLËMÌLPÍMMÎNKPÍMKMÎMËPÍM‹MÎMB‚LPÍMËMÑŒPÍNMÑŽPÍNKNÍKPÍPKN‘‹LPÍP‹NÌ‹PÍPËNLPÍQNLQ‹PÍQKNLËB‚LPÍQ‹NLŽKPÍŒNNQKPÍŒKNQQKPÍŒ‹NQPËLPÍŒËNQMKPÍNQMPÍKNQŒPÍ‹NQLËB‚LPÍËNQPKPÍŽNQNKPÍŽKNQMËPÍKPPŽKLPÍ‹PP‘‹PÍËPPPÍ‘PP‹PÍ‘KPQ‹B‚LPÍ‘‹PQKPÍÌPQŽKPÍÌKPQËPÍÌ‹PŒÌËLPÍÌËPŽPÍÍPŽKPÍÍKPŽËPÍÍ‹PÐËB‚LPÍÍËPÑKPÍÎPÐ‹PÍÎKPŽ‹PÍÐKPŽLËLPÍÐ‹PŽL‹PÍÐËPŽLPÍÑPÐKPÍÑKPŽMKB‚LPÐLKPÑPÐL‹PŽPÐLËQKPÐMQMËLPÐMKQŒPÐM‹QQKPÐMËQMPÐNQŽKB‚LPÐNKQQPÐPKQNPÐP‹QŒ‹PÐPËQLLPÐQQNKPÐQKQQ‹PÐQ‹QNPÐŒQN‹B‚LPÐŒKQNËPÐŒ‹QPQKPÐŒËQPQPÐQQKLPÐKQQ‹PÐ‹QQKPÐËQŒL‹PÐŽQŒÑB‚LPÐŽKLL‹PÐKLLKPÐ‹LLŒ‹PÐËLLLPÐ‘LLŒPÐ‘KLLŽKPÐ‘‹L‘PÐÌMŽLËB‚LPÐÌKMŽËPÐÌ‹MŽPÐÌËMŽ‹PÐÍMŽLPÐÍKMŽËPÐÍ‹MÑKPÐÍËMŽ‹PÐÎMÑ‹B‚LPÐÎKMŽKPÐÐKN‹PÐÐ‹NPÐÐËNÑ‹LPÐÑN‹PÐÑKPŒ‘PÐÑ‹PŒKPÑPŒÌ‹B‚LPÑKPŒŒËPÑ‹PŒËPÑËPŒËPÑPŒ‹LPÑKPŒ‘‹PÑ‹PŒ‘KPÑËPÐ‹PÑP‘ŒKB‚LPÑKP‘Œ‹PÑKQËPÑ‹QMËPÑËQMKLPÑQ‘KPÑKQ‹PÑ‹ŒPÌËPÑLŒPKB‚LPÑLKŒPËPÑL‹ŒQMËPÑLËŒQLPÑMŒQMKLPÑMKŒQMPÑM‹ŒQNPÑMËŒQKPÑNQ‹B‚LPÑNKNKPÑPKLËPÑP‹P‹PÑPËMLPÑQNPÑQKNKPÑQ‹NPÑŒP‹B‚LPÑŒKQKPÑŒ‹‘‹PÑŒËNPÑNM‹LPÑKNKPÑ‹PMKPÑËNKPÑŽNQ‹B‚LPÑŽKNP‹PÑKPLKPÑ‹NQKPÑËNËLPÑ‘NLËPÑ‘KNKQNMKQKNËB‚LQ‹PNQËPMQNLKQKMÑ‹LQ‹PM‹QËNPKQNKQKNËB‚LQKNL‹Q‹P‹QËQQÌKLQK‘ÐËQ‹‘NKQL‘‘QLK‘‘B‚LQL‹‘‘LËQLË‘‘ËQM‘‘QQMK‘‘MËLQM‹‘‘M‹QMË‘‘KQN‘‘Œ‹QNK‘‘B‚LQPK‘‘L‹QP‹‘‘NQPËÌQLKQQÌQŒKLQQKÌQNQQ‹ÌQŒ‹QŒÌQMQŒKÌQŒB‚LQŒ‹ÌQL‹QŒËÌÍÌËQÌÍ‘KQKÌÍ‘‹LQ‹ÍMËQËÍŒ‹QŽÍP‹QŽKÍLB‚LQKÍPKQ‹ÍQQËÍŒKQ‘ÍMKLQ‘KÍQ‹Q‘‹ÍLLQÌÍLLKQÌKÍLL‹B‚LQÌ‹ÍL‹QÌËÍNQÍÍËQÍKÍLQÍ‹ÍKQÍËÍËQÎÍMQÎKÍ‘NKB‚LQÐKÍÐKQÐ‹ÍÐP‹QÐËÍÐŒ‹QÑÍÐËLQÑKÍÐ‹QLKÍÐQL‹ÍÐŒKQLËÍÐNB‚LQMÍÑŒQMKÎŒËQM‹Î‘QMËÎL‹LQNÎ‹QNKÎËQPKÎŒ‹QP‹ÎLKB‚LQPËÎŽKQQÎ‘KQQKÎLQQ‹ÎPP‹LQŒÎPNQŒKÐMPËQŒ‹ÐMP‹QŒËÐMM‹B‚LQÐMNQKÐMMQ‹ÐMPKQËÐP‘KLQŽÐPÌQŽKÐPÌKQKÐÌKQ‹ÐÌ‹B‚LQËÐ‘Œ‹Q‘ÐÌQ‘KÐ‘‘‹Q‘‹Ð‘‹LQÌÐÌKQÌKÐ‘QÌ‹ÐÌ‹QÌËÐ‘ŒËB‚LQÍÐÌ‹QÍKÐÌKQÍ‹ÐÌËQÍËÐÌKLQÎÐ‘ŽQÎKÐ‘‘QÐKÐÌ‹QÐ‹Ð‘ŒB‚LQÐËÐ‘ŒKQÑÐÌLQÑKÐÌKQÑ‹ÐÑNLQÑL‘QKÑLÐËQ‹ÑM‹QËÑLÌËB‚LQNQKÑLÎQ‹ÑLKQËÑMKLQÑMQKÑMËQKÑLŽKQ‹ÑMËB‚LQËÑLÌQÑLÐ‹QKÑLÍ‹Q‹ÑMLQLÑLÐKQLKÑKQL‹ÑÑ‹QLËÑÑKB‚LQMÑÑQMKÑ‘QM‹Ñ‘Œ‹QMËËLQNP‹QNKPÍQPKPÐËQP‹PÐKB‚LQPËPÍKQQPÍËQQKPËQQ‹QNKLQŒP‹QŒKPKQŒ‹PËQŒËNËB‚LQNQKN‹Q‹PMËQËNMKLQŽPLQŽKN‹QKPLËQ‹MÐ‹B‚LQËPMQ‘NPKQ‘KNQKQMMÍËLQMKMÐËQM‹NKQMËPLKQMMÐKB‚LQMKMÎQM‹MMËQMËNKQMNM‹LQMKN‹QMKNQM‹NNKQMËNQB‚LQMNKQMKPL‹QM‹N‹QMLNLQMLKNKQML‹MÎKQMLËMÍ‹QMMNNB‚LQMMKNLQMM‹NQ‹QMMËŽQMNÐ‘KLQMNKÐPKQMPKÐQQMP‹ÐÍKQMPËÐŒB‚LQMQÐPËQMQKÐŽKQMQ‹ÐKQMŒÐËLQMŒKÐQKQMŒ‹ÐÎKQMŒËÐÌËQMÐÌ‹B‚LQMKÐÐËQM‹ÐËQMËÐQ‹QMŽÐÍLQMŽKÐÐKQMKÐQM‹Ð‹QMËÐ‘‹B‚LQM‘ÐŽQM‘KÐ‘QM‘‹ÑKQMÌÐŒ‹LQMÌKLÍKQMÌ‹LÌËQMÌËLÐËQMÍLÑKB‚LQMÍKMKQMÍ‹ML‹QMÍËLÍËQMÎM‹LQMÎKPQQMÐKPQ‹QMÐ‹PQKQMÐËQŒ‹B‚LQMÑQŒËQMÑKŒQKQPLKŒNQPL‹ŒM‹LQPLËŒLKQPMŒKQPMKŒ‹QPM‹ŒŒ‹B‚LQPMËŒ‹QPNŒL‹QPNKŒMKQPPKŒËLQPP‹ŒQPPËŒQPQŒ‹QPQKŒPËB‚LQPQ‹ŒLËQPŒŒPKQPŒKÍ‹QPŒ‹ÍÌLQPŒËÍÌ‹QPÍÌKQPKÍ‘‹QP‹ÎMKB‚LQPËÎMQPŽÑŽKQPŽK‘‹QPKMKLQP‹MQPËMLËQP‘MLQP‘KMËB‚LQP‘‹MËQPÌËQPÌKQPÌ‹LKLQPÌËLÑKQPÍLLÎQPÍKLNPKQPÍ‹LPL‹B‚LQPÍËLNP‹QPÎLNNKQPÎKLNQ‹QPÐKLPLKLQPÐ‹LNQQPÐËLPLQPÑLÐLKQPÑKLÎËB‚LQPÑ‹LÐQ‹QQLÍQQKLÍM‹QQ‹LÍËLQQËLÍÐËQQLÍNQQKLÍPËQQ‹LÍÍ‹B‚LQQËLÍKQQLÍLQQKLÍLKQQKLÍŒLQQ‹LÍ‘QQËLÎ‹QQLÍËQQKLÍKB‚LQQ‹LÍÎKQQLLÍMËQQLKLÍMKQQL‹LÍL‹LQQLËLÍ‹QQMLÍÌKQQMKLÍÍËQQM‹LÍÐ‹B‚LQQMËLÍŒKQQNLÍQKQQNKLÍŒËQQPKLÍËLQQP‹LÎQQPËLÍKQQQLÍNKQQQKMPÍËB‚LQQQ‹MPÌQQŒMPÎKQQŒKMPÌËQQŒ‹MPÍKLQQŒËMPËQQMQKQQKMŒQQ‹MPËB‚LQQËMÌŒQQŽMÌQ‹QQŽKMÌNQQKMÌQLQQ‹MÌNKQQËMÎPKQQ‘MÐLKQQ‘KMÎPËB‚LQMÎQKQKMÎQQ‹MÑKQËMÑLQMÑŒKQKNKQ‹NQËNKB‚LQNKQKNKQKNËQ‹NLKLQËNL‹QNLËQKNLKQ‹NLÌËB‚LQLNLÌ‹QLKNL‘‹QL‹NL‘QLËNLÌKLQMNLÌQMKNNNQM‹NPLËQMËNPLKB‚LQNPL‹QNKNQKQPKNQQP‹NQËLQPËNQŽKQQNQŽQQKNQ‹QQ‹NQ‹B‚LQŒNQ‘QŒKNQ‘KQŒ‹NQËQŒËPLËLQPP‘KQKPQ‘KQ‹PQ‘QËPŒKB‚LQŽPQËQŽKPQKPŽPKQ‹PNLQËPŽQKQ‘PŽP‹Q‘KPM‹Q‘‹PLKB‚LQÌPMKQÌKPMQÌ‹PŽ‹QÌËPL‹LQÍPLQÍKPQ‹QÍ‹QÌËQÍËQKB‚LQÎQËQÎKQÍ‹QÐKQ‘KQÐ‹Q‘‹LQÐËQÌKQÑQÎQÑKQÌQLKQKB‚LQL‹Q‹QLËQËQMQÑKQMKQÍËLQM‹QQMËQÑQNÑ‘KQNKQ‘B‚LQPKQNKQP‹QNKQPËQNQQQPŒLQQKQPÎQQ‹QQKQŒQQ‹QŒKQQ‘‹B‚LQŒ‹QŒQŒËQŒŒËQQŒŒ‹QKQMLQ‹QLQËLLÌKQŽLL‘QŽKLL‘KB‚LQKMŽNQ‹MŽPËQËMŽMËQ‘MŽPKLQ‘KMŽQQ‘‹MŽNKQÌNMÌQÌKPŒÐËB‚LQÌ‹PÍŽKQÌËPÍKQÍQÌQÍKQM‘LQÍ‹QM‘KQÍËŒQQÎŒQ‹QÎKŒQQB‚LQÐKŒQQKQÐ‹ŒQŒKQÐËŒQPKQÑŒQŒLQÑKŒQP‹QÑ‹ŒQ‹Q‘ŒQNKQ‘K‘‹B‚LQ‘‹LQ‘Ë‘Q‘ŽQ‘KLKLQ‘‹LËQ‘ËËQ‘NMQ‘KQ‹B‚LQ‘K‘KQ‘‹‘‹Q‘Ë‘Q‘PÍKLQ‘KPŽKQ‘‹P‘Q‘LQLKQ‘LKPÍ‹B‚LQ‘L‹PKQ‘LËP‹Q‘MPËQ‘MKPÍËLQ‘M‹PQ‘MËPQQ‘NQKQ‘NKÎKB‚LQ‘PKÌ‹Q‘P‹ÌËQ‘PËÌËQ‘QÌLQ‘QKÌKQ‘Q‹ÌKQ‘ŒÌMQ‘ŒKÌKB‚LQ‘Œ‹‘‘‘‹Q‘ŒËÌQ‘‘‘‹Q‘KÌ‹LQ‘‹‘‘ËQ‘Ë‘‘ËQ‘ŽÌKQ‘ŽKÌŒKB‚LQ‘KÌQ‘‹Q‘‹ÌQŽKQ‘ËÌŒËQ‘‘ÌQ‘LQ‘‘KÌÍÍ‹ŒÍŽŒKÍÌŒ‹ÍKB‚LŒËÍÌKŒÍ‘KŒKÍ‹Œ‹Í‹LŒËÍÌ‹ŒÍLMŒKÍLLËŒKÍPËB‚LŒ‹ÍŒËÍNKŒÍLŒKÍLËLŒ‹ÍMËŒLÍPKŒLKÍM‹ŒL‹Í‘B‚LŒLËÍ‘PËŒMÍÐÌ‹ŒMKÍÐKŒM‹Î‘‹LŒMËÎLËŒNÎLLËŒNKÎLMŒPKÎLKB‚LŒP‹ÎLLŒPËÎLL‹ŒQÎLLKŒQKÎPQLŒQ‹ÎPPËŒŒÐMQ‹ŒŒKÐÌPËŒŒ‹ÐÌŽKB‚LŒŒËÐÌNKŒÐÌŒŒKÐÌQ‹Œ‹ÐÌ‘LŒËÐÌQŒŽÐÌ‹ŒŽKÐÌŽŒKÐÌŒ‹B‚LŒ‹ÐÌKŒËÐÌÌŒ‘ÑMPËŒ‘KÑMLLŒ‘‹ÑMM‹ŒÌÑMŒËŒÌKÑMNŒÌ‹ÑMŒ‹B‚LŒÌËÑMQ‹ŒÍÑMLKŒÍKÑMŒŒÍ‹ÑMMËLŒÍËÑMLËŒÎÑKŒÎKÑŒËŒÐKÑ‘ËB‚LŒÐ‹Ñ‘ŽŒÐËÍKŒÑQKŒÑKQ‹LŒLKQŒL‹Q‹ŒLËQKŒMPB‚LŒMKPÍ‹ŒM‹PÌŒMËPÌËŒNPÌ‹LŒNKPŒËŒPKPKŒP‹P‘ŒPËPÍËB‚LŒQPÍŒQKP‘‹ŒQ‹PÐ‹ŒŒPÑKLŒŒKPÎŒŒ‹PÍKŒŒËPŒKŒP‹B‚LŒKQ‹Œ‹ŒŒËPŽŒŽPËLŒŽKP‘KŒKŽKŒ‹ÑMËŒËÑM‹B‚LŒ‘ÑL‹Œ‘KÑ‹Œ‘‹ÑP‹ŒÌÑPKLŒÌKÑMKŒÌ‹Ñ‹ŒÌËÑŒËŒÍÑMB‚LŒÍKÑŒÍ‹ÑËŒÍËÑËŒÎÑQLŒÎKÑŒÐKÑLËŒÐ‹ÐMŒÐËÑËB‚LŒÑÑKŒÑKKŒÑ‹ÑŒÑNLŒKÑŒ‹MLËŒËM‹ŒM‹B‚LŒKMËŒ‹M‹ŒËMLŒMLKLŒKMKŒKŒKŒ‹ŒËŒËŒŒËB‚LŒŒÌËŒKŒÌŒ‹ŒÍKŒLËLŒLKŒ‘‹ŒL‹ŒÐËŒLËŒÑKŒMŒÌKB‚LŒMKŒKŒM‹ŒÍËŒMËŒ‹ŒNŒÍ‹LŒNKŒ‘KŒPKŒŒP‹ŒÐ‹ŒPËŒÑB‚LŒQŒÐKŒQKÍ‹ŒQ‹ÍÍKŒŒÎNKLŒŒKÎNŒŒ‹ÎMËŒŒËÑ‘KŒB‚LŒK‹Œ‹ŒËMPËŒŽMŒ‹LŒŽKMŒŒKMMËŒ‹MM‹ŒËMQKB‚LŒ‘MKŒ‘KMËŒMMP‹ŒMKMPKLŒM‹MŒKŒMËMQŒMMŽKŒMKMMB‚LŒM‹‹ŒMËËŒMŒMK‹LŒMKLLŽŒM‹LLÐKŒMËLLÐ‹ŒMLLÑKB‚LŒMKLPNŒM‹LPMKŒMLLPMËŒMLKLPQ‹LŒML‹LPPKŒMLËLÐKŒMMLÎËŒMMKLÎL‹B‚LŒMM‹LÐËŒMMËLÎP‹ŒMNLÎQŒMNKLÎKLŒMPKLÐMËŒMP‹LÎKŒMPËLÐPKŒMQLÎQKB‚LŒMQKLÐM‹ŒMQ‹LÎMKŒMŒLÎŒMŒKLÎNKLŒMŒ‹LÎQ‹ŒMŒËLÎŒMLÐŒKŒMKLÎLKB‚LŒM‹LÐŒ‹ŒMËLÐMŒMŽLÐNŒMŽKLÐLŒMKLÐLËŒM‹LÐMKŒMËMQ‹ŒM‘MQËB‚LŒM‘KMQKŒM‘‹MŒËŒMÌM‘ËŒMÌKM‘KLŒMÌ‹QÌ‹ŒMÌËM‘‹ŒMÍM‘ŒMÍKM‘B‚LŒMÍ‹MÌŒËŒMÍËMÌŒ‹ŒMÎMÌKŒMÎKMÐPËLŒMÐKMÐQKŒMÐ‹MÐNŒMÐËMÐP‹ŒMÑMÐMB‚LŒMÑKMÐPKŒPLKMÐL‹ŒPL‹MÐMKŒPLËMÑËLŒPMMÑKŒPMKMÑ‹ŒPM‹MÑŒPMËMÑKB‚LŒPNNLŒPNKNLKŒPPKNL‹ŒPP‹NŽLŒPPËNMKŒPQNLÐËŒPQKNLÐKŒPQ‹PL‹B‚LŒPŒPL‹ŒPŒKPLKŒPŒ‹PLŒPŒËPLLŒPPLLKŒPKPLKŒP‹PLKŒPËPLËB‚LŒPŽPL‹ŒPŽKPPÌŒPKPQËŒP‹PŒLŒPËPŒŒP‘PŒKŒP‘KPŒŽKŒP‘‹PŒÍKB‚LŒPÌPKŒPÌKPËŒPÌ‹P‹ŒPÌËPÍËLŒPÍPÍ‹ŒPÍKPÌËŒPÍ‹P‘‹ŒPÍËPÌKB‚LŒPÎPKŒPÎKPŽŒPÐKP‘ËŒPÐ‹P‹LŒPÐËPÍŒPÑPŽKŒPÑKP‘ŒPÑ‹QPËB‚LŒQQLËŒQKQ‹ŒQ‹QKŒQËQP‹LŒQQ‹ŒQKQNKŒQ‹QM‹ŒQËQËB‚LŒQQMËŒQKQL‹ŒQKQMŒQ‹QQ‹LŒQËQNŒQQPKŒQKQNKŒQ‹QNËB‚LŒQLQQ‹ŒQLKQŒKŒQL‹QŒŒQLËQŒM‹LŒQMQŒKŒQMKQŒ‹ŒQM‹QŒKŒQMËQŒŽKB‚LŒQNQŒŽŒQNKQËŒQPKQMKŒQP‹LLÍLŒQPËLLÍKŒQQLŽM‹ŒQQKL‘ËŒQQ‹LÐB‚LŒQŒMP‹ŒQŒKMQŒQŒ‹MM‹ŒQŒËMMËLŒQMPKŒQKMPËŒQ‹NKŒQËNB‚LŒQŽN‹ŒQŽKNLL‹ŒQKPŒÑŒQ‹PŒÑKLŒQËPŒÑ‹ŒQ‘QÌËŒQ‘KQMÌŒQ‘‹B‚LŒKŒQ‹Œ‹LËŒËLLŒLLŒKLKŒ‹LËŒËLKŒNB‚LŒKQKŒKQŒ‹‘KŒËQMËLŒQLŒKPÐËŒ‹QKŒLQKB‚LŒLKPÐ‹ŒL‹Q‹ŒLËQËŒMQLŒMKQP‹ŒM‹PÑ‹ŒMËPÑŒNQKB‚LŒNKŒŒPKŒŒP‹ÌËŒPËÌNKLŒQÌËŒQKÌŒŒQ‹ÌM‹ŒŒÌ‹B‚LŒŒKÌŒKŒŒ‹ÌŒ‹ŒŒËÌŒËŒÌŽKLŒKÌMËŒ‹ÌŒËÌPËŒŽÌKB‚LŒŽKÌŒËŒKÌŒKŒ‹ÌŒËŒËÌŒ‹LŒ‘ÌŒKŒ‘KÌMKŒ‘‹ÌM‹ŒÌÌMB‚LŒÌKÌLËŒÌ‹ÌLKŒÌËÍÐ‹ŒÍÍÍKLŒÍKÍËŒÍ‹ÍÌËŒÍËÍLM‹ŒÎÍŒB‚LŒÎKÍÐÎKŒÐKÍÐÐKŒÐ‹ÍÐÍŒÐËÍÑŒKLŒÑÎLQŒÑKÎLP‹ŒLKÎLŒKŒL‹ÎLPËB‚LŒLËÎLMËŒMÎLQKŒMKÎPŒŒM‹ÐMËLŒMËÐMŽŒNÐÌÌËŒNKÐÌÐËŒPKÐÌÎKB‚LŒP‹ÐÌËŒPËÐÌÐ‹ŒQÐÑPËŒQKÐÑPKLŒQ‹ÑMÍ‹ŒŒÑMÍKŒŒKÑMÎŒŒ‹ÑMÌB‚LŒŒËÑMÍËŒÑM‘‹ŒKÑMÐKŒ‹ÑMÌ‹LŒËÑMÍŒŽÑMŽŒŽKÑ‹ŒKÑKB‚LŒ‹ÑŽËŒËÑŽ‹Œ‘ÑËŒ‘KÑ‘‘LŒ‘‹Ñ‘‘KŒÌÎŒÌKQËŒÌ‹QKB‚LŒÌËŒÍŒKŒÍKŒËŒÍ‹QP‹LŒÍËQŒKŒÎQQŒÎKQKŒÐKQLKB‚LŒÐ‹QNŒÐËQKŒÑQËŒÑKQPËLŒÑ‹QŒ‹Œ‘QŽŒ‘KQŒ‘‹Q‹B‚LŒ‘ËQLËŒ‘QËŒ‘KQKŒ‘‹QŒLŒ‘ËQM‹Œ‘QQ‹Œ‘KQKŒ‘KQL‹B‚LŒ‘‹Œ‘ËÑKŒ‘ËŒ‘KÑ‹LŒ‘‹ÑËŒ‘LKŒ‘LKËŒ‘L‹‹B‚LŒ‘LË‹Œ‘MÑËŒ‘MKŒ‘M‹Ñ‘‹LŒ‘MËKŒ‘N‹Œ‘NKMŒ‹Œ‘PKMPKB‚LŒ‘P‹MP‹Œ‘PËMMËŒ‘QMŒKŒ‘QKMPËLŒ‘Q‹MNŒ‘ŒMQŒ‘ŒKMNKŒ‘Œ‹NB‚LŒ‘ŒËPËŒ‘P‹Œ‘KQ‹Œ‘‹LLŒ‘ËŒ‘ŽKŒ‘ŽKŒ‘KLËB‚LŒ‘‹M‹Œ‘ËMŒ‘‘‹Œ‘‘KMKLŒÍLKŒÍK‹ŒÍ‹L‹ŒÍËMËB‚LŒÍÍËŒÍKÍÍËŒÍ‹ÍÍ‹ŒÍËÎPKLŒÍ‹ŒÍKËŒÍKKŒÍ‹PËB‚LŒÍËPKŒÍQŒÍKP‹ŒÍ‹M‘LŒÍLMÎŒÍLKMÌËŒÍL‹MKŒÍLËM‘‹B‚LŒÍMMÐ‹ŒÍMKPÌ‹ŒÍM‹L‹ŒÍMËLKLŒÍN‹ŒÍNKLŒÍPKLËŒÍP‹B‚LŒÍPËLMŒÍQLLÑ‹ŒÍQKLPŒŒÍQ‹LPQLŒÍŒLÑKŒÍŒKLÐÍËŒÍŒ‹LÐÑ‹ŒÍŒËLÐÌ‹B‚LŒÍLÑKŒÍKLÑŒÍ‹LÑŽKŒÍËLÑPËLŒÍŽLÐÐËŒÍŽKLÑKŒÍKLÐNKŒÍ‹LÑM‹B‚LŒÍËLÐÐKŒÍ‘LÑŒÍ‘KLÑQKŒÍ‘‹LÑLËLŒÍÌLÑKŒÍÌKLÐÍŒÍÌ‹LÐÑKŒÍÌËLÐÌB‚LŒÍÍLÑ‹ŒÍÍKLÑMËŒÍÍ‹MMÑŒÍÍËMQKLŒÍÎMQ‹ŒÍÎKM‘LKŒÍÐKMÌŽKŒÍÐ‹MÌ‹B‚LŒÍÐËMÌËŒÍÑMÌŽŒÍÑKMÌ‹ŒÐLKMÐŒËLŒÐL‹MÐËŒÐLËMÐ‹ŒÐMMÑŒÐMKMÑKB‚LŒÐM‹MÑ‹ŒÐMËNPËŒÐNNNKŒÐNKNQLŒÐPKNMËŒÐP‹N‘‹ŒÐPËN‘ŒÐQN‹B‚LŒÐQKN‘KŒÐQ‹NMŒÐŒNMËŒÐŒKNMËLŒÐŒ‹NPM‹ŒÐŒËNPMËŒÐPLPKŒÐKPLMKB‚LŒÐ‹PLKŒÐËPLQŒÐŽPLŒÐŽKPLP‹LŒÐKPLŒ‹ŒÐ‹PLŒŒÐËPLËŒÐ‘PLŒËB‚LŒÐ‘KPLQKŒÐ‘‹PLPËŒÐÌPLMŒÐÌKPPÌ‹LŒÐÌ‹PŒ‹ŒÐÌËPŒKŒÐÍPŒKŒÐÍKPŒËB‚LŒÐÍ‹PŒÍËŒÐÍËP‘PKŒÐÎP‘P‹ŒÐÎKP‘LLŒÐÐKP‘KŒÐÐ‹P‘MŒÐÐËP‘M‹ŒÐÑP‘L‹B‚LŒÐÑKP‘ŒŒÐÑ‹P‘ŒÑP‘ËŒÑKP‘PËLŒÑ‹P‘ËŒÑËP‘KŒÑP‘MKŒÑKP‘KB‚LŒÑ‹P‘LKŒÑËP‘KŒÑQÍËŒÑKQKLŒÑKQKŒÑ‹QŒÑËQŒÑQÌKB‚LŒÑKQŒÑ‹QÎŒÑLQ‹ŒÑLKQ‹LŒÑL‹QËŒÑLËQÑŒÑMQ‹ŒÑMKQÍB‚LŒÑM‹QÍKŒÑMËQÌŒÑNQŽKŒÑNKQKLŒÑPKQÌËŒÑP‹QÐ‹ŒÑPËQ‹ŒÑQQ‘‹B‚LŒÑQKQÎKŒÑQ‹QÑ‹ŒÑŒQËŒÑŒKQŽLŒÑŒ‹QNMŒÑŒËQNLKŒÑQPÌŒÑKQQËB‚LŒÑ‹QŒ‘ŒÑËQŒÑŽQKŒÑŽKQLŒÑKQM‹ŒÑ‹QMËŒÑËQNŒÑ‘LÌÍËB‚LŒÑ‘KMŒ‹MKKMŒË‹NLËLËPKQÍ‹KQÍË‹QQQKB‚LËQQQ‹QÌKQÌKKŒQŽKL‹LMËËLM‹LMKKLLËB‚L‹Q‹L‘NLK‘LËL‹‘MLLËQŒËMQŒMKQPKM‹QNB‚LMËQŽKNQŒKNKQQKPKQQ‹LP‹ÌÐËPËÌÍKQÌ‘‹QKÌÍËB‚LQ‹ÌÍŒÌÌKŒKÌ‹Œ‹ÌÎLŒËÌÑ‹ÌÐKKÌÎK‹ÌB‚LËÌÐ‹ŽÌÌËŽKÌKKÌŒLËL‹ÌŒMËÌN‘ÌÍÑ‘KÌÍÐËB‚L‘‹ÍKÌÍP‹ÌKÍPKÌ‹Í‘KLÌËÍ‘QÍÍÐÐËÍKÍÐÑKÍ‹ÍÐÑ‹B‚LÍËÍÐÑÎÍÑŒ‹ÎKÎLKÐKÎLŒËLÐ‹ÎLËÐËÎLŽÑÎLÑKÎLŽKB‚LLKÎPŒ‹L‹ÐM‘KLËÐMËMÐM‘LMKÐQËM‹ÐÍKMËÐÍNÐÍKB‚LNKÐÍËPKÐÍKP‹ÐÑQKPËÑMÐ‹LQÑMÑKQKÑNKQ‹ÑNŒÑKB‚LŒKÑ‘‘‹Œ‹ÎKŒËQ‹QKLKŒ‹‹ŽËŽKŽŒŒ‹B‚LŽKQ‘‹KŒK‹Q‘KËŒP‹L‘Œ‘KQ‹‘‹ŒÌŒKB‚LÌKŒKÌ‹ŒËÌËQ‘ÍNKLÍKLÍ‹LKÍËMËÎLËB‚LÎKM‹ÐKMŒËÐ‹M‹ÐËPŽKLÑQËÑKŒÑ‹KQB‚LKŽ‹ŒËËKËLK‘‹QKËN‹NB‚LKNKNK‹M‹ËMËLMKKN‹PKLLB‚LLKLMËL‹LMKLËLPËMLPKLMKLPŒ‹M‹LPŒËMËM‹NMLËB‚LNKLÑ‹PKMŒP‹M‹PËMMLQLÑ‘KQKMMKQ‹MLŒMŽB‚LŒKMNKŒ‹MŒËLÑKMLKLÑË‹MËËMKŽMM‹B‚LŽKML‹KLÑK‹MKËLÑŽL‘MK‘KLÑ‘‹MLÑËMKMËB‚LM‹LÑ‹MËMLKMM‹MKMQKLM‹MQLMËMQ‹MMÌ‘KMKMÌ‘‹B‚LMKMÐŽKM‹MÐ‹MËMÑ‘MMÑ‘KLMKNŒM‹NŒ‹MLNŒËMLKNQ‹B‚LML‹NÌKMLËNÌ‹MMNMLMMKNMKLMM‹NMNKMMËNMËMNNM‹MNKNMLËB‚LMPKPLÌ‹MP‹PLÍMPËPLÌKMQPLËLMQKPLKMQ‹PLÍ‹MŒPLŽKMŒKPL‘KB‚LMŒ‹PLÎMŒËPL‘MPPÍËMKPPÐKLM‹PPÍ‹MËPŒLMŽPŒL‹MŽKPŒLKB‚LMKPÌ‹M‹PÌMËP‘ËM‘PÌKLM‘KPÌL‹M‘‹P‘ŽMÌPÍMÌKPÌËB‚LMÌ‹PÌKMÌËPÌ‹MÍPÌMËMÍKPÌMLMÍ‹PÌKMÍËQQ‹MÎQNKMÎKQMB‚LMÐKQQMÐ‹QL‹MÐËQNMÑQLLMÑKQP‹PLKQLPL‹QMPLËQPËB‚LPMQPKPMKQMËPM‹QLKPMËQPKLPNQL‹PNKQNPPKQQKPP‹QLËB‚LPPËQ‘‹PQQNKPQKQM‹PQ‹QM‹LPŒQMËPŒKQNNKPŒ‹QNP‹PŒËQNPKB‚LPQQMKPKQQMP‹QQMËPËQQM‹LPŽQŒÌPŽKQŒ‘KPKQP‹P‹QŒB‚LPËQQKP‘QQP‘KQNKP‘‹QŽLKLPÌLLÐKPÌKLLÎKPÌ‹LŽNPÌËLŽMËB‚LPÍMÌËPÍKM‘PÍ‹M‘KPÍËPLPÎPËPÎKQÐ‹PÐKQÑ‹PÐ‹QQŒKB‚LPÐËŒQ‘PÑLP‹PÑKŒ‹PÑ‹QËLQŒËQKQŽQ‹ŒQËÌËB‚LQÌQKÌKQ‹ÌQËÌKLQÌKQKÌ‹QKÌŒQQ‹ÌŒPKB‚LQËÌŒNKQÌÍÑKQKÍLMËQ‹ÍKLQLÍÑQLKÎL‘QL‹ÎLÌKQLËÎL‘‹B‚LQMÐÍMQMKÐÍLËQM‹ÐÑŒ‹QMËÑNKLQNÑNËQNKÑNQPKÑN‹QP‹ÑN‹B‚LQPËÑNQQÑQQKÑ‹QQ‹ÌLQŒQQŒKŒNQŒ‹ŒKQŒËŒ‹B‚LQŒQ‹QKŒŒËQ‹ŒPËQËŒNKLQŽŒËQŽKŒ‘KQKŒŒKQ‹ŒŒB‚LQËŒŽKQ‘ŒQKQ‘KŒKŽKLKQ‹P‹ËŒB‚LKPË‹‹ËKM‘LKMŽKKM‘K‹M‹ËQKB‚LÎKKÎ‹KLÐKLLKÐ‹L‹LLËMMQ‹B‚LMKNKM‹NËMËQKNP‹LNKQPKLM‹P‹LMPËLMKB‚LQLPŽKQKMÑ‹Q‹MÐ‹ŒMÍ‹LŒKMŽKŒ‹MÑŒËMÐËMÌB‚LKMÎK‹MKËMÍËŽMËLŽKMKMÌK‹MQMKËMQMB‚L‘MQLË‘KMÌÍK‘‹MÌÐKÌMÐ‘‹LÌKMÑLKÌ‹NÌËNÎKÍNÍ‹B‚LÍKNÌÍ‹NMNÍËNMM‹ÎPLÎKLÎKPLÑÐKPM‹Ð‹PMÐËPM‹B‚LÑPMKÑKPLÐKLKPLÑ‹L‹PPÑLLËPŒMKMPŒMËMKPŒNM‹PŒM‹B‚LMËPŒÐKNPL‹NKPÌ‹PKPÌQLP‹PÌPËPËPÌËQPÌŒËQKPÌŽB‚LQ‹PÌŽKŒPÌŒKPÌŒKŒ‹QËLŒËQ‹QËKQÌK‹QÍËB‚LËQÐKŽQÑ‹ŽKQ‘KKQÍKL‹QÌËËQ‹‘QK‘KQÑKB‚L‘‹QŽKÌQKÌKQPËÌ‹QÎLÌËQŒKÍQQÍKQÐËÍ‹QŒËB‚LÍËQÑÎQŒ‹ÎKQMÐKÐKQNPËLÐ‹QQP‹ÐËQQQKÑQQQÑKQŒP‹B‚LÑ‹QŒN‘QŒPK‘KQŒÌK‘‹QKL‘ËQK‘Q‘KQŽL‹‘‹PŽKB‚L‘ËMÍ‹‘MÍK‘KMÐ‹‘KNMÌKL‘‹P‹‘ËPË‘QK‘KQKB‚L‘‹QQŒ‹‘LLŒK‘LKLŒ‘L‹L‹L‘LËLŒ‹‘MŒ‹‘MKŒ‘M‹ŒKB‚L‘MËÌ‘NÌMK‘NKÌM‹‘PKÌMËL‘P‹ÌL‹‘PËÌŒQK‘QÌŒQ‹‘QKÌNKB‚L‘Q‹ÌÍÑ‹‘ŒÍ‘ŒKÍK‘Œ‹ÍKL‘ŒËÍË‘Í‘‘KÍQ‘‹ÎLÍKB‚L‘ËÎP‘ŽÐMÌ‘ŽKÐMÌK‘KÐÍMËL‘‹ÐÍPË‘ËÐÍNK‘‘ÐÍP‹‘‘KÐÍPKB‚LÍÐÑÍKÐÑŒKÍ‹ÑNLKÍËÑ‹LÍÑŽËÍKQKÍ‹‹ÍËŒÍB‚LÍŒÍKÍKŒÌËÍKŒËÍ‹ŒÌ‹LÍËŒÍ‹ÍËÍKŽÍ‹‹B‚LÍLKÍLKKÍL‹MÌKÍLËP‘‹LÍMP‘KÍMKQ‹ÍM‹ÑKÍMËŽB‚LÍNŽ‹ÍNKŽ‹ÍPKŽKÍP‹Ñ‹LÍPËMKÍQNMKÍQKNMÍQ‹NPKB‚LÍŒNL‹ÍŒKNLÍŒ‹NM‹ÍŒËNMËLÍŒÍKŒ‹Í‹LMËÍËMËB‚LÍŽMLÍŽKMKÍKM‹Í‹M‹LÍËMËÍ‘MKÍ‘KMÍ‘‹MKB‚LÍÌM‹ÍÌKMÌÑ‹ÍÌ‹MÑLËÍÌËNKLÍÍNŽKÍÍKNÐ‹ÍÍ‹NMMÍÍËNMP‹B‚LÍÎPMKÍÎKPMLËÍÐKPMMÍÐ‹PMËLÍÐËPM‹ÍÑPMÍÑKPMKÐLKPMKB‚LÐL‹PML‹ÐLËPMLÐMPQÐMKPŒNKLÐM‹PŒ‹ÐMËPŒÐ‹ÐNPM‹ÐNKPMKB‚LÐPKPÍ‹ÐP‹PÍÐPËPÌÑ‹ÐQPÍLÐQKPÌÎKÐQ‹PÌÌËÐŒPÍKÐŒKPÌÐËB‚LÐŒ‹PÌÍËÐŒËPÌÍÐPÌÌ‹ÐKPÌÑLÐ‹PÌÍ‹ÐËQ‹ÐŽQ‹ÐŽKQKB‚LÐKQKÐ‹QÐ‹ÐËQÐ‘QËLÐ‘KQKÐ‘‹Q‹ÐÌQNKÐÌKQKB‚LÐÌ‹QÐÌËQ‹ÐÍQKÐÍKQKLÐÍ‹QÐÍËQP‹ÐÎQQŒÐÎKQŒÍKB‚LÐÐKQŒÌËÐÐ‹QŒÌ‹ÐÐËQ‹ÐÑQ‹LÐÑKQŽMKÐÑ‹QL‹ÑLLÑÑKLŽNKB‚LÑ‹NNÑËNMËÑNMÌ‹ÑKPLÑ‹QÑË‘‹ÑQ‹ÑKŒŒKB‚LÑKŒŒËÑ‹ŒŒÑËLŽKÑLKLÑKNM‹Ñ‹‘P‹ÑLŒLKÑLKŒL‹B‚LÑL‹Œ‹ÑLËÐKÑMÌP‹ÑMKÌPKLÑM‹ÌŒŒ‹ÑMËÌÎ‹ÑNÌÎKÑNKÌÎËB‚LÑPKÍÌÑP‹ÍÑÑPËÐÍËÑQÐÍ‹LÑQKÑNMKÑQ‹ËÑŒŒÐKÑŒKB‚LÑŒ‹ŒÎKÑŒËŒÐËÑŒÌKÑKŒÐ‹LÑ‹ŒÑKÑËÌÑŽÌ‹ÑŽK‘KB‚LÑKÌËÑ‹MÍ‹ÑËMÍÑ‘MÌËLÑ‘KQ‘KŽŽËŽKŽKŽ‹Ž‹B‚LŽËŽŽÍKŽKNKŽ‹NNLŽËŽŒËŽKLPËŽKMŒ‹B‚LŽ‹MMKŽËMQŽMMËŽKMQKLŽ‹MÐÍŽLMÐÍKŽLKNŽL‹PMM‹B‚LŽLËPMNKŽMPŒQKŽMKPŒQ‹ŽM‹PŒŒLŽMËPÍL‹ŽNPÍNŽNKPÍLŽPKPÍKB‚LŽP‹PÍŽPËPÍ‹ŽQPÍMKŽQKPÍNKLŽQ‹PÍËŽŒPÍKŽŒKQ‹ŽŒ‹QËB‚LŽŒËQQ‹ŽQLËŽKQP‹Ž‹QŽLŽËQMŽŽQ‹ŽŽKQLKŽKQQKB‚LŽ‹QM‹ŽËQŒ‹Ž‘QŒŽ‘KQL‹LŽ‘‹QPËŽÌQŽÌKQŒËŽÌ‹QNB‚LŽÌËQQŽÍQPÌ‹ŽÍKQQŽÍ‹QQŒ‹LŽÍËQQŒËŽÎQŒ‹ŽÎKQŒPËŽÐKQŒÎB‚LŽÐ‹QŒÍËŽÐËQŒÍ‹ŽÑQËŽÑKQ‹LŽLKQÌKŽL‹QÌŽLËQ‘KŽMQ‘‹B‚LŽMKM‘ËŽM‹MÑŽMËPKŽNPÍ‘LŽNKL‘ŽPK‘QŽP‹‘QKŽPËŒLËB‚LŽQÌQ‹ŽQKÌŒKŽQ‹ÌQŽŒÌŒLŽŒKÌŒŒËŽŒ‹Í‹ŽŒËÍMKŽÍÑKB‚LŽKÎLÎŽ‹ÎPËŽËÎP‹ŽŽÐÍKLŽŽKÑNMËŽKÑŽKŽ‹‘ŽËËB‚LŽ‘ÎŽ‘KÍËŽ‘‹ÍKŽÌ‹LŽÌKŽMŽÌ‹ŽMKŽÌËNQKŽÍNQ‹B‚LŽÍKPLŽÍ‹NQŽÍËLP‘KŽÎLP‘LŽÎKLPÌ‹ŽÐKM‹ŽÐ‹MŽŽÐËMŽKB‚LŽÑM‘MKŽÑKMÍ‹ŽÑ‹MÍËŽMÍËLŽKMÐÍËŽ‹MÑMKŽËPMQKŽPQKB‚LŽKPNKŽ‹PÍŒËŽËPÍËŽPÍ‹LŽKPÍŒ‹ŽKPÍQKŽ‹PÍŒŽËQL‹B‚LŽQ‘KŽKQLËŽ‹QLËŽLQL‹LŽLKQLKŽL‹QLŽLËQLKŽMQLKB‚LŽMKQ‘‹ŽM‹Q‘ŽMËQLŽNQPLLŽNKQŒQKŽPKQ‹ŽP‹QÍŽPËQÍKB‚LŽQQÍ‹ŽQKM‘ŽQ‹L‘KŽŒPŽLŽŒKŒNŽŒ‹ŒNKŽŒËŒMËŽŒPKB‚LŽKÌŒ‹Ž‹ÌŒ‹ŽËÌPKŽŽÍÑLŽŽKÍÑKŽKÎLÎKŽ‹ÐÍŽKŽËÐÍ‹B‚LŽ‘ÐÑ‹Ž‘KÑNPKŽMÑNNŽMKÑNP‹LŽM‹ÑNNKŽMËQLŽMQLKŽMK‹B‚LŽM‹ËŽMËŽMMÎKŽMKMÐKLŽMKMÐËŽM‹MÐ‹ŽMËQ‘‹ŽMŽNB‚LŽMKŽNKŽM‹PMKŽMLPMŽMLKPLËLŽML‹M‘KŽMLËM‘ŽMMM‘‹ŽMMKMÌKB‚LŽMM‹MÌËŽMMËMÍKŽMNNÌ‹ŽMNKNMQ‹LŽMPKPÍŽŽMP‹PÍ‘KŽMPËPÍ‘ŽMQQL‹B‚LŽMQKQLŽMQ‹QLLŽMŒQL‹ŽMŒKQLL‹LŽMŒ‹QLLKŽMŒËQPLKŽMQQKŽMKQŒKB‚LŽM‹QËŽMËQÎŽMŽQÐ‹ŽMŽKQÐKLŽMKQÎKŽM‹MÌQKŽMËÌ‹ŽM‘ÐÍ‘‹B‚LŽM‘KÐËŽM‘‹Œ‹ŽMÌPM‹ŽMÌKLPÌËLŽMÌ‹MÍŽMÌËMÎŽMÍMÍ‹ŽMÍKMÍKB‚LŽMÍ‹PMŒŽMÍËPÍÍŽMÎPÍÌËŽMÎKPÍÌKLŽMÐKPÍÍKŽMÐ‹QLMŽMÐËQLLËŽMÑQQ‹B‚LŽMÑKQŒKŽPLKQMŽPL‹ÌŽŽPLËÌKLŽPMÐÑËŽPMKKŽPM‹ÑKŽPMËÑB‚LŽPNÑ‹ŽPNKŽQKŽPPKÎPËŽPP‹PNKLŽPPËPÎKŽPQMÍ‹ŽPQKNÌËŽPQ‹NÍB‚LŽPŒNÐËŽPŒKNMŒKŽPŒ‹NPP‹ŽPŒËPMLŽPPM‹ŽPKPMËŽP‹PŒŽPËQLMKB‚LŽPŽQLMËŽPŽKQŽPKŒŒËŽP‹ŒQKLŽPËÌŒËŽP‘ËŽP‘KPNŽP‘‹M‹B‚LŽPÌMŽPÌKMKŽPÌ‹PMŽKŽPÌËPMŽLŽPÍPŒ‘KŽPÍKQLNKŽPÍ‹ÌŒŽKŽPÍË‹B‚LŽPÎŽQ‹ŽPÎKMËŽPÐKPÍÎKŽPÐ‹QPËLŽPÐËÍÍKŽPÑPM‹ŽPÑKPÍÐKŽPÑ‹QLQB‚LŽQÌŽKŽQKÌKŽQ‹QPMŽQËQÑKLŽQQKŽQKQŽNŽQ‹ÎKŽQËLŽKB‚LŽQÑ‹ŽQKN‹ŽQKŒL‹ŽQ‹ÐÐMËLŽQËPQKŽQMMŽQKM‹ŽQ‹MMËB‚LŽQLMŒŽQLKMËŽQL‹MŒËŽQLËMPKLŽQMMŽKŽQMKMQŽQM‹ML‹ŽQMËMB‚LŽQNMMKŽQNKMQKŽQPKMKŽQP‹MŒKLŽQPËMNŽQQMËŽQQKMP‹ŽQQ‹MLËB‚LŽQŒMKŽQŒKMM‹ŽQŒ‹MQ‹ŽQŒËM‹LŽQMŒ‹ŽQKMNKŽQ‹MŽŽQËMPËB‚LŽQŽMLKŽQŽKMLŽQKM‘ŽQ‹M‘KLŽQËMÌŽQ‘M‘‹ŽQ‘KNLËBŸNÃBˆÙ[™YƒBƒBˆÚYˆ‘—ÐÓÑWÔQÑHOHÍÈ‘—ÐÓÑWÔQÑHOHBœÝ]XÈÛÛœÝÐÒTˆXÍÍÖ×HHÂKÊˆÔÍÊK”ËŠHÈ[šXÛÙHÛÛ™\œÚ[ÛˆX›H
‹ÃB‚LÍËËNKL‹MLMKMËPKP‹NQ‹QKPËÍÍKB‚LÎKM‹Í‹‹Œ‹‹ŽK‘‹‹ËL‹LËMKŒMËNL‹B‚LLKQŒËKŒKKPKK‘‹ŒÌLPË‘ËLKP‹‹B‚LNLKNL‹NLËL‹LMŒKMŒ‹MM‹MMKMŒËMLKMMËMQMPËMP‹LLB‚LLMLÍLËLPËLLÐËMQKMQ‹MPKMMMŽKM‹MŒMLMËMËB‚LMŽMMKMNKMNML‹MLËM‹MKLNLËNNNËNLNB‚LÐŒK‹ÎLËÐÌÐLËÐÌËKÐÍÐM‹ÎNÐNKÐŒŒQKÐÍ‹ÐKŒŒŽKB‚LŒŒKŒKŒKŒŒÌŒŒÌŒKËŒŒŒŒNKËŒŒPKŒÑ‹Œ‹PLLBŸNÃBˆÙ[™YƒBˆÚYˆ‘—ÐÓÑWÔQÑHOHÌŒ‘—ÐÓÑWÔQÑHOHBœÝ]XÈÛÛœÝÐÒTˆXÍÌŒ×HHÂKÊˆÔÌŒ
\˜XšXÊHÈ[šXÛÙHÛÛ™\œÚ[ÛˆX›H
‹ÃB‚LNKL‹LMËPKP‹NQ‹QKB‚LLKL‹M‹ŽKŒŒKŒŒ‹ŒŒËŒLËŒKŒ‹ŒËB‚LŒŽŒŽKŒKŒ‹ŒËŒ‘Œ‘KŒ‘‹ŒÌŒÌKŒÌ‹ŒÌËŒÍŒÍKP‹‹B‚LNLKNL‹NLËL‹LMŒKMŒ‹MM‹MMKMŒËMLKMMËMQMPËMP‹LLB‚LLMLÍLËLPËLLÐËMQKMQ‹MPKMMMŽKM‹MŒMLMËMËB‚LMŽMMKMNKMNML‹MLËM‹MKLNLËNNNËNLNB‚LŒÍ‹ŒÍËŒÎŒÎKŒÐKKK‹ËK‹ËKKB‚LŒŒK‹ËK‹LŒŒŒŒNKËŒŒPKŒÑ‹Œ‹PLLBŸNÃBˆÙ[™YƒBˆÚYˆ‘—ÐÓÑWÔQÑHOHÌÍÈ‘—ÐÓÑWÔQÑHOHBœÝ]XÈÛÛœÝÐÒTˆXÍÌÍÖ×HHÂKÊˆÔÌÍÊÜ™YZÊHÈ[šXÛÙHÛÛ™\œÚ[ÛˆX›H
‹ÃB‚LÎLKÎL‹ÎLËÎMÎMKÎM‹ÎMËÎNÎNKÎPKÎP‹ÎPËÎQÎQKÎQ‹ÐLB‚LÐLKÐLËÐMÐMKÐM‹ÐMËÐNÐNKÐŒKÐŒ‹ÐŒËÐÐKÐ‹ÐËÐŽB‚LÐŽKÐKÐ‹ÐËÐ‘Ð‘KÐ‘‹ÐÌÐÌKÐÌËÐÌ‹ÐÍÐÍKÐÍ‹ÐÍËÐÎB‚LNLKNL‹NLËL‹LMŒKMŒ‹MM‹MMKMŒËMLKMMËMQMPËMP‹LLB‚LLMLÍLËLPËLLÐËMQKMQ‹MPKMMMŽKM‹MŒMLMËMËB‚LMŽMMKMNKMNML‹MLËM‹MKLNLËNNNËNLNB‚LÐÎKÐPËÐQÐQKÐÐKÐQ‹ÐÐËÐÑÐÐ‹ÐÑKÎ‹ÎÎKÎKÎËÎKB‚LÎ‹ŒKŒKŒÐPKÐP‹ËŒŒŒŒNKËŒŒPKŒÑ‹Œ‹PLLBŸNÃBˆÙ[™YƒBˆÚYˆ‘—ÐÓÑWÔQÑHOHÍÌH‘—ÐÓÑWÔQÑHOHBœÝ]XÈÛÛœÝÐÒTˆXÍÍÌV×HHÂKÊˆÔÍÌJÐ“
HÈ[šXÛÙHÛÛ™\œÚ[ÛˆX›H
‹ÃB‚LLLKL‹LËMMKM‹MËNNKPKP‹PËQQKQ‹B‚LŒŒKŒ‹ŒËK‹ËŽŽKK‹Ë‘‘K‘‹B‚LÌÌKÌ‹ÌËÍÍKÍ‹ÍËÎÎKÐKÐ‹ÐËÑÑKÑ‹B‚LNLKNL‹NLËL‹LMŒKMŒ‹MM‹MMKMŒËMLKMMËMQMPËMNLLB‚LLMLÍLËLPËLLÐËMQKMQ‹MPKMMMŽKM‹MŒMLMËMËB‚LMŽMMKMNKMNML‹MLËM‹MKLNLËNLLKLËLB‚LK‹ËK‹ËKK‹ËK‹B‚LLNLNKLM‹LMËL‘KL‘‹MŒMŒKMÌ‹MÌËMKM‹MÑMÑKPLLBŸNÃBˆÙ[™YƒBˆÚYˆ‘—ÐÓÑWÔQÑHOHÍÍH‘—ÐÓÑWÔQÑHOHBœÝ]XÈÛÛœÝÐÒTˆXÍÍÍV×HHÂKÊˆÔÍÍJ˜[XÊHÈ[šXÛÙHÛÛ™\œÚ[ÛˆX›H
‹ÃB‚LL‹ËNKLKMLŒËMKLËM‹LLËMM‹MMËL‹MÎKÍÍKB‚LÎKM‹Í‹M‹LŒ‹L‹MPKMP‹‹ËŽLËËMB‚LLLKŒËMÐ‹MÐËMÐKŒQM‹NKQKPË‘ËMKP‹‹B‚LNLKNL‹NLËL‹LLLËLNLM‹MŒËMLKMMËMQL‘KMŒLLB‚LLMLÍLËLPËLLÐËMÌ‹MKMPKMMMŽKM‹MŒMLMËMÑB‚LLKLLNKLMËL‘‹MŒKMÌËM‹MÑKLNLËNNNËNLNB‚LË‹MËMËKKKMLÍ‹LÍËLÐ‹LÐËM‹LL‹MKŒNKB‚LQŒKŒPË‘K‹MËËŒQKŒŒŒNKËŽKŒËŒ‹PLLBŸNÃBˆÙ[™YƒBˆÚYˆ‘—ÐÓÑWÔQÑHOHL‘—ÐÓÑWÔQÑHOHBœÝ]XÈÛÛœÝÐÒTˆXÎL×HHÂKÊˆÔL
][ˆJHÈ[šXÛÙHÛÛ™\œÚ[ÛˆX›H
‹ÃB‚LÍËËNKL‹MLMKMËPKP‹NQ‹QKPËÍÍKB‚LÎKM‹Í‹‹Œ‹‹ŽK‘‹‹ËŽLËËNL‹B‚LLKQŒËKŒKKPKK‘‹QKPË‘ËLKP‹‹B‚LNLKNL‹NLËL‹LÌKÌ‹ÌNKMŒËMLKMMËMQL‹MKLLB‚LLMLÍLËLPËLLÐËLËÌËMPKMMMŽKM‹MŒMLMËMB‚LŒÐKÐ‹ÎLÌKÑÑKÑ‹LNLËNNM‹ÐËNB‚LË‹‹KKK‘KKK‹K‘Q‹B‚LQŒKŒMË‘K‹MËËŽŒNËŽKŒËŒ‹PLLBŸNÃBˆÙ[™YƒBˆÚYˆ‘—ÐÓÑWÔQÑHOHLˆ‘—ÐÓÑWÔQÑHOHBœÝ]XÈÛÛœÝÐÒTˆXÎL–×HHÂKÊˆÔLŠ][ˆŠHÈ[šXÛÙHÛÛ™\œÚ[ÛˆX›H
‹ÃB‚LÍËËNKL‹MM‘‹LËMËM‹P‹MLMLKQKMÎKÍL‹B‚LÎKLÎKLÐK‹LÑLÑKMPKMP‹‹ËMMKMKËLB‚LLKQŒËKLLKMÑMÑKLNLNKPËMÐKLËMQ‹P‹‹B‚LNLKNL‹NLËL‹LÌKÌ‹LPKMQKMŒËMLKMMËMQMÐ‹MÐËLLB‚LLMLÍLËLPËLLÐËL‹LËMPKMMMŽKM‹MŒMLMËMB‚LLLKLLLKÐ‹L‹MËÑÑKLP‹LNLËNNMŒ‹M‘KNB‚LË‹MËMMMŒMŒKMMKMMKMÌ‘MŒËB‚LQ‘‘‹ÍË‘MËËŽŒN‘KMÌKMNMNKPLLBŸNÃBˆÙ[™YƒBˆÚYˆ‘—ÐÓÑWÔQÑHOHMH‘—ÐÓÑWÔQÑHOHBœÝ]XÈÛÛœÝÐÒTˆXÎMV×HHÂKÊˆÔMJÞ\š[XÊHÈ[šXÛÙHÛÛ™\œÚ[ÛˆX›H
‹ÃB‚LL‹‹LËËLKKMMKKM‹‹MËËNB‚LNKKPKKP‹‹PËËQKKQ‹‹K‘KKKB‚LÌLÌKLK‹‹ÍMÍKMKÌËLËP‹‹B‚LNLKNL‹NLËL‹LKKÎNMŒËMLKMMËMQÎKNKLLB‚LLMLÍLËLPËLLÐËÐKPKMPKMMMŽKM‹MŒMLMËMB‚LÐ‹P‹ÐËPËÑQÑKQKÑ‹LNLËNNQ‹‹NB‚L‘‹ŒKŒK‹Œ‹ËŒËÍ‹M‹Ì‹L‹ËËŒLM‹B‚LQ‹‹ÍËMËŽ‘KŽKËËMËPLLBŸNÃBˆÙ[™YƒBˆÚYˆ‘—ÐÓÑWÔQÑHOHMÈ‘—ÐÓÑWÔQÑHOHBœÝ]XÈÛÛœÝÐÒTˆXÎMÖ×HHÂKÊˆÔMÊ\šÚ\Ú
HÈ[šXÛÙHÛÛ™\œÚ[ÛˆX›H
‹ÃB‚LÍËËNKL‹MLMKMËPKP‹NQ‹QKLÌKÍÍKB‚LÎKM‹Í‹‹Œ‹‹ŽKLÌ‹ËŽLËMQKMQ‹B‚LLKQŒËKŒKKLQKLQ‹‘‹QKPË‘ËLKP‹‹B‚LNLKNL‹NLËL‹LÌKÌ‹ÌNKMŒËMLKMMËMQL‹MKLLB‚LLMLÍLËLPËLLÐËLËÌËMPKMMMŽKM‹MŒMLMËMB‚LKPKÐKÐ‹ÎÑÑKÑ‹LNLËNNM‹ÐËNB‚LË‹‹KKKËK‹KPË‘‹Q‹B‚LQŒK‘K‹MËËŽŒNËŽKŒËŒ‹PLLBŸNÃBˆÙ[™YƒBˆÚYˆ‘—ÐÓÑWÔQÑHOHŒ‘—ÐÓÑWÔQÑHOHBœÝ]XÈÛÛœÝÐÒTˆXÎŒ×HHÂKÊˆÔŒ
ÜYÝY\ÙJHÈ[šXÛÙHÛÛ™\œÚ[ÛˆX›H
‹ÃB‚LÍËËNKL‹LËLÌKMËPKÐKNÑPËÌËÌ‹B‚LÎKÌÎKŒ‹KŽKÐËKËL‹LËKŒMËËB‚LLKQŒËKŒKKPKK‘‹‹PË‘ËLKP‹‹B‚LNLKNL‹NLËL‹LMŒKMŒ‹MM‹MMKMŒËMLKMMËMQMPËMNLLB‚LLMLÍLËLPËLLÐËMQKMQ‹MPKMMMŽKM‹MŒMLMËMËB‚LMŽMMKMNKMNML‹MLËM‹MKLNLËNNNËNLNB‚LÐŒK‹ÎLËÐÌÐLËÐÌËKÐÍÐM‹ÎNÐNKÐŒŒQKÐÍ‹ÐKŒŒŽKB‚LŒŒKŒKŒKŒŒÌŒŒÌŒKËŒŒŒŒNKËŒŒPKŒÑ‹Œ‹PLLBŸNÃBˆÙ[™YƒBˆÚYˆ‘—ÐÓÑWÔQÑHOHŒH‘—ÐÓÑWÔQÑHOHBœÝ]XÈÛÛœÝÐÒTˆXÎŒV×HHÂKÊˆÔŒJXÙ[[™XÊHÈ[šXÛÙHÛÛ™\œÚ[ÛˆX›H
‹ÃB‚LÍËËNKL‹MLM‹MËPKP‹NŒKÍÍKB‚LÎKM‹Í‹‹‘K‹‘‹ËŽLËŒMËNL‹B‚LLKQŒËKÌKÑËK‘‹ŒÌLPË‘ËLKP‹‹B‚LNLKNL‹NLËL‹LMŒKMŒ‹MM‹MMKMŒËMLKMMËMQMPËMP‹LLB‚LLMLÍLËLPËLLÐËMQKMQ‹MPKMMMŽKM‹MŒMLMËMËB‚LMŽMMKMNKMNML‹MLËM‹MKLNLËNNNËNLNB‚LÐŒK‹ÎLËÐÌÐLËÐÌËKÐÍÐM‹ÎNÐNKÐŒŒQKÐÍ‹ÐKŒŒŽKB‚LŒŒKŒKŒKŒŒÌŒŒÌŒKËŒŒŒŒNKËŒŒPKŒÑ‹Œ‹PLLBŸNÃBˆÙ[™YƒBˆÚYˆ‘—ÐÓÑWÔQÑHOHŒˆ‘—ÐÓÑWÔQÑHOHBœÝ]XÈÛÛœÝÐÒTˆXÎŒ–×HHÂKÊˆÔŒŠXœ™]ÊHÈ[šXÛÙHÛÛ™\œÚ[ÛˆX›H
‹ÃB‚LQQKQ‹QËQQKQ‹QËQQKQKQ‹QËQQKQ‹B‚LQLQLKQL‹QLËQMQMKQM‹QMËQNQNKQPKL‹LËMKŒMËNL‹B‚LLKQŒËKŒKKPKK‘‹ŒÌLPË‘ËLKP‹‹B‚LNLKNL‹NLËL‹LMŒKMŒ‹MM‹MMKMŒËMLKMMËMQMPËMP‹LLB‚LLMLÍLËLPËLLÐËMQKMQ‹MPKMMMŽKM‹MŒMLMËMËB‚LMŽMMKMNKMNML‹MLËM‹MKLNLËNNNËNLNB‚LÐŒK‹ÎLËÐÌÐLËÐÌËKÐÍÐM‹ÎNÐNKÐŒŒQKÐÍ‹ÐKŒŒŽKB‚LŒŒKŒKŒKŒŒÌŒŒÌŒKËŒŒŒŒNKËŒŒPKŒÑ‹Œ‹PLLBŸNÃBˆÙ[™YƒBˆÚYˆ‘—ÐÓÑWÔQÑHOHŒÈ‘—ÐÓÑWÔQÑHOHBœÝ]XÈÛÛœÝÐÒTˆXÎŒÖ×HHÂKÊˆÔŒÊØ[˜YX[ˆœ™[˜Ú
HÈ[šXÛÙHÛÛ™\œÚ[ÛˆX›H
‹ÃB‚LÍËËNKL‹Ì‹L‹MËPKP‹NQ‹QKPËŒMËÌB‚LÎKÎÐKÐ‹Ñ‹‹ŽKMËL‹LËK‹NL‹B‚LM‹ŒËKN‹ŒËQ‹ÑKÌŒLPË‘Ë‘KP‹‹B‚LNLKNL‹NLËL‹LMŒKMŒ‹MM‹MMKMŒËMLKMMËMQMPËMP‹LLB‚LLMLÍLËLPËLLÐËMQKMQ‹MPKMMMŽKM‹MŒMLMËMËB‚LMŽMMKMNKMNML‹MLËM‹MKLNLËNNNËNLNB‚LÐŒK‹ÎLËÐÌÐLËÐÌËKÐÍÐM‹ÎNÐNKÐŒŒQKÐÍ‹ÐKŒŒNKB‚LŒŒKŒKŒKŒŒÌŒŒÌŒKËŒŒŒŒNKËŒŒPKŒÑ‹Œ‹PLLBŸNÃBˆÙ[™YƒBˆÚYˆ‘—ÐÓÑWÔQÑHOH‘—ÐÓÑWÔQÑHOHBœÝ]XÈÛÛœÝÐÒTˆXÎ×HHÂKÊˆÔ
\˜XšXÊHÈ[šXÛÙHÛÛ™\œÚ[ÛˆX›H
‹ÃB‚LŒËŒŒNKŒŒPKNL‹LL‹LÐËLLËLPËLÍLLLËLMLNB‚LÐŒ‹ŒŒQKÐÍ‹ŒK‘ËŒP‹‹‘QË‘QŽ‘Q‹‘QËB‚LLQ‘N‹LËM‘NŒPË‘NK‘N‹‘NMK‘NNKŒË‘NQ‘PLK‘PMKB‚LŒŒKŒ‹ŒËK‹ËŽŽK‘QKŒP‹‘PŒK‘PK‘PŽKŒQ‹B‚LL‹‘N‘NK‘NË‘NK‘PÐK‘N‹‘N‘NLK‘NLË‘NMË‘NP‹‘NQ‹‘PLË‘PMË‘PNKB‚L‘PP‹‘PQ‘PQ‹‘PŒË‘PË‘P‹‘P‘‹‘PÌK‘PÍK‘PÐ‹‘PÑ‹M‹PËËË‘PÎKB‚L‘QË‘QË‘Q‹‘Q‹‘QLË‘QMË‘QP‹‘QQ‘QQ‹‘QŒË‘P‘‘PÐË‘PÑK‘PÑ‘QLKB‚L‘MÑLK‘QMK‘QNK‘QPË‘QŒ‘QŒ‹‘Q‘QK‘QK‘Q‹‘Q‘QK‘QŒKPLBŸNÃBˆÙ[™YƒBˆÚYˆ‘—ÐÓÑWÔQÑHOHH‘—ÐÓÑWÔQÑHOHBœÝ]XÈÛÛœÝÐÒTˆXÎV×HHÂKÊˆÔJ›Ü™XÊHÈ[šXÛÙHÛÛ™\œÚ[ÛˆX›H
‹ÃB‚LÍËËNKL‹MLMKMËPKP‹NQ‹QKPËÍÍKB‚LÍKM‹Í‹‹Œ‹‹ŽK‘‹‹ËŽLËŒMËNL‹B‚LLKQŒËKŒKKPKK‘‹ŒÌLPË‘ËLKP‹MB‚LNLKNL‹NLËL‹LMŒKMŒ‹MM‹MMKMŒËMLKMMËMQMPËMNLLB‚LLMLÍLËLPËLLÐËMQKMQ‹MPKMMMŽKM‹MŒMLMËMËB‚LMŽMMKMNKMNML‹MLËM‹MKLNLËNNNËNLNB‚LÐŒK‹ÎLËÐÌÐLËÐÌËKÐÍÐM‹ÎNÐNKÐŒŒQKÐÍ‹ÐKŒŒŽKB‚LŒŒKŒKŒKŒŒÌŒŒÌŒKËŒŒŒŒNKËŒŒPKŒÑ‹Œ‹PLLBŸNÃBˆÙ[™YƒBˆÚYˆ‘—ÐÓÑWÔQÑHOHˆ‘—ÐÓÑWÔQÑHOHBœÝ]XÈÛÛœÝÐÒTˆXÎ–×HHÂKÊˆÔŠ\ÜÚX[ŠHÈ[šXÛÙHÛÛ™\œÚ[ÛˆX›H
‹ÃB‚LLLKL‹LËMMKM‹MËNNKPKP‹PËQQKQ‹B‚LŒŒKŒ‹ŒËK‹ËŽŽKK‹Ë‘‘K‘‹B‚LÌÌKÌ‹ÌËÍÍKÍ‹ÍËÎÎKÐKÐ‹ÐËÑÑKÑ‹B‚LNLKNL‹NLËL‹LMŒKMŒ‹MM‹MMKMŒËMLKMMËMQMPËMP‹LLB‚LLMLÍLËLPËLLÐËMQKMQ‹MPKMMMŽKM‹MŒMLMËMËB‚LMŽMMKMNKMNML‹MLËM‹MKLNLËNNNËNLNB‚LK‹ËK‹ËKK‹ËK‹B‚LKLKMËMËKQKŒŒŒNKËŒŒPKŒLM‹MPLLBŸNÃBˆÙ[™YƒBˆÚYˆ‘—ÐÓÑWÔQÑHOHŽH‘—ÐÓÑWÔQÑHOHBœÝ]XÈÛÛœÝÐÒTˆXÎŽV×HHÂKÊˆÔŽJÜ™YZÈŠHÈ[šXÛÙHÛÛ™\œÚ[ÛˆX›H
‹ÃB‚LËËËËËËÎ‹ËËPËM‹ŒNŒNKÎŒMKÎKB‚LÎKÐPKÎËËËÎKÐP‹NKÎ‹Œ‹ŒËÐPËLËÐQÐQKÐQ‹B‚LÐÐKÎLÐÐËÐÑÎLKÎL‹ÎLËÎMÎMKÎM‹ÎMË‘ÎNÎNKP‹‹B‚LNLKNL‹NLËL‹LÎPKÎP‹ÎPËÎQMŒËMLKMMËMQÎQKÎQ‹LLB‚LLMLÍLËLPËLLÐËLÌÐLKMPKMMMŽKM‹MŒMLMËÐLËB‚LÐMÐMKÐM‹ÐMËÐNÐNKÐŒKÐŒ‹ÐŒËLNLËNNÐÐKNB‚LÐ‹ÐËÐŽÐŽKÐKÐ‹ÐËÐ‘Ð‘KÐ‘‹ÐÌÐÌKÐÌËÐÌ‹ÐÍÎB‚LQŒKÐÍKÐÍ‹ÐÍËMËÐÎÎKŒNÐÎKÐÐ‹ÐŒÐÑKPLLBŸNÃBˆÙ[™YƒBƒBƒBƒBƒB‹Ê‹KKKKKKKKKKKKKKKKKKKKKKKKKKKKKKKKKKKKKKKKKKKKKKKKKKKKKKKKKKKKKKKKKKKKKKKJ‹ÃB‹ÊˆÑSHOOˆ[šXÛÙHÛÛ™\œÚ[ÛœÈ›ÜˆÝ]XÈÛÙHYÙHÛÛ™šYÝ\˜][Ûˆ
‹ÃB‹ÊˆÐÔÈš^YÛÙHYÙH
‹ÃB‹Ê‹KKKKKKKKKKKKKKKKKKKKKKKKKKKKKKKKKKKKKKKKKKKKKKKKKKKKKKKKKKKKKKKKKKKKKKKJ‹ÃBƒBˆÚYˆ‘—ÐÓÑWÔQÑHOH	‰ˆ‘—ÐÓÑWÔQÑHLB•ÐÒTˆ™—Ý[šL›Ù[H
KÊˆ™]\›œÈÑSHÛÙHÚ\˜XÝ\‹™\›ÈÛˆ\œ›Üˆ
‹ÃB‚QÓÔ‘][šKKÊˆU‹LMˆ[˜ÛÙYÚ\˜XÝ\ˆÈ™HÛÛ™\Y
‹ÃB‚UÓÔ‘XÜBKÊˆÛÙHYÙH›ÜˆHÛÛ™\œÚ[Ûˆ
‹ÃBŠCBžÃB‚UÐÒTˆÈHÃB‚XÛÛœÝÐÒTˆ
œHÕ•“
XË‘—ÐÓÑWÔQÑJNÃBƒBƒB‚ZYˆ
[šH
HÂKÊˆTÐÒROÈ
‹ÃB‚BXÈH
ÐÒTŠ][šNÃBƒB‚_H[ÙHÂBBKÊˆ›Û‹PTÐÒRH
‹ÃB‚BZYˆ
[šHL	‰ˆÜOH‘—ÐÓÑWÔQÑJHÂKÊˆ\È][ˆ“T[™˜[YÛÙHYÙOÈ
‹ÃB‚BBY›Üˆ
ÈHÈÈ	‰ˆ[šHOHØ×NÈÊÊÊHÃB‚BBXÈH
È
È
H	ˆ‘ŽÃB‚B_CB‚_CBƒB‚\™]\›ˆÎÃBŸCBƒB•ÐÒTˆ™—ÛÙ[L[šH
KÊˆ™]\›œÈ[šXÛÙHÚ\˜XÝ\ˆ[ˆU‹LM‹™\›ÈÛˆ\œ›Üˆ
‹ÃB‚UÐÒT‚[Ù[KKÊˆÑSHÛÙHÈ™HÛÛ™\Y
‹ÃB‚UÓÔ‘XÜBKÊˆÛÙHYÙH›ÜˆHÛÛ™\œÚ[Ûˆ
‹ÃBŠCBžÃB‚UÐÒTˆÈHÃB‚XÛÛœÝÐÒTˆ
œHÕ•“
XË‘—ÐÓÑWÔQÑJNÃBƒBƒB‚ZYˆ
Ù[H
HÂKÊˆTÐÒROÈ
‹ÃB‚BXÈHÙ[NÃBƒB‚_H[ÙHÂBBKÊˆ^[™YÚ\ˆ
‹ÃB‚BZYˆ
ÜOH‘—ÐÓÑWÔQÑJHÂKÊˆ\È]H˜[YÛÙHYÙOÈ
‹ÃB‚BBZYˆ
Ù[HL
HÈHÛÙ[HHNÃB‚B_CB‚_CBƒB‚\™]\›ˆÎÃBŸCBƒBˆÙ[™YƒBƒBƒBƒB‹Ê‹KKKKKKKKKKKKKKKKKKKKKKKKKKKKKKKKKKKKKKKKKKKKKKKKKKKKKKKKKKKKKKKKKKKKKKKJ‹ÃB‹ÊˆÑSHOOˆ[šXÛÙHÛÛ™\œÚ[ÛœÈ›ÜˆÝ]XÈÛÙHYÙHÛÛ™šYÝ\˜][Ûˆ
‹ÃB‹ÊˆÔÈš^YÛÙHYÙH
‹ÃB‹Ê‹KKKKKKKKKKKKKKKKKKKKKKKKKKKKKKKKKKKKKKKKKKKKKKKKKKKKKKKKKKKKKKKKKKKKKKKJ‹ÃBƒBˆÚYˆ‘—ÐÓÑWÔQÑHHLB•ÐÒTˆ™—Ý[šL›Ù[H
KÊˆ™]\›œÈÑSHÛÙHÚ\˜XÝ\‹™\›ÈÛˆ\œ›Üˆ
‹ÃB‚QÓÔ‘][šKKÊˆU‹LMˆ[˜ÛÙYÚ\˜XÝ\ˆÈ™HÛÛ™\Y
‹ÃB‚UÓÔ‘XÜBKÊˆÛÙHYÙH›ÜˆHÛÛ™\œÚ[Ûˆ
‹ÃBŠCBžÃB‚XÛÛœÝÐÒTˆ
œÃB‚UÐÒTˆÈHXÎÃB‚URS•HH‹KNÃBƒBƒB‚ZYˆ
[šH
HÂKÊˆTÐÒROÈ
‹ÃB‚BXÈH
ÐÒTŠ][šNÃBƒB‚_H[ÙHÂBBKÊˆ›Û‹PTÐÒRH
‹ÃB‚BZYˆ
[šHL	‰ˆÜOH‘—ÐÓÑWÔQÑJHÂKÊˆ\È][ˆ“T[™˜[YÛÙHYÙOÈ
‹ÃB‚BB]XÈH
ÐÒTŠ][šNÃB‚BB\HÕ•“
[šL›Ù[K‘—ÐÓÑWÔQÑJNÃB‚BBZHHÚ^™[ÙˆÕ•“
[šL›Ù[K‘—ÐÓÑWÔQÑJHÈHNÃB‚BB[HHÃB‚BBY›Üˆ
ˆHMŽÈŽÈ‹KJHÃB‚BBBZHHH
È
HHJHÈŽÃB‚BBBZYˆ
XÈOHÚH
ˆ—JHœ™XZÎÃB‚BBBZYˆ
XÈˆÚH
ˆ—JHÃB‚BBBB[HHNÃB‚BBB_H[ÙHÃB‚BBBBZHHNÃB‚BBB_CB‚BB_CB‚BBZYˆ
ˆOH
HÈHÚH
ˆˆ
ÈWNÃB‚B_CB‚_CBƒB‚\™]\›ˆÎÃBŸCBƒBƒB•ÐÒTˆ™—ÛÙ[L[šH
KÊˆ™]\›œÈ[šXÛÙHÚ\˜XÝ\ˆ[ˆU‹LM‹™\›ÈÛˆ\œ›Üˆ
‹ÃB‚UÐÒT‚[Ù[KKÊˆÑSHÛÙHÈ™HÛÛ™\Y
‹ÃB‚UÓÔ‘XÜBKÊˆÛÙHYÙH›ÜˆHÛÛ™\œÚ[Ûˆ
‹ÃBŠCBžÃB‚XÛÛœÝÐÒTˆ
œÃB‚UÐÒTˆÈHÃB‚URS•HH‹KNÃBƒBƒB‚ZYˆ
Ù[H
HÂKÊˆTÐÒROÈ
‹ÃB‚BXÈHÙ[NÃBƒB‚_H[ÙHÂBBKÊˆ^[™YÚ\ˆ
‹ÃB‚BZYˆ
ÜOH‘—ÐÓÑWÔQÑJHÂKÊˆ\È]˜[YÛÙHYÙOÈ
‹ÃB‚BB\HÕ•“
Ù[L[šK‘—ÐÓÑWÔQÑJNÃB‚BBZHHÚ^™[ÙˆÕ•“
Ù[L[šK‘—ÐÓÑWÔQÑJHÈHNÃB‚BB[HHÃB‚BBY›Üˆ
ˆHMŽÈŽÈ‹KJHÃB‚BBBZHHH
È
HHJHÈŽÃB‚BBBZYˆ
Ù[HOHÚH
ˆ—JHœ™XZÎÃB‚BBBZYˆ
Ù[HˆÚH
ˆ—JHÃB‚BBBB[HHNÃB‚BBB_H[ÙHÃB‚BBBBZHHNÃB‚BBB_CB‚BB_CB‚BBZYˆ
ˆOH
HÈHÚH
ˆˆ
ÈWNÃB‚B_CB‚_CBƒB‚\™]\›ˆÎÃBŸCBˆÙ[™YƒBƒBƒBƒB‹Ê‹KKKKKKKKKKKKKKKKKKKKKKKKKKKKKKKKKKKKKKKKKKKKKKKKKKKKKKKKKKKKKKKKKKKKKKKJ‹ÃB‹ÊˆÑSHOOˆ[šXÛÙHÛÛ™\œÚ[ÛœÈ›Üˆ[˜[ZXÈÛÙHYÙHÛÛ™šYÝ\˜][Ûˆ
‹ÃB‹Ê‹KKKKKKKKKKKKKKKKKKKKKKKKKKKKKKKKKKKKKKKKKKKKKKKKKKKKKKKKKKKKKKKKKKKKKKKJ‹ÃBƒBˆÚYˆ‘—ÐÓÑWÔQÑHOHBƒBœÝ]XÈÛÛœÝÓÔ‘ÜØÛÙV×HHÈÍËÌŒÌÍËÍÌKÍÍKLL‹MKMËŒŒKŒ‹ŒËK‹ŽKNÃBœÝ]XÈÛÛœÝÐÒTŠˆÛÛœÝÜÝX›V×HHÝXÍÍËXÍÌŒXÍÌÍËXÍÍÌKXÍÍÍKXÎLXÎL‹XÎMKXÎMËXÎŒXÎŒKXÎŒ‹XÎŒËXÎXÎKXÎ‹XÎŽKNÃBƒBƒB•ÐÒTˆ™—Ý[šL›Ù[H
KÊˆ™]\›œÈÑSHÛÙHÚ\˜XÝ\‹™\›ÈÛˆ\œ›Üˆ
‹ÃB‚QÓÔ‘][šKKÊˆU‹LMˆ[˜ÛÙYÚ\˜XÝ\ˆÈ™HÛÛ™\Y
‹ÃB‚UÓÔ‘XÜBKÊˆÛÙHYÙH›ÜˆHÛÛ™\œÚ[Ûˆ
‹ÃBŠCBžÃB‚XÛÛœÝÐÒTˆ
œÃB‚UÐÒTˆÈHXÎÃB‚URS•K‹KNÃBƒBƒB‚ZYˆ
[šH
HÂKÊˆTÐÒROÈ
‹ÃB‚BXÈH
ÐÒTŠ][šNÃBƒB‚_H[ÙHÂBBKÊˆ›Û‹PTÐÒRH
‹ÃB‚BZYˆ
[šHL
HÈÊˆ\È][ˆ“TÈ
‹ÃB‚BB]XÈH
ÐÒTŠ][šNÃB‚BB\HÃB‚BBZYˆ
ÜL
HÂKÊˆÐÔÈ
‹ÃB‚BBBY›Üˆ
HHÈÜØÛÙVÚWHOH	‰ˆÜØÛÙVÚWHOHÜÈJÊÊHÂBKÊˆÙ]ÛÛ™\œÚ[ÛˆX›H
‹ÃB‚BBB\HÜÝX›VÚWNÃB‚BBBZYˆ

HÂKÊˆ\È]˜[YÛÙHYÙHÈ
‹ÃB‚BBBBY›Üˆ
ÈHÈÈ	‰ˆXÈOHØ×NÈÊÊÊHÂKÊˆš[™ÑSHÛÙH[ˆHX›H
‹ÃB‚BBBBXÈH
È
È
H	ˆ‘ŽÃB‚BBB_CB‚BB_H[ÙHÂKÊˆÔÈ
‹ÃB‚BBB\ÝÚ]Ú
Ü
HÂKÊˆÙ]ÛÛ™\œÚ[ÛˆX›H
‹ÃB‚BBBXØ\ÙHLÌˆˆH[šL›Ù[NLÌŽÈHHÚ^™[Ùˆ[šL›Ù[NLÌˆÈHNÈœ™XZÎÃB‚BBBXØ\ÙHLÍˆˆH[šL›Ù[NLÍŽÈHHÚ^™[Ùˆ[šL›Ù[NLÍˆÈHNÈœ™XZÎÃB‚BBBXØ\ÙHMHˆH[šL›Ù[NMNÈHHÚ^™[Ùˆ[šL›Ù[NMHÈHNÈœ™XZÎÃB‚BBBXØ\ÙHMLˆH[šL›Ù[NMLÈHHÚ^™[Ùˆ[šL›Ù[NMLÈHNÈœ™XZÎÃB‚BBB_CB‚BBBZYˆ

HÂKÊˆ\È]˜[YÛÙHYÙOÈ
‹ÃB‚BBBB[HHÃB‚BBBBY›Üˆ
ˆHMŽÈŽÈ‹KJHÂKÊˆš[™ÑSHÛÙH
‹ÃB‚BBBBBZHHH
È
HHJHÈŽÃB‚BBBBBZYˆ
XÈOHÚH
ˆ—JHœ™XZÎÃB‚BBBBBZYˆ
XÈˆÚH
ˆ—JHÃB‚BBBBBB[HHNÃB‚BBBBB_H[ÙHÃB‚BBBBBBZHHNÃB‚BBBBB_CB‚BBBB_CB‚BBBBZYˆ
ˆOH
HÈHÚH
ˆˆ
ÈWNÃB‚BBB_CB‚BB_CB‚B_CB‚_CBƒB‚\™]\›ˆÎÃBŸCBƒBƒB•ÐÒTˆ™—ÛÙ[L[šH
KÊˆ™]\›œÈ[šXÛÙHÚ\˜XÝ\ˆ[ˆU‹LM‹™\›ÈÛˆ\œ›Üˆ
‹ÃB‚UÐÒT‚[Ù[KKÊˆÑSHÛÙHÈ™HÛÛ™\Y
ÈYˆLL
H
‹ÃB‚UÓÔ‘XÜBKÊˆÛÙHYÙH›ÜˆHÛÛ™\œÚ[Ûˆ
‹ÃBŠCBžÃB‚XÛÛœÝÐÒTˆ
œÃB‚UÐÒTˆÈHÃB‚URS•K‹KNÃBƒBƒB‚ZYˆ
Ù[H
HÂKÊˆTÐÒROÈ
‹ÃB‚BXÈHÙ[NÃBƒB‚_H[ÙHÂBBKÊˆ^[™YÚ\ˆ
‹ÃB‚B\HÃB‚BZYˆ
ÜL
HÂKÊˆÐÔÈ
‹ÃB‚BBY›Üˆ
HHÈÜØÛÙVÚWHOH	‰ˆÜØÛÙVÚWHOHÜÈJÊÊHÂBKÊˆÙ]X›H
‹ÃB‚BB\HÜÝX›VÚWNÃB‚BBZYˆ

HÂKÊˆ\È]H˜[YÔÈ
‹ÃB‚BBBZYˆ
Ù[HL
HÈHÛÙ[HHNÃB‚BB_CB‚B_H[ÙHÂKÊˆÔÈ
‹ÃB‚BB\ÝÚ]Ú
Ü
HÃB‚BBXØ\ÙHLÌˆˆHÙ[L[šNLÌŽÈHHÚ^™[ÙˆÙ[L[šNLÌˆÈHNÈœ™XZÎÃB‚BBXØ\ÙHLÍˆˆHÙ[L[šNLÍŽÈHHÚ^™[ÙˆÙ[L[šNLÍˆÈHNÈœ™XZÎÃB‚BBXØ\ÙHMHˆHÙ[L[šNMNÈHHÚ^™[ÙˆÙ[L[šNMHÈHNÈœ™XZÎÃB‚BBXØ\ÙHMLˆHÙ[L[šNMLÈHHÚ^™[ÙˆÙ[L[šNMLÈHNÈœ™XZÎÃB‚BB_CB‚BBZYˆ

HÃB‚BBB[HHÃB‚BBBY›Üˆ
ˆHMŽÈŽÈ‹KJHÃB‚BBBBZHHH
È
HHJHÈŽÃB‚BBBBZYˆ
Ù[HOHÚH
ˆ—JHœ™XZÎÃB‚BBBBZYˆ
Ù[HˆÚH
ˆ—JHÃB‚BBBBB[HHNÃB‚BBBB_H[ÙHÃB‚BBBBBZHHNÃB‚BBBB_CB‚BBB_CB‚BBBZYˆ
ˆOH
HÈHÚH
ˆˆ
ÈWNÃB‚BB_CB‚B_CB‚_CBƒB‚\™]\›ˆÎÃBŸCBˆÙ[™YƒBƒBƒBƒB‹Ê‹KKKKKKKKKKKKKKKKKKKKKKKKKKKKKKKKKKKKKKKKKKKKKKKKKKKKKKKKKKKKKKKKKKKKKKKJ‹ÃB‹Êˆ[šXÛÙH\XØ\ÙHÛÛ™\œÚ[Ûˆ
‹ÃB‹Ê‹KKKKKKKKKKKKKKKKKKKKKKKKKKKKKKKKKKKKKKKKKKKKKKKKKKKKKKKKKKKKKKKKKKKKKKKJ‹ÃBƒB‘ÓÔ‘™—ÝÝÝ\\ˆ
KÊˆ™]\›œÈ\XÛÛ™\YÛÙHÚ[
‹ÃB‚QÓÔ‘[šBBKÊˆ[šXÛÙHÛÙHÚ[È™H\XÛÛ™\Y
‹ÃBŠCBžÃB‚XÛÛœÝÓÔ‘
œÃB‚UÓÔ‘XË˜Ë˜ËÛYÃB‚\Ý]XÈÛÛœÝÓÔ‘ÝV×HHÂKÊˆÛÛ\™\ÜÙY\ÛÛ™\œÚ[ÛˆX›H›ÜˆJÌHJÌ‘‘ˆ
‹ÃB‚BKÊˆ˜\ÚXÈ][ˆ
‹ÃB‚BLŒKÌPKB‚BKÊˆ][‹LHÝ\[Y[
‹ÃB‚BLLÌMËB‚BLŽÌËB‚BL‘‹KMÎB‚BKÊˆ][ˆ^[™YPH
‹ÃB‚BLLLÌB‚BLLÌ‹L‹B‚BLLÎKLLB‚BLMKL‘KB‚BLMÎKL‹B‚BKÊˆ][ˆ^[™YPˆ
‹ÃB‚BLNËNKN‹N‹NNN‹NËNËNKNKN‹N‹NNKN‹NLNLKNLKNLËNMQ‹NM‹NMËNNNNŒÑNP‹NPËNQŒŒNQ‹PLPLPL‹PL‹PMPMPM‹PMËPMËPNKPPKPP‹PPËPPËPQKPQ‹PQ‹PŒKPŒ‹PŒËPŒËPKPKPËPŽPŽPKP‹PËPËP‘KQËPÌPÌKPÌ‹PÌËPÍPÍKPÍPÍËPÎPÍËPÐKPÐ‹PÐKB‚BLPÑLLB‚BLQKNKB‚BLQKLL‹B‚BLQŒËËQŒKQQB‚BLQŽLŽB‚BLŒŒ‹LL‹B‚BLŒÐKKÍKŒÐ‹ŒÐ‹ŒÑÍ‹ŒÑ‹KKB‚BL‹LKB‚BKÊˆTH^[œÚ[ÛœÈ
‹ÃB‚BLLËNKN‹MKNKNKNN‹PKNLPËQQKQ‹NLËŒKŒ‹NMK‹ËNMËNM‹KÍŒ‹Ë‘‘KNPËÌÌKNQÌËÍNQ‹Í‹ÍËÎÎKÐKÐ‹ÐËÍÑKÑ‹PM‹ŽKŽ‹PNKŽŽKŽ‹ŽËPQKPŒKPŒ‹KŽŽKŽ‹ŽLŽLKPËB‚BKÊˆÜ™YZËÛÜXÈ
‹ÃB‚BLÍÐ‹ËÑ‘Ñ‘KÑ‘‹B‚BLÐPËÎ‹ÎÎKÎKB‚BLÐŒKÌLKB‚BLÐÌ‹‹ÐLËÐLËB‚BLÐÍÌB‚BLÐÐËËÎËÎKÎ‹B‚BLÑLNB‚BLÑŒ‹KÑŽKÑŒËÑÑKÑ‹ÑËÑËÑŽKÑKÑKB‚BKÊˆÞ\š[XÈ
‹ÃB‚BLÌÌŒB‚BLLÌLB‚BLŒLŒ‹B‚BLKLÍ‹B‚BLÌKLKB‚BLÑ‹KÌB‚BLMB‚BKÊˆ\›Y[šX[ˆ
‹ÃB‚BLMŒK‹BƒB‚BLKÊˆSÕ
‹ÃB‚_NÃB‚\Ý]XÈÛÛœÝÓÔ‘Ý–×HHÂKÊˆÛÛ\™\ÜÙY\ÛÛ™\œÚ[ÛˆX›H›ÜˆJÌLHJÑ‘‘‘ˆ
‹ÃB‚BKÊˆÛ™]XÈ^[œÚ[ÛœÈ
‹ÃB‚BLQÑKÍŒËB‚BKÊˆ][ˆ^[™YY][Û˜[
‹ÃB‚BLQLNM‹B‚BLQPLMPKB‚BKÊˆÜ™YZÈ^[™Y
‹ÃB‚BLQŒŒB‚BLQŒLŒ‹B‚BLQŒŒŒB‚BLQŒÌŒB‚BLQŒ‹B‚BLQLKËQNKQL‹QP‹QMQQQM‹QQ‹B‚BLQŒŒB‚BLQÌKQKQ‹QÎQÎKQÐKQÐ‹Q‘KQ‘‹Q‘ŽQ‘ŽKQ‘PKQ‘P‹Q‘KQ‘‹B‚BLQŽŒB‚BLQŽLŒB‚BLQLŒB‚BLQŒQŽQŽKQŒ‹QËB‚BLQÐËKQÌËB‚BLQ‘Œ‹B‚BLQ‘LŒ‹B‚BLQ‘MKKQ‘PËB‚BLQ‘ŒËKQ‘ËB‚BKÊˆ]\›ZÙHÞ[X›ÛÈ
‹ÃB‚BLŒMKKŒLÌ‹B‚BKÊˆ[X™\ˆ›Ü›\È
‹ÃB‚BLŒMÌŒLB‚BLŒNKŒNËB‚BKÊˆ[˜ÛÜÙY[[[Y\šXÜÈ
‹ÃB‚BLLPKB‚BLÌÌ‘‹B‚BKÊˆ][ˆ^[™YPÈ
‹ÃB‚BLÍŒL‹B‚BLÍËL‹ÍÍKL‹B‚BKÊˆÛÜXÈ
‹ÃB‚BLÎMB‚BKÊˆÙ[Ü™ÚX[ˆÝ\[Y[
‹ÃB‚BL‘‹B‚BKÊˆ[]ÚY
‹ÃB‚BL‘KÌPKBƒB‚BLKÊˆSÕ
‹ÃB‚_NÃBƒBƒB‚ZYˆ
[šHL
HÂKÊˆ\È][ˆ“TÈ
‹ÃB‚B]XÈH
ÓÔ‘
][šNÃB‚B\HXÈLÈÝHˆÝŽÃB‚BY›Üˆ
ÎÊHÃB‚BBX˜ÈH
œ
ÊÎÂBBBBBBBKÊˆÙ]H›ØÚÈ˜\ÙH
‹ÃB‚BBZYˆ
˜ÈOHXÈ˜ÊHœ™XZÎÂBBKÊˆ›ÝX]ÚYÈ
‹ÃB‚BB[˜ÈH
œ
ÊÎÈÛYH˜ÈˆÈ˜È	H‘ŽÂKÊˆÙ]›ØÙ\ÜÚ[™ÈÛÛ[X[™[™›ØÚÈÚ^™H
‹ÃB‚BBZYˆ
XÈ˜È
È˜ÊHÂKÊˆ[ˆH›ØÚÏÈ
‹ÃB‚BBB\ÝÚ]Ú
ÛY
HÃB‚BBBXØ\ÙH‚]XÈHÝXÈH˜×NÈœ™XZÎÂBKÊˆX›HÛÛ™\œÚ[Ûˆ
‹ÃB‚BBBXØ\ÙHN‚]XÈOH
XÈH˜ÊH	ˆNÈœ™XZÎÂKÊˆØ\ÙHZ\œÈ
‹ÃB‚BBBXØ\ÙHŽˆXÈOHMŽÈœ™XZÎÂBBKÊˆÚYLMˆ
‹ÃB‚BBBXØ\ÙHÎ‚]XÈOHÌŽÈœ™XZÎÂBBKÊˆÚYLÌˆ
‹ÃB‚BBBXØ\ÙH‚]XÈOHÈœ™XZÎÂBBKÊˆÚYM
‹ÃB‚BBBXØ\ÙHN‚]XÈOHŽÈœ™XZÎÂBBKÊˆÚYLˆ
‹ÃB‚BBBXØ\ÙHŽ‚]XÈ
ÏHÈœ™XZÎÂBBBKÊˆÚY
Î
‹ÃB‚BBBXØ\ÙHÎˆXÈOHÈœ™XZÎÂBBKÊˆÚYN
‹ÃB‚BBBXØ\ÙH‚]XÈOHPÍŒÈœ™XZÎÂBKÊˆÚYLPÍŒ
‹ÃB‚BBB_CB‚BBBXœ™XZÎÃB‚BB_CB‚BBZYˆ
ÛYOH
H
ÏH˜ÎÂKÊˆÚÚ\X›HYˆ™YYY
‹ÃB‚B_CB‚B][šHHXÎÃB‚_CBƒB‚\™]\›ˆ[šNÃBŸCBƒBƒBˆÙ[™YˆÊˆÚYˆ‘—ÕTÑWÓ“ˆ
‹ÃB